time,pixel,ra,dec,prob,prob_stage2
464143126.6193166,10590.0,131.89655172413794,-46.5718474134496,0.2011180818080902,0.6901843547821045
464145526.6193166,1799.0,178.5,44.99388015045713,0.0550080798566341,0.5749636292457581
464156926.6193166,1283.0,300.6,52.801853781730635,0.0513132438063621,0.9414083361625671
464158726.6193166,2458.0,253.125,37.16889965599945,0.8954654932022095,0.845988929271698
464158726.6193166,6185.0,296.71874999999994,0.0,0.0795627534389495,0.5463544130325317
464159326.6193166,7075.0,278.4375,-8.385538647081319,0.075846366584301,0.9127745628356934
464166526.6193166,3549.0,82.96875,24.62431835216408,0.1193181499838829,0.6707367300987244
464166526.6193166,3805.0,82.96875,22.02431283704216,0.0570454597473144,0.5884112119674683
464169526.6193166,7452.0,260.15625,-12.024699180565818,0.0811422169208526,0.6945499181747437
464170126.6193166,4665.0,341.71874999999994,14.47751218592994,0.0544818378984928,0.7480776906013489
464171326.6193166,905.0,280.7142857142857,58.91977535280315,0.9735087156295776,0.6344510912895203
464173126.6193166,7276.0,123.75,-10.806922874860348,0.0750125870108604,0.6632298827171326
464177326.6193166,8936.0,113.90625,-27.27961273597809,0.1731211990118026,0.545906126499176
464178526.6193166,1676.0,162.9310344827586,46.57184741344958,0.0617344751954078,0.6522721648216248
464182126.6193166,1487.0,278.3333333333333,49.70239032663069,0.0538061335682868,0.9214832186698914
464182126.6193166,3407.0,42.18749999999999,25.94447977237,0.0648616924881935,0.7757837176322937
464185126.6193166,7787.0,120.9375,-15.713861048008212,0.1031193360686302,0.619777262210846
464185126.6193166,10479.0,154.49999999999997,-44.99388015045713,0.1342520266771316,0.6413239240646362
464185726.6193166,10221.0,127.96874999999996,-41.81031489577862,0.0643097385764122,0.631184995174408
464185726.6193166,10588.0,125.68965517241378,-46.5718474134496,0.900933027267456,0.7256777286529541
464188726.6193166,10590.0,131.89655172413794,-46.5718474134496,0.112544298171997,0.578890860080719
464189926.6193166,1184.0,301.875,54.340912303861245,0.0503330491483211,0.9077117443084717
464195926.6193166,10590.0,131.89655172413794,-46.5718474134496,0.3329159319400787,0.5132750868797302
464198326.6193166,11109.0,80.625,-54.340912303861245,0.1092346459627151,0.7218156456947327
464205526.6193166,2257.0,49.21875,38.68218745348943,0.8640074133872986,0.7099700570106506
464205526.6193166,5830.0,18.281250000000004,2.388015463268772,0.0715275034308433,0.860074520111084
464211526.6193166,11993.0,131.25,-72.38756092964962,0.0619551390409469,0.9428048729896545
464212126.6193166,4322.0,97.03125,16.957763300004146,0.2198079973459243,0.5013689994812012
464212726.6193166,3934.0,84.37499999999999,20.74237995448715,0.1194412559270858,0.621303141117096
464215726.6193166,2108.0,350.15625,41.8103148957786,0.1166593506932258,0.6818515062332153
464216326.6193166,2108.0,350.15625,41.8103148957786,0.5353435277938843,0.5749460458755493
464218126.6193166,4066.0,97.03125,19.47122063449069,0.5613893270492554,0.7099235653877258
464218126.6193166,4067.0,99.84375,19.47122063449069,0.0960413664579391,0.8503080010414124
464218126.6193166,4195.0,98.4375,18.209956864283,0.0775517299771308,0.6487026810646057
464218126.6193166,4196.0,101.25,18.209956864283,0.8616388440132141,0.8741532564163208
464231926.6193166,7713.0,274.21875,-14.477512185929925,0.7913205623626709,0.5113142728805542
464232526.6193166,7713.0,274.21875,-14.477512185929925,0.425735205411911,0.5486453771591187
464236726.6193166,6298.0,253.125,-1.1937484371410818,0.0526001565158367,0.5377957224845886
464240326.6193166,4436.0,56.249999999999986,15.713861048008212,0.1349449604749679,0.8338884115219116
464240926.6193166,9691.0,77.34375,-35.68533471265205,0.3308299779891968,0.7222422957420349
464241526.6193166,9691.0,77.34375,-35.68533471265205,0.166988730430603,0.7100792527198792
464242726.6193166,11469.0,96.75,-60.4344388449523,0.0994332134723663,0.9201329946517944
464246326.6193166,4195.0,98.4375,18.209956864283,0.0610987767577171,0.5169519782066345
464252326.6193166,3805.0,82.96875,22.02431283704216,0.2087135463953018,0.594002902507782
464252326.6193166,3806.0,85.78124999999999,22.02431283704216,0.0611788146197795,0.8310180902481079
464261926.6193166,5558.0,331.875,5.979156796301311,0.0937004536390304,0.6919699311256409
464264326.6193166,4450.0,95.625,15.713861048008212,0.0887965559959411,0.8531967997550964
464266726.6193166,7586.0,275.625,-13.248014905676952,0.2157501876354217,0.5412701368331909
464269126.6193166,10703.0,126.96428571428572,-48.1412077943603,0.8420525789260864,0.6641598343849182
464270926.6193166,25.0,33.74999999999999,84.14973293629664,0.0992549955844879,0.6234399676322937
464275126.6193166,3805.0,82.96875,22.02431283704216,0.1028867810964584,0.6470025181770325
464281126.6193166,746.0,296.05263157894734,61.9438370231567,0.1354684382677078,0.533760130405426
464281726.6193166,2779.0,77.34375,32.79716829582364,0.6521409153938293,0.7052741050720215
464298526.6193166,4322.0,97.03125,16.957763300004146,0.1228620931506156,0.9997184872627258
464298526.6193166,4323.0,99.84375,16.957763300004146,0.3303882479667663,0.9965903759002686
464299126.6193166,4322.0,97.03125,16.957763300004146,0.0841412991285324,0.7773512601852417
464299126.6193166,4323.0,99.84375,16.957763300004146,0.2650843858718872,0.7522403001785278
464308726.6193166,2001.0,49.21874999999999,41.8103148957786,0.2913481593132019,0.5766725540161133
464316526.6193166,5911.0,246.09374999999991,2.388015463268772,0.057346899062395,0.7049950957298279
464318326.6193166,7076.0,281.24999999999994,-8.385538647081319,0.0940034762024879,0.5555089116096497
464320126.6193166,2996.0,326.24999999999994,31.38816646434855,0.0796623304486274,0.9204119443893433
464320726.6193166,819.0,267.75,60.43443884495228,0.2443086802959442,0.7124752402305603
464320726.6193166,3933.0,81.56249999999999,20.742379954487134,0.0857097879052162,0.6461184620857239
464320726.6193166,5720.0,67.5,3.583321698471977,0.2842304706573486,0.5855628848075867
464337526.6193166,11467.0,87.75,-60.4344388449523,0.0621771812438964,0.6498578190803528
464341726.6193166,2213.0,284.0625,40.228184728061095,0.6616840958595276,0.5880628824234009
464348326.6193166,11949.0,176.53846153846152,-70.90666664467562,0.0693954974412918,0.9254092574119568
464351926.6193166,3343.0,223.59374999999997,27.27961273597809,0.0569522678852081,0.6539754271507263
464353126.6193166,6056.0,292.5,1.1937484371410818,0.0663209855556488,0.5211025476455688
464353726.6193166,4539.0,345.9375,15.713861048008212,0.8953981399536133,0.5108344554901123
464354926.6193166,665.0,267.5,63.44828368030106,0.0623981393873691,0.5963616371154785
464355526.6193166,10588.0,125.68965517241378,-46.5718474134496,0.1636247038841247,0.7514466047286987
464357326.6193166,11469.0,96.75,-60.4344388449523,0.1750673055648803,0.5240593552589417
464362126.6193166,2827.0,212.34374999999997,32.79716829582364,0.0599910840392112,0.7560150623321533
464363326.6193166,1086.0,291.52173913043475,55.873350435251986,0.1782780140638351,0.6048193573951721
464363326.6193166,2722.0,275.625,34.22886632781258,0.0603085048496723,0.5116288065910339
464366926.6193166,12082.0,130.5,-75.34073424154306,0.1565576195716858,0.851814866065979
464367526.6193166,12082.0,130.5,-75.34073424154306,0.2027997225522995,0.922257125377655
464371726.6193166,10588.0,125.68965517241378,-46.5718474134496,0.1883663386106491,0.5770960450172424
464377126.6193166,4538.0,343.12499999999994,15.713861048008212,0.0526079125702381,0.9740577936172485
464379526.6193166,10589.0,128.79310344827587,-46.5718474134496,0.534967839717865,0.6434997320175171
464381926.6193166,11644.0,202.49999999999997,-63.448283680301046,0.116447165608406,0.8572377562522888
464382526.6193166,4323.0,99.84375,16.957763300004146,0.0864064022898674,0.6567414999008179
464391526.6193166,11498.0,227.25,-60.4344388449523,0.1291749626398086,0.6338574290275574
464401726.6193166,10347.0,126.29032258064515,-43.40685848593699,0.3987388014793396,0.7459781765937805
464402326.6193166,10347.0,126.29032258064515,-43.40685848593699,0.3318651914596557,0.98313969373703
464402326.6193166,10470.0,127.5,-44.99388015045713,0.0960291028022766,0.8541507124900818
464402326.6193166,10588.0,125.68965517241378,-46.5718474134496,0.2318109571933746,0.9999076128005981
464402326.6193166,11386.0,96.42857142857144,-58.91977535280316,0.0779182985424995,0.5567083954811096
464405926.6193166,9814.0,61.87499999999999,-37.168899655999454,0.0762451589107513,0.7340842485427856
464414326.6193166,11045.0,207.0,-52.801853781730614,0.3195886313915252,0.5535135865211487
464414926.6193166,10955.0,247.50000000000003,-51.25580694880492,0.9590317010879515,0.6617094278335571
464419726.6193166,1087.0,295.4347826086956,55.873350435251986,0.0783773213624954,0.571626603603363
464421526.6193166,1826.0,259.5,44.99388015045713,0.0864615440368652,0.5942618250846863
464423926.6193166,3805.0,82.96875,22.02431283704216,0.0856281965970993,0.8811658620834351
464433526.6193166,4282.0,343.12499999999994,18.209956864283,0.1221791133284568,0.8657227158546448
464433526.6193166,5165.0,307.96875,9.594068226860458,0.0549651607871055,0.5820733308792114
464435926.6193166,10221.0,127.96874999999996,-41.81031489577862,0.1504964828491211,0.9659578800201416
464435926.6193166,10347.0,126.29032258064515,-43.40685848593699,0.5057169795036316,0.9978430271148682
464435926.6193166,10470.0,127.5,-44.99388015045713,0.0984025672078132,0.7718201875686646
464436526.6193166,10347.0,126.29032258064515,-43.40685848593699,0.2622214555740356,0.6416503190994263
464440726.6193166,11372.0,36.42857142857144,-58.91977535280316,0.0502987205982208,0.6730195879936218
464443126.6193166,5038.0,309.375,10.806922874860348,0.2187192440032959,0.7035923004150391
464444926.6193166,4665.0,341.71874999999994,14.47751218592994,0.0678021758794784,0.8723024129867554
464444926.6193166,4666.0,344.53125,14.477512185929925,0.2701286673545837,0.673803985118866
464447326.6193166,5603.0,99.84375,4.780191847199163,0.3786994516849518,0.542094886302948
464456326.6193166,4538.0,343.12499999999994,15.713861048008212,0.0594730041921138,0.5678002834320068
464458726.6193166,9062.0,106.875,-28.630989836924357,0.2114851027727127,0.5167552828788757
464458726.6193166,10471.0,130.5,-44.99388015045713,0.1382337361574173,0.9053774476051331
464458726.6193166,10699.0,114.10714285714286,-48.1412077943603,0.0649637877941131,0.5054957866668701
464459326.6193166,10470.0,127.5,-44.99388015045713,0.0510228015482425,0.5720043778419495
464459326.6193166,10471.0,130.5,-44.99388015045713,0.0911974534392356,0.6312723159790039
464459326.6193166,10589.0,128.79310344827587,-46.5718474134496,0.1660815626382827,0.7658229470252991
464463526.6193166,4067.0,99.84375,19.47122063449069,0.1314103305339813,0.653396725654602
464463526.6193166,4322.0,97.03125,16.957763300004146,0.1432221084833145,0.621460497379303
464464126.6193166,4067.0,99.84375,19.47122063449069,0.1554446518421173,0.5176525712013245
464481526.6193166,8938.0,119.53125,-27.27961273597809,0.0737732574343681,0.5166460275650024
464482126.6193166,9193.0,116.71875,-30.000000000000018,0.3053576350212097,0.5438051819801331
464482726.6193166,11114.0,99.375,-54.340912303861245,0.721718430519104,0.5982187986373901
464488726.6193166,5537.0,272.8125,5.979156796301311,0.129726156592369,0.5076613426208496
464489326.6193166,5537.0,272.8125,5.979156796301311,0.1214344203472137,0.6361101865768433
464494126.6193166,10588.0,125.68965517241378,-46.5718474134496,0.1868268400430679,0.8002246618270874
464494726.6193166,10588.0,125.68965517241378,-46.5718474134496,0.0934850051999092,0.774966299533844
464495326.6193166,12146.0,28.125,-78.28414760510762,0.4022721350193023,0.7166547179222107
464495926.6193166,10630.0,256.0344827586207,-46.5718474134496,0.1119649782776832,0.5235581994056702
464497726.6193166,4452.0,101.25,15.713861048008212,0.3733776211738586,0.5552539229393005
464497726.6193166,10589.0,128.79310344827587,-46.5718474134496,0.0558367408812046,0.5020956993103027
464498326.6193166,4452.0,101.25,15.713861048008212,0.7365198135375977,0.5088649988174438
464500126.6193166,3363.0,279.84375,27.27961273597809,0.102942369878292,0.5362220406532288
464501326.6193166,5416.0,293.90625,7.180755781458288,0.0978632718324661,0.6660183668136597
464504326.6193166,10588.0,125.68965517241378,-46.5718474134496,0.2983394861221313,0.6547291278839111
464504926.6193166,10588.0,125.68965517241378,-46.5718474134496,0.1490649878978729,0.5194495320320129
464506126.6193166,11342.0,272.04545454545456,-57.39952353962295,0.0589586943387985,0.5912269949913025
464506726.6193166,10026.0,299.53125,-38.68218745348943,0.1273993104696273,0.8488962054252625
464506726.6193166,11221.0,146.73913043478262,-55.87335043525198,0.1374047994613647,0.5510736703872681
464507326.6193166,10026.0,299.53125,-38.68218745348943,0.0741912350058555,0.7408304214477539
464513926.6193166,4283.0,345.9375,18.209956864283,0.1174273267388343,0.952170729637146
464513926.6193166,4538.0,343.12499999999994,15.713861048008212,0.0671877786517143,0.7329424023628235
464514526.6193166,817.0,258.75000000000006,60.43443884495228,0.4974173903465271,0.8355239033699036
464515726.6193166,10588.0,125.68965517241378,-46.5718474134496,0.1931339651346206,0.9922587275505066
464516326.6193166,10588.0,125.68965517241378,-46.5718474134496,0.1514755189418792,0.9998329877853394
464519326.6193166,7645.0,82.96875,-14.47751218592994,0.1488353013992309,0.7811218500137329
464523526.6193166,6292.0,236.25,-1.1937484371410818,0.1206958144903183,0.8511263728141785
464528326.6193166,11623.0,97.5,-63.448283680301046,0.0582025200128555,0.5424586534500122
464532526.6193166,4323.0,99.84375,16.957763300004146,0.1678238362073898,0.627852201461792
464533126.6193166,4490.0,208.12499999999997,15.713861048008212,0.188888594508171,0.7044797539710999
464536726.6193166,4782.0,309.375,13.248014905676952,0.2506588697433471,0.7234585881233215
464540926.6193166,10869.0,311.6666666666667,-49.702390326630706,0.0744736492633819,0.8280558586120605
464541526.6193166,10869.0,311.6666666666667,-49.702390326630706,0.077944166958332,0.7169241309165955
464542726.6193166,11602.0,352.89473684210526,-61.94383702315673,0.0546487346291542,0.8235553503036499
464543326.6193166,11602.0,352.89473684210526,-61.94383702315673,0.0590270571410656,0.9334251880645752
464543926.6193166,10703.0,126.96428571428572,-48.1412077943603,0.6066585779190063,0.6110324859619141
464550526.6193166,10588.0,125.68965517241378,-46.5718474134496,0.1227557882666587,0.8930146098136902
464554726.6193166,9941.0,60.46875,-38.68218745348943,0.0797287672758102,0.563698410987854
464559526.6193166,4009.0,295.3125,20.742379954487134,0.1984506696462631,0.5550217032432556
464571526.6193166,3921.0,47.8125,20.74237995448715,0.1082707792520523,0.7566317319869995
464572726.6193166,4323.0,99.84375,16.957763300004146,0.1730400621891021,0.7747188806533813
464572726.6193166,4451.0,98.4375,15.713861048008212,0.9462113380432128,0.7471827864646912
464573326.6193166,4451.0,98.4375,15.713861048008212,0.9692432284355164,0.8710638284683228
464573326.6193166,10335.0,91.4516129032258,-43.40685848593699,0.083174742758274,0.9392480254173279
464578726.6193166,4588.0,125.15625,14.477512185929925,0.1068678945302963,0.7063235640525818
464581126.6193166,6560.0,270.0,-3.583321698471977,0.4819952547550201,0.5063405632972717
464587126.6193166,9368.0,247.49999999999997,-31.388166464348544,0.1447373181581497,0.5527228713035583
464596126.6193166,7272.0,112.5,-10.806922874860348,0.0860636904835701,0.6299968957901001
464596726.6193166,10347.0,126.29032258064515,-43.40685848593699,0.242533802986145,0.9523806571960449
464599726.6193166,10422.0,344.0322580645161,-43.40685848593699,0.056622389703989,0.8263413310050964
464603326.6193166,5535.0,267.1875,5.979156796301311,0.73885577917099,0.7387591004371643
464609926.6193166,9767.0,291.09375,-35.68533471265205,0.4424977302551269,0.8517076969146729
464612326.6193166,4323.0,99.84375,16.957763300004146,0.2533276677131653,0.5144988298416138
464614726.6193166,5665.0,274.21875,4.780191847199163,0.1064722165465354,0.7225897312164307
464615926.6193166,4410.0,344.53125,16.957763300004146,0.0670171901583671,0.9892860054969788
464615926.6193166,4538.0,343.12499999999994,15.713861048008212,0.2107197493314743,0.8218176960945129
464615926.6193166,4666.0,344.53125,14.477512185929925,0.5512728095054626,0.6201728582382202
464616526.6193166,3628.0,305.15625,24.62431835216408,0.1045156270265579,0.5204481482505798
464616526.6193166,4282.0,343.12499999999994,18.209956864283,0.0504516884684562,0.6382839679718018
464616526.6193166,4410.0,344.53125,16.957763300004146,0.0515289902687072,0.9989246726036072
464616526.6193166,4538.0,343.12499999999994,15.713861048008212,0.3124985694885254,0.981077253818512
464616526.6193166,4666.0,344.53125,14.477512185929925,0.4826862514019012,0.9910368919372559
464617126.6193166,4538.0,343.12499999999994,15.713861048008212,0.2951846122741699,0.5920715928077698
464629726.6193166,4322.0,97.03125,16.957763300004146,0.0632076859474182,0.8928425908088684
464635126.6193166,6491.0,75.9375,-3.583321698471977,0.069605566561222,0.5825762748718262
464638726.6193166,7714.0,277.03124999999994,-14.477512185929925,0.480403184890747,0.6698576807975769
464638726.6193166,7970.0,277.03124999999994,-16.957763300004146,0.6413973569869995,0.5417367815971375
464639326.6193166,1376.0,264.8076923076923,51.25580694880489,0.2365584820508957,0.504113495349884
464639326.6193166,4410.0,344.53125,16.957763300004146,0.0678747594356536,0.8964477181434631
464639926.6193166,434.0,87.00000000000001,67.93492864899142,0.0833720043301582,0.5656687021255493
464639926.6193166,4410.0,344.53125,16.957763300004146,0.3968755900859833,0.6451900005340576
464641126.6193166,2603.0,302.34374999999994,35.68533471265204,0.0676228329539299,0.9177929162979126
464642326.6193166,10589.0,128.79310344827587,-46.5718474134496,0.0831872969865799,0.9984598159790039
464642326.6193166,10590.0,131.89655172413794,-46.5718474134496,0.4657408893108368,0.8550090789794922
464646526.6193166,3678.0,84.37499999999999,23.31795706533424,0.052097663283348,0.67991042137146
464646526.6193166,3805.0,82.96875,22.02431283704216,0.0964862182736396,0.825135350227356
464646526.6193166,3933.0,81.56249999999999,20.742379954487134,0.3187624514102936,0.928574800491333
464647126.6193166,3933.0,81.56249999999999,20.742379954487134,0.1958520710468292,0.9979707598686218
464653126.6193166,10588.0,125.68965517241378,-46.5718474134496,0.1056588217616081,0.5227333903312683
464657926.6193166,4430.0,39.375,15.713861048008212,0.0822671428322792,0.580902636051178
464663326.6193166,1623.0,358.39285714285717,48.14120779436029,0.0575260147452354,0.7817463874816895
464666326.6193166,10590.0,131.89655172413794,-46.5718474134496,0.1575209200382232,0.8091291189193726
464671126.6193166,821.0,276.75,60.43443884495228,0.0545348487794399,0.6112391948699951
464672926.6193166,3624.0,293.90625,24.62431835216408,0.091340385377407,0.7438272833824158
464673526.6193166,6052.0,281.24999999999994,1.1937484371410818,0.1626654267311096,0.6836646199226379
464684926.6193166,4539.0,345.9375,15.713861048008212,0.0629339069128036,0.5812397003173828
464685526.6193166,4538.0,343.12499999999994,15.713861048008212,0.0588865987956523,0.602928638458252
464689726.6193166,11206.0,88.04347826086958,-55.87335043525198,0.1362807303667068,0.6007288694381714
464690926.6193166,9313.0,92.8125,-31.388166464348544,0.1182808429002761,0.777387797832489
464691526.6193166,9313.0,92.8125,-31.388166464348544,0.1392163783311844,0.7489894032478333
464691526.6193166,11279.0,14.318181818181822,-57.39952353962295,0.1597287505865097,0.649906575679779
464695726.6193166,4121.0,251.71875,19.47122063449069,0.1337546557188034,0.5325688719749451
464699326.6193166,10347.0,126.29032258064515,-43.40685848593699,0.3355657458305359,0.5557813048362732
464699326.6193166,10588.0,125.68965517241378,-46.5718474134496,0.2484024465084076,0.7036842107772827
464702926.6193166,5975.0,64.6875,1.1937484371410818,0.2844058573246002,0.5051308870315552
464707126.6193166,5033.0,295.3125,10.806922874860348,0.164581686258316,0.6060632467269897
464708926.6193166,2627.0,8.4375,34.228866327812575,0.2989490926265716,0.7447941899299622
464709526.6193166,2627.0,8.4375,34.228866327812575,0.3194178640842438,0.951199471950531
464710126.6193166,4322.0,97.03125,16.957763300004146,0.0541716888546943,0.9456477761268616
464710126.6193166,4451.0,98.4375,15.713861048008212,0.9815508127212524,0.6839740872383118
464726326.6193166,3549.0,82.96875,24.62431835216408,0.067575991153717,0.5094373822212219
464730526.6193166,4409.0,341.71874999999994,16.957763300004146,0.1330826431512832,0.9280430674552917
464730526.6193166,4410.0,344.53125,16.957763300004146,0.0595721043646335,0.9824235439300537
464730526.6193166,4538.0,343.12499999999994,15.713861048008212,0.0780969783663749,0.8208213448524475
464731126.6193166,4409.0,341.71874999999994,16.957763300004146,0.1655375957489013,0.7414715886116028
464731126.6193166,4538.0,343.12499999999994,15.713861048008212,0.0522037670016288,0.7972019910812378
464744326.6193166,8288.0,90.0,-20.742379954487134,0.0507597178220748,0.8373717069625854
464750047.9273664,4196.0,101.25,18.209956864283,0.6286281943321228,0.5701510310173035
464754247.9273664,276.0,93.75,72.38756092964962,0.1372232735157013,0.7193674445152283
464756047.9273664,10588.0,125.68965517241378,-46.5718474134496,0.8037746548652649,0.5335683226585388
464756047.9273664,11702.0,140.29411764705884,-64.94808409550689,0.1581741273403167,0.5580347776412964
464759047.9273664,11425.0,263.57142857142856,-58.91977535280316,0.8723873496055603,0.8392470479011536
464763847.9273664,351.0,273.4615384615385,70.90666664467562,0.8936507701873779,0.7129106521606445
464764447.9273664,351.0,273.4615384615385,70.90666664467562,0.8625312447547913,0.6564399003982544
464765047.9273664,5166.0,310.78124999999994,9.594068226860458,0.4110606610774994,0.6222430467605591
464765047.9273664,5294.0,309.375,8.385538647081319,0.057495005428791,0.7077160477638245
464771047.9273664,11447.0,357.8571428571429,-58.91977535280316,0.1362801790237426,0.7434196472167969
464772847.9273664,1076.0,252.3913043478261,55.873350435251986,0.1405720859766006,0.5841102600097656
464773447.9273664,4323.0,99.84375,16.957763300004146,0.2250259667634964,0.5450947284698486
464774047.9273664,528.0,272.8125,66.44353569089877,0.7493360042572021,0.6212766766548157
464782447.9273664,12165.0,241.875,-78.28414760510762,0.5238744616508484,0.5567768812179565
464783647.9273664,4067.0,99.84375,19.47122063449069,0.0674459263682365,0.8420328497886658
464788447.9273664,100.0,212.1428571428571,79.75282793472046,0.0686795487999916,0.7242656946182251
464792047.9273664,10470.0,127.5,-44.99388015045713,0.5448203086853027,0.7167001366615295
464799247.9273664,4919.0,336.09375,12.024699180565818,0.1422601044178009,0.7099829912185669
464799247.9273664,4920.0,338.90625,12.024699180565818,0.0532404705882072,0.9419052600860596
464800447.9273664,3678.0,84.37499999999999,23.31795706533424,0.1583143174648285,0.5318163633346558
464801047.9273664,3805.0,82.96875,22.02431283704216,0.3196954131126404,0.8145987391471863
464802247.9273664,10590.0,131.89655172413794,-46.5718474134496,0.124172069132328,0.7760843634605408
464805847.9273664,4818.0,52.03125,12.024699180565818,0.3860042691230774,0.8669261336326599
464806447.9273664,4066.0,97.03125,19.47122063449069,0.1505444049835205,0.6387876272201538
464813047.9273664,4323.0,99.84375,16.957763300004146,0.2008076161146164,0.6976627111434937
464813047.9273664,8802.0,95.625,-25.944479772370016,0.0566761679947376,0.5138426423072815
464813047.9273664,10588.0,125.68965517241378,-46.5718474134496,0.192848339676857,0.6307218074798584
464813647.9273664,10588.0,125.68965517241378,-46.5718474134496,0.2355492860078811,0.5251412987709045
464822047.9273664,983.0,243.40909090909085,57.39952353962294,0.0845810994505882,0.8546884059906006
464822647.9273664,980.0,231.13636363636363,57.39952353962294,0.5976436734199524,0.6395401358604431
464823847.9273664,5338.0,74.53125,7.180755781458288,0.053900271654129,0.715498685836792
464825647.9273664,10803.0,91.66666666666669,-49.702390326630706,0.6565988063812256,0.6590958833694458
464826247.9273664,10803.0,91.66666666666669,-49.702390326630706,0.1952961385250091,0.7523984313011169
464826847.9273664,10873.0,325.0,-49.702390326630706,0.0704227462410926,0.7757587432861328
464837047.9273664,10347.0,126.29032258064515,-43.40685848593699,0.5002406239509583,0.5731477737426758
464839447.9273664,9685.0,60.46875,-35.68533471265205,0.0536235198378562,0.520966112613678
464840647.9273664,9572.0,101.25,-34.22886632781257,0.3489432036876678,0.732047975063324
464843047.9273664,5790.0,264.375,3.583321698471977,0.2192624062299728,0.5462023615837097
464844847.9273664,4666.0,344.53125,14.477512185929925,0.2491861879825592,0.9534189701080322
464847247.9273664,4451.0,98.4375,15.713861048008212,0.8593671917915344,0.5961267948150635
464847847.9273664,10590.0,131.89655172413794,-46.5718474134496,0.2317085564136505,0.7969068288803101
464852647.9273664,4066.0,97.03125,19.47122063449069,0.1750133037567138,0.6618297100067139
464853847.9273664,6426.0,254.53125,-2.388015463268772,0.0657340809702873,0.8804504871368408
464854447.9273664,6426.0,254.53125,-2.388015463268772,0.0613915286958217,0.9134223461151123
464855047.9273664,1947.0,254.0322580645161,43.40685848593699,0.0874711126089096,0.7062050104141235
464855647.9273664,9247.0,268.59375,-30.000000000000018,0.9944328665733336,0.6221775412559509
464856847.9273664,4795.0,345.9375,13.248014905676952,0.7513220310211182,0.5414193272590637
464870647.9273664,11698.0,119.11764705882352,-64.94808409550689,0.1007698103785514,0.7995570302009583
464873047.9273664,12004.0,213.74999999999997,-72.38756092964962,0.1639202237129211,0.8346155881881714
464874847.9273664,9685.0,60.46875,-35.68533471265205,0.0672099739313125,0.5275025367736816
464878447.9273664,3748.0,281.24999999999994,23.31795706533424,0.0681254938244819,0.8671870231628418
464879047.9273664,3493.0,284.0625,25.94447977237,0.0793857127428054,0.7223711013793945
464882047.9273664,10347.0,126.29032258064515,-43.40685848593699,0.0677441209554672,0.665751039981842
464887447.9273664,6908.0,170.15625,-7.180755781458288,0.1492090225219726,0.8157598376274109
464908447.9273664,8538.0,73.125,-23.31795706533424,0.1715423166751861,0.6581352949142456
464916247.9273664,10347.0,126.29032258064515,-43.40685848593699,0.8038739562034607,0.9158903956413269
464916247.9273664,10588.0,125.68965517241378,-46.5718474134496,0.1779520064592361,0.9483696222305298
464922847.9273664,6678.0,243.28124999999991,-4.780191847199163,0.1378029882907867,0.8210172057151794
464925247.9273664,4008.0,292.5,20.74237995448715,0.0507380366325378,0.918460488319397
464932447.9273664,4322.0,97.03125,16.957763300004146,0.1882500052452087,0.5368169546127319
464937247.9273664,4538.0,343.12499999999994,15.713861048008212,0.0978798419237136,0.7513869404792786
464938447.9273664,4322.0,97.03125,16.957763300004146,0.0785376355051994,0.9924836754798889
464938447.9273664,4451.0,98.4375,15.713861048008212,0.9993871450424194,0.5435938239097595
464945647.9273664,644.0,162.5,63.44828368030106,0.0546528808772563,0.5423919558525085
464946247.9273664,1265.0,235.8,52.80185378173063,0.0931048616766929,0.7366909980773926
464949247.9273664,4066.0,97.03125,19.47122063449069,0.3884959518909454,0.881567656993866
464949247.9273664,4323.0,99.84375,16.957763300004146,0.1459267139434814,0.8142108917236328
464949847.9273664,4066.0,97.03125,19.47122063449069,0.0715579614043235,0.9999879598617554
464949847.9273664,4322.0,97.03125,16.957763300004146,0.1241832599043846,0.9876011610031128
464949847.9273664,4323.0,99.84375,16.957763300004146,0.1843627840280532,0.9936262369155884
464949847.9273664,5710.0,39.375,3.583321698471977,0.067278154194355,0.7802966237068176
464949847.9273664,9685.0,60.46875,-35.68533471265205,0.0951986983418464,0.658148467540741
464950447.9273664,4322.0,97.03125,16.957763300004146,0.0776173695921897,0.9055767059326172
464950447.9273664,9685.0,60.46875,-35.68533471265205,0.183172658085823,0.5364057421684265
464951647.9273664,11533.0,26.05263157894737,-61.94383702315673,0.0909351631999015,0.5300388932228088
464957647.9273664,3351.0,246.09374999999991,27.27961273597809,0.1105702221393585,0.638224184513092
464961847.9273664,10347.0,126.29032258064515,-43.40685848593699,0.1087029129266738,0.9358862042427063
464965447.9273664,6482.0,50.62499999999999,-3.583321698471977,0.3700665831565857,0.9720932841300964
464966647.9273664,10589.0,128.79310344827587,-46.5718474134496,0.0896894708275795,0.6596991419792175
464969647.9273664,4506.0,253.125,15.713861048008212,0.0509994179010391,0.8472607135772705
464970847.9273664,912.0,310.7142857142857,58.91977535280315,0.1381211727857589,0.5296267867088318
464978047.9273664,10470.0,127.5,-44.99388015045713,0.102666400372982,0.6153444051742554
464978647.9273664,1533.0,69.10714285714286,48.14120779436029,0.1191687807440757,0.6606442928314209
464979247.9273664,5347.0,99.84375,7.180755781458288,0.1835368126630783,0.8277323246002197
464993647.9273664,6947.0,279.84375,-7.180755781458288,0.1833587735891342,0.5083311200141907
464997847.9273664,8607.0,267.1875,-23.31795706533424,0.1371938586235046,0.5344059467315674
465003247.9273664,1080.0,268.04347826086956,55.873350435251986,0.1479468196630478,0.669430136680603
465006847.9273664,3940.0,101.25,20.742379954487134,0.1417939960956573,0.5562060475349426
465006847.9273664,4066.0,97.03125,19.47122063449069,0.3639597296714782,0.5161475539207458
465008047.9273664,10588.0,125.68965517241378,-46.5718474134496,0.1559400558471679,0.6684006452560425
465013447.9273664,188.0,76.5,75.34073424154306,0.080471746623516,0.9177259206771851
465014047.9273664,188.0,76.5,75.34073424154306,0.0559541508555412,0.9811112284660339
465014047.9273664,3733.0,239.0625,23.31795706533424,0.0501129403710365,0.9167028069496155
465016447.9273664,3612.0,260.15625,24.62431835216408,0.1031712368130683,0.5368945598602295
465021247.9273664,11291.0,63.409090909090914,-57.39952353962295,0.0784835442900657,0.5768778324127197
465029647.9273664,4067.0,99.84375,19.47122063449069,0.0533949770033359,0.9076179265975952
465029647.9273664,4322.0,97.03125,16.957763300004146,0.0543544255197048,0.9866226315498352
465032647.9273664,10491.0,190.49999999999997,-44.99388015045713,0.1543200612068176,0.6839171051979065
465032647.9273664,10525.0,292.5,-44.99388015045713,0.1014624610543251,0.9441918134689331
465033247.9273664,6460.0,350.15625,-2.388015463268772,0.0681074857711792,0.6808871626853943
465033847.9273664,10291.0,324.84375,-41.81031489577862,0.1221676021814346,0.5484206080436707
465034447.9273664,10291.0,324.84375,-41.81031489577862,0.0832445845007896,0.7500320076942444
465035047.9273664,11531.0,16.57894736842105,-61.94383702315673,0.0521633028984069,0.8747162818908691
465044647.9273664,11494.0,209.24999999999997,-60.4344388449523,0.1938853114843368,0.511915385723114
465045847.9273664,10909.0,88.26923076923076,-51.25580694880492,0.0977606028318405,0.589390754699707
465046447.9273664,10909.0,88.26923076923076,-51.25580694880492,0.0788624510169029,0.8866972327232361
465053047.9273664,10589.0,128.79310344827587,-46.5718474134496,0.1110632941126823,0.9939438700675964
465053047.9273664,10590.0,131.89655172413794,-46.5718474134496,0.1296565532684326,0.7100476622581482
465058447.9273664,4196.0,101.25,18.209956864283,0.1013759151101112,0.8871217966079712
465062047.9273664,4893.0,262.96875,12.024699180565818,0.1926603317260742,0.6793602108955383
465065047.9273664,10471.0,130.5,-44.99388015045713,0.0817721411585807,0.8058426976203918
465065047.9273664,10589.0,128.79310344827587,-46.5718474134496,0.1042600721120834,0.9839212894439697
465075247.9273664,1006.0,337.5,57.39952353962294,0.1090366169810295,0.7375794649124146
465075847.9273664,10590.0,131.89655172413794,-46.5718474134496,0.229318767786026,0.6306148171424866
465078847.9273664,6207.0,358.59374999999994,0.0,0.0567310191690921,0.866432249546051
465080047.9273664,9145.0,340.3125,-28.630989836924357,0.0767735764384269,0.6848138570785522
465087247.9273664,10347.0,126.29032258064515,-43.40685848593699,0.2825174033641815,0.5024060010910034
465087847.9273664,10347.0,126.29032258064515,-43.40685848593699,0.328362762928009,0.9971495270729065
465088447.9273664,10704.0,130.17857142857142,-48.1412077943603,0.9037740230560304,0.7392772436141968
465097447.9273664,1275.0,271.8,52.80185378173063,0.3903743922710418,0.7900410294532776
465098047.9273664,1275.0,271.8,52.80185378173063,0.0870543122291565,0.9911304712295532
465099847.9273664,12031.0,61.36363636363635,-73.86549608859849,0.1730176955461502,0.6543634533882141
465107047.9273664,6812.0,258.75,-5.979156796301311,0.6905582547187805,0.6099507808685303
465113047.9273664,6975.0,358.59374999999994,-7.180755781458288,0.1287542283535003,0.9263536930084229
465113647.9273664,11095.0,28.124999999999996,-54.340912303861245,0.0534631498157978,0.501314640045166
465114247.9273664,11095.0,28.124999999999996,-54.340912303861245,0.0604912154376506,0.720247745513916
465115447.9273664,3805.0,82.96875,22.02431283704216,0.0833394676446914,0.5920500755310059
465116047.9273664,2032.0,136.40625,41.81031489577859,0.0675927624106407,0.9053739905357361
465116647.9273664,2315.0,212.34374999999997,38.68218745348943,0.0843056067824363,0.561147153377533
465123247.9273664,10575.0,85.3448275862069,-46.5718474134496,0.0750122666358947,0.932626485824585
465131047.9273664,4538.0,343.12499999999994,15.713861048008212,0.0611899681389331,0.7204481363296509
465138247.9273664,11979.0,26.25,-72.38756092964962,0.3071261942386627,0.6398159265518188
465140647.9273664,7571.0,233.43750000000003,-13.248014905676952,0.1316285133361816,0.6466384530067444
465141247.9273664,7571.0,233.43750000000003,-13.248014905676952,0.0974185466766357,0.8585525751113892
465149047.9273664,4060.0,80.15625,19.47122063449069,0.1419063806533813,0.770919680595398
465149647.9273664,4060.0,80.15625,19.47122063449069,0.2726364731788635,0.8890399932861328
465149647.9273664,4061.0,82.96875,19.47122063449069,0.9848002195358276,0.6785146594047546
465156247.9273664,10209.0,94.21875,-41.81031489577862,0.0673061162233352,0.7574898600578308
465166447.9273664,4062.0,85.78124999999999,19.47122063449069,0.2023361772298813,0.5729525685310364
465167047.9273664,4194.0,95.625,18.209956864283,0.142185777425766,0.5329554080963135
465173047.9273664,3934.0,84.37499999999999,20.74237995448715,0.3593572378158569,0.65093594789505
465176647.9273664,4409.0,341.71874999999994,16.957763300004146,0.0506604760885238,0.6304541826248169
465176647.9273664,4538.0,343.12499999999994,15.713861048008212,0.0541852973401546,0.7028171420097351
465177247.9273664,779.0,87.75,60.43443884495228,0.1098489761352539,0.5515963435173035
465179047.9273664,10347.0,126.29032258064515,-43.40685848593699,0.2537808418273926,0.5135108828544617
465179047.9273664,10588.0,125.68965517241378,-46.5718474134496,0.4623811841011047,0.734969437122345
465179647.9273664,10347.0,126.29032258064515,-43.40685848593699,0.2484491467475891,0.9824649691581726
465179647.9273664,10588.0,125.68965517241378,-46.5718474134496,0.1880903542041778,0.9612628221511841
465180247.9273664,10588.0,125.68965517241378,-46.5718474134496,0.071850836277008,0.9581993818283081
465180847.9273664,11060.0,261.0,-52.80185378173064,0.0715168938040733,0.5948873162269592
465189847.9273664,3805.0,82.96875,22.02431283704216,0.2718741595745086,0.6247531771659851
465193447.9273664,12015.0,296.24999999999994,-72.38756092964962,0.2617862820625305,0.6984116435050964
465195847.9273664,1468.0,214.99999999999997,49.702390326630685,0.0784808322787284,0.7948636412620544
465196447.9273664,1468.0,214.99999999999997,49.702390326630685,0.0553858093917369,0.6680716872215271
465200647.9273664,993.0,284.3181818181818,57.39952353962295,0.8332332372665405,0.7273123860359192
465204247.9273664,9792.0,0.0,-37.168899655999454,0.0518579259514808,0.6602110266685486
465207247.9273664,3549.0,82.96875,24.62431835216408,0.0958328247070312,0.5060463547706604
465207247.9273664,4322.0,97.03125,16.957763300004146,0.1013436913490295,0.920939028263092
465207247.9273664,4323.0,99.84375,16.957763300004146,0.2456796765327453,0.6693910956382751
465207247.9273664,4451.0,98.4375,15.713861048008212,0.8325163722038269,0.6682958602905273
465207847.9273664,4323.0,99.84375,16.957763300004146,0.1525441855192184,0.5408517122268677
465211447.9273664,396.0,208.92857142857144,69.4225464945822,0.0643527805805206,0.7634628415107727
465215047.9273664,11140.0,196.875,-54.340912303861245,0.1174197271466255,0.5798904299736023
465216847.9273664,4409.0,341.71874999999994,16.957763300004146,0.2133232057094574,0.8337348103523254
465224047.9273664,4066.0,97.03125,19.47122063449069,0.087588720023632,0.6509381532669067
465233047.9273664,5421.0,307.96875,7.180755781458288,0.276174932718277,0.513745129108429
465233647.9273664,3231.0,267.1875,28.630989836924343,0.1040964648127555,0.6820012331008911
465236047.9273664,10703.0,126.96428571428572,-48.1412077943603,0.9911884069442748,0.8504350781440735
465236647.9273664,10703.0,126.96428571428572,-48.1412077943603,0.9920601844787598,0.9906201362609863
465240247.9273664,4538.0,343.12499999999994,15.713861048008212,0.0823295637965202,0.8918875455856323
465242647.9273664,384.0,131.78571428571428,69.4225464945822,0.0731381773948669,0.6750380396842957
465257047.9273664,4282.0,343.12499999999994,18.209956864283,0.1719787567853927,0.9769962430000305
465257047.9273664,4410.0,344.53125,16.957763300004146,0.1058095470070838,0.9393424391746521
465257047.9273664,4538.0,343.12499999999994,15.713861048008212,0.5705932974815369,0.6829480528831482
465257647.9273664,1063.0,201.52173913043475,55.873350435251986,0.0897498950362205,0.6603953242301941
465257647.9273664,4282.0,343.12499999999994,18.209956864283,0.1149763613939285,0.7753986716270447
465258847.9273664,10590.0,131.89655172413794,-46.5718474134496,0.7400014400482178,0.9470440149307251
465258847.9273664,11766.0,126.5625,-66.44353569089876,0.1402469128370285,0.8183651566505432
465259447.9273664,10590.0,131.89655172413794,-46.5718474134496,0.6742830276489258,0.6672604084014893
465261247.9273664,8102.0,286.87499999999994,-18.209956864283,0.1022568717598915,0.7250285148620605
465275047.9273664,10985.0,351.34615384615387,-51.25580694880492,0.0740840435028076,0.6837083697319031
465276847.9273664,3078.0,198.28125,30.000000000000007,0.0679253339767456,0.7422686815261841
465284047.9273664,7585.0,272.8125,-13.248014905676952,0.1216631233692169,0.564574658870697
465284047.9273664,7713.0,274.21875,-14.477512185929925,0.0794780626893043,0.5255237817764282
465284647.9273664,7074.0,275.625,-8.385538647081319,0.334262877702713,0.5960507988929749
465284647.9273664,11571.0,206.05263157894737,-61.94383702315673,0.1624665111303329,0.5879334807395935
465290047.9273664,6043.0,255.93749999999991,1.1937484371410818,0.1384544819593429,0.6137771010398865
465290647.9273664,5917.0,262.96875,2.388015463268772,0.1455817371606826,0.7601279616355896
465293647.9273664,9058.0,95.625,-28.630989836924357,0.2161475270986557,0.7796684503555298
465312247.9273664,7327.0,267.1875,-10.806922874860348,0.1221617087721824,0.5290349721908569
465312847.9273664,7327.0,267.1875,-10.806922874860348,0.542146623134613,0.758073627948761
465313447.9273664,5038.0,309.375,10.806922874860348,0.0734480917453765,0.6885828375816345
465313447.9273664,7327.0,267.1875,-10.806922874860348,0.2014681100845337,0.7779026627540588
465332647.9273664,4066.0,97.03125,19.47122063449069,0.1560084223747253,0.8426104784011841
465338047.9273664,975.0,210.68181818181816,57.39952353962294,0.2117097824811935,0.500439465045929
465350047.9273664,3936.0,90.0,20.742379954487134,0.1607135385274887,0.5454287528991699
465353847.61945736,8867.0,278.4375,-25.944479772370016,0.1284684985876083,0.7262860536575317
465360447.61945736,2604.0,305.15625,35.68533471265204,0.2295296192169189,0.5892390012741089
465364047.61945736,12090.0,202.49999999999997,-75.34073424154306,0.3933571279048919,0.5613657236099243
465364647.61945736,7981.0,307.96875,-16.957763300004146,0.0924779623746872,0.6825830340385437
465369447.61945736,6677.0,240.46874999999991,-4.780191847199163,0.1191862002015113,0.7030923962593079
465370047.61945736,1060.0,189.78260869565216,55.873350435251986,0.1212534978985786,0.6935672760009766
465370047.61945736,4524.0,303.75,15.713861048008212,0.1735813170671463,0.6491480469703674
465370647.61945736,4524.0,303.75,15.713861048008212,0.1125629171729087,0.8852054476737976
465371847.61945736,971.0,194.31818181818176,57.39952353962294,0.191140279173851,0.6456113457679749
465392847.61945736,5280.0,270.0,8.385538647081319,0.0926177650690078,0.7584352493286133
465395247.61945736,820.0,272.25,60.43443884495228,0.0778293907642364,0.5820169448852539
465405447.61945736,3612.0,260.15625,24.62431835216408,0.083135612308979,0.9309180974960327
465406647.61945736,4323.0,99.84375,16.957763300004146,0.4341142773628235,0.5504947304725647
465410247.61945736,7457.0,274.21875,-12.024699180565818,0.4047237932682037,0.7858530282974243
465411447.61945736,3655.0,19.6875,23.31795706533424,0.0631113648414611,0.6249960064888
465416247.61945736,1386.0,299.4230769230769,51.25580694880489,0.0676854252815246,0.5614021420478821
465416847.61945736,1386.0,299.4230769230769,51.25580694880489,0.0872060433030128,0.7615920901298523
465417447.61945736,3240.0,292.5,28.630989836924343,0.1147112995386123,0.7820025682449341
465418647.61945736,8035.0,98.4375,-18.209956864283,0.0565600059926509,0.6474537253379822
465429447.61945736,3934.0,84.37499999999999,20.74237995448715,0.1669705808162689,0.8889995813369751
465439647.61945736,4539.0,345.9375,15.713861048008212,0.1358202695846557,0.6645253896713257
465440847.61945736,3677.0,81.56249999999999,23.31795706533424,0.1209525614976883,0.5654385089874268
465441447.61945736,10588.0,125.68965517241378,-46.5718474134496,0.1762260198593139,0.9563805460929871
465442047.61945736,10471.0,130.5,-44.99388015045713,0.1414268016815185,0.5408393740653992
465442047.61945736,10588.0,125.68965517241378,-46.5718474134496,0.1752903312444687,0.9998214840888977
465443247.61945736,8094.0,264.375,-18.209956864283,0.643690824508667,0.8215903043746948
465443247.61945736,11281.0,22.499999999999996,-57.39952353962295,0.1998029500246048,0.7158035635948181
465445647.61945736,5049.0,340.3125,10.806922874860348,0.0963979735970497,0.5125122666358948
465448647.61945736,1148.0,166.875,54.340912303861245,0.1060119196772575,0.5439919233322144
465449247.61945736,1148.0,166.875,54.340912303861245,0.091094397008419,0.9690456986427307
465450447.61945736,866.0,113.57142857142856,58.91977535280315,0.39158496260643,0.6114341616630554
465454647.61945736,6690.0,277.03124999999994,-4.780191847199163,0.4784848690032959,0.5494635105133057
465455247.61945736,6690.0,277.03124999999994,-4.780191847199163,0.4650140404701233,0.5192673206329346
465458847.61945736,4066.0,97.03125,19.47122063449069,0.1581359207630157,0.588984489440918
465460647.61945736,8073.0,205.31249999999997,-18.209956864283,0.0705685839056968,0.5462390184402466
465479847.61945736,6583.0,334.6875,-3.583321698471977,0.181958794593811,0.5634153485298157
465481047.61945736,3934.0,84.37499999999999,20.74237995448715,0.2222799807786941,0.7326048016548157
465481047.61945736,4067.0,99.84375,19.47122063449069,0.2732518017292022,0.6055564880371094
465481647.61945736,4067.0,99.84375,19.47122063449069,0.0629288703203201,0.9794121384620667
465484047.61945736,8214.0,243.28124999999991,-19.47122063449069,0.1243156343698501,0.7125663161277771
465487647.61945736,10589.0,128.79310344827587,-46.5718474134496,0.3719209134578705,0.8868036866188049
465488247.61945736,11559.0,149.21052631578948,-61.94383702315673,0.062670312821865,0.5713316798210144
465491847.61945736,5464.0,67.5,5.979156796301311,0.2283877283334732,0.6278042793273926
465498447.61945736,5464.0,67.5,5.979156796301311,0.2161228507757187,0.7081835269927979
465499047.61945736,10347.0,126.29032258064515,-43.40685848593699,0.5550416707992554,0.5746530890464783
465499047.61945736,10588.0,125.68965517241378,-46.5718474134496,0.4095177054405212,0.9970211386680603
465499647.61945736,10347.0,126.29032258064515,-43.40685848593699,0.6664009094238281,0.8417254686355591
465510447.61945736,10089.0,115.31249999999996,-40.22818472806108,0.0883790329098701,0.5102026462554932
465514047.61945736,10413.0,317.90322580645164,-43.40685848593699,0.1128708943724632,0.5899190902709961
465515847.61945736,3934.0,84.37499999999999,20.74237995448715,0.2607525289058685,0.7578391432762146
465516447.61945736,2316.0,215.15624999999997,38.68218745348943,0.0759710446000099,0.5231372714042664
465516447.61945736,7039.0,177.1875,-8.385538647081319,0.0910979732871055,0.5661436915397644
465516447.61945736,7167.0,178.59374999999997,-9.594068226860458,0.3318597376346588,0.639341413974762
465521247.61945736,9414.0,18.281250000000004,-32.79716829582367,0.1004853993654251,0.765360951423645
465521847.61945736,9414.0,18.281250000000004,-32.79716829582367,0.1010344102978706,0.9491389989852905
465528447.61945736,5011.0,233.43750000000003,10.806922874860348,0.0710768476128578,0.5325271487236023
465530847.61945736,1156.0,196.875,54.340912303861245,0.6068487167358398,0.5305184125900269
465531447.61945736,4061.0,82.96875,19.47122063449069,0.5402894020080566,0.5475505590438843
465540447.61945736,2066.0,232.03124999999997,41.81031489577859,0.053667988628149,0.6272417306900024
465543447.61945736,112.0,5.625,78.28414760510762,0.050276406109333,0.5523620247840881
465544047.61945736,4323.0,99.84375,16.957763300004146,0.1418855637311935,0.585649847984314
465548247.61945736,9884.0,258.75,-37.168899655999454,0.6842966675758362,0.9745255708694458
465548247.61945736,10012.0,260.15625,-38.68218745348943,0.2191880643367767,0.9082484245300293
465553647.61945736,1160.0,211.87499999999997,54.340912303861245,0.641931414604187,0.6943947076797485
465554247.61945736,1593.0,261.96428571428567,48.14120779436029,0.7158791422843933,0.7417290210723877
465554847.61945736,3805.0,82.96875,22.02431283704216,0.1028312966227531,0.5509644150733948
465569847.61945736,9753.0,251.71875,-35.68533471265205,0.1169207841157913,0.5307853817939758
465572247.61945736,8149.0,60.46875,-19.47122063449069,0.0510158315300941,0.9172282218933105
465584247.61945736,10588.0,125.68965517241378,-46.5718474134496,0.4403146207332611,0.6195035576820374
465584847.61945736,4066.0,97.03125,19.47122063449069,0.1232334151864051,0.5611531734466553
465584847.61945736,10589.0,128.79310344827587,-46.5718474134496,0.0752037763595581,0.6061840057373047
465589647.61945736,4323.0,99.84375,16.957763300004146,0.0924835130572319,0.9296362400054932
465593247.61945736,4410.0,344.53125,16.957763300004146,0.0931349620223045,0.8823705911636353
465596847.61945736,1692.0,212.58620689655177,46.5718474134496,0.0805465281009674,0.7185705900192261
465603447.61945736,10704.0,130.17857142857142,-48.1412077943603,0.129711240530014,0.817947506904602
465603447.61945736,11278.0,10.227272727272728,-57.39952353962295,0.0586824528872966,0.7018097043037415
465604047.61945736,6953.0,296.71874999999994,-7.180755781458288,0.0573939085006713,0.5550064444541931
465608847.61945736,338.0,183.46153846153845,70.90666664467562,0.0537382178008556,0.6103698015213013
465611847.61945736,3678.0,84.37499999999999,23.31795706533424,0.1969871073961258,0.5200374722480774
465616647.61945736,5038.0,309.375,10.806922874860348,0.1981192082166671,0.7060414552688599
465620247.61945736,5008.0,224.99999999999997,10.806922874860348,0.1813044846057891,0.5505452752113342
465627447.61945736,8136.0,23.90625,-19.47122063449069,0.0822045356035232,0.5497410893440247
465627447.61945736,10261.0,240.46874999999991,-41.81031489577862,0.5663987398147583,0.6781761050224304
465628647.61945736,4409.0,341.71874999999994,16.957763300004146,0.0566080473363399,0.748024046421051
465633447.61945736,5797.0,284.0625,3.583321698471977,0.0998536273837089,0.6020350456237793
465634047.61945736,885.0,194.99999999999997,58.91977535280315,0.1049093902111053,0.7875260710716248
465634647.61945736,230.0,85.9090909090909,73.86549608859848,0.3612307906150818,0.5869929194450378
465634647.61945736,1061.0,193.69565217391303,55.873350435251986,0.2139377295970916,0.5377700924873352
465650847.61945736,11607.0,17.5,-63.448283680301046,0.3693194687366485,0.6861257553100586
465662847.61945736,4538.0,343.12499999999994,15.713861048008212,0.0738423839211463,0.7178922891616821
465662847.61945736,9144.0,337.49999999999994,-28.630989836924357,0.061437964439392,0.868418276309967
465663447.61945736,4666.0,344.53125,14.477512185929925,0.2592400014400482,0.8587046265602112
465670047.61945736,4322.0,97.03125,16.957763300004146,0.2403170764446258,0.6881433725357056
465673647.61945736,6589.0,351.5625,-3.583321698471977,0.0755864232778549,0.5802832841873169
465674247.61945736,4282.0,343.12499999999994,18.209956864283,0.093753308057785,0.5454893112182617
465681447.61945736,4322.0,97.03125,16.957763300004146,0.0829786509275436,0.6208337545394897
465685047.61945736,8609.0,272.8125,-23.31795706533424,0.062844343483448,0.5711051821708679
465687447.61945736,3806.0,85.78124999999999,22.02431283704216,0.1765668541193008,0.6728326678276062
465687447.61945736,9577.0,115.31249999999996,-34.22886632781257,0.1232200935482978,0.5892013311386108
465688047.61945736,581.0,198.52941176470588,64.94808409550687,0.0821392983198165,0.5061852931976318
465689847.61945736,905.0,280.7142857142857,58.91977535280315,0.054255798459053,0.6394424438476562
465690447.61945736,1055.0,170.2173913043478,55.873350435251986,0.9344622492790222,0.527538001537323
465691647.61945736,455.0,212.99999999999997,67.93492864899142,0.1539562046527862,0.5451182723045349
465693447.61945736,10590.0,131.89655172413794,-46.5718474134496,0.9618847966194152,0.6056485772132874
465695247.61945736,7069.0,261.56249999999994,-8.385538647081319,0.5991199612617493,0.530632495880127
465700647.61945736,4108.0,215.15624999999997,19.47122063449069,0.0853096768260002,0.6747675538063049
465701247.61945736,4108.0,215.15624999999997,19.47122063449069,0.8817703127861023,0.56911301612854
465701847.61945736,3852.0,215.15624999999991,22.02431283704216,0.2047335803508758,0.7229982018470764
465701847.61945736,4108.0,215.15624999999997,19.47122063449069,0.9894578456878662,0.9102345705032349
465704847.61945736,11545.0,82.89473684210526,-61.94383702315673,0.0814066678285598,0.7778736352920532
465713247.61945736,2707.0,233.43750000000003,34.228866327812575,0.3325363099575043,0.6915044188499451
465718647.61945736,8739.0,279.84375,-24.62431835216408,0.2065350115299224,0.5595269799232483
465719247.61945736,4410.0,344.53125,16.957763300004146,0.0543459169566631,0.9018033146858215
465726447.61945736,4067.0,99.84375,19.47122063449069,0.0588595196604728,0.9517985582351685
465730647.61945736,9397.0,329.0625,-31.388166464348544,0.6468682289123535,0.5231729745864868
465742047.61945736,8234.0,299.53125,-19.47122063449069,0.1071410551667213,0.61582350730896
465746847.61945736,7185.0,229.21874999999997,-9.594068226860458,0.1802079975605011,0.5919899344444275
465761247.61945736,5996.0,123.75,1.1937484371410818,0.0851008296012878,0.6262874007225037
465764847.61945736,10026.0,299.53125,-38.68218745348943,0.1115392968058586,0.5384070873260498
465765447.61945736,4538.0,343.12499999999994,15.713861048008212,0.1806134283542633,0.6046582460403442
465766047.61945736,11682.0,34.41176470588235,-64.94808409550689,0.0984402671456337,0.7244279980659485
465768447.61945736,2021.0,105.46875,41.8103148957786,0.7202054858207703,0.5797213912010193
465772047.61945736,2276.0,102.65625,38.68218745348943,0.1044453456997871,0.9977292418479919
465775047.61945736,10291.0,324.84375,-41.81031489577862,0.0769123435020446,0.5329895615577698
465775647.61945736,10003.0,234.84374999999997,-38.68218745348943,0.1738470643758773,0.5861590504646301
465779247.61945736,4087.0,156.09374999999997,19.47122063449069,0.0554840452969074,0.6142669320106506
465785847.61945736,12002.0,198.74999999999997,-72.38756092964962,0.1896952390670776,0.6711316108703613
465788847.61945736,9813.0,59.0625,-37.168899655999454,0.4008954763412475,0.6245117783546448
465788847.61945736,9941.0,60.46875,-38.68218745348943,0.0688477307558059,0.8932030200958252
465793647.61945736,1092.0,315.0,55.873350435252,0.4849247336387634,0.5982675552368164
465794847.61945736,4327.0,111.09375,16.957763300004146,0.0648393407464027,0.6180058717727661
465795447.61945736,4327.0,111.09375,16.957763300004146,0.1398107707500457,0.5599387884140015
465805047.61945736,1521.0,30.535714285714285,48.14120779436029,0.0543367825448513,0.6057940125465393
465810447.61945736,4011.0,300.9375,20.742379954487134,0.0621025077998638,0.6450637578964233
465814647.61945736,1792.0,157.5,44.99388015045712,0.0597744584083557,0.7823014855384827
465815247.61945736,1792.0,157.5,44.99388015045712,0.7500051856040955,0.9152612090110779
465818247.61945736,2521.0,71.71874999999999,35.68533471265204,0.149371713399887,0.9193057417869568
465820047.61945736,9237.0,240.46874999999991,-30.000000000000018,0.0893150344491005,0.7043582201004028
465820647.61945736,9111.0,244.68749999999997,-28.630989836924357,0.1789012402296066,0.5527082085609436
465820647.61945736,9237.0,240.46874999999991,-30.000000000000018,0.0764685943722724,0.9880797266960144
465823047.61945736,4665.0,341.71874999999994,14.47751218592994,0.0527102351188659,0.5878320932388306
465824247.61945736,11924.0,3.4615384615384612,-70.90666664467562,0.0647866949439048,0.5168206691741943
465832647.61945736,9767.0,291.09375,-35.68533471265205,0.0637226179242134,0.7430989146232605
465832647.61945736,11959.0,245.76923076923077,-70.90666664467562,0.0809810906648635,0.6627845168113708
465834447.61945736,9145.0,340.3125,-28.630989836924357,0.1139852926135063,0.6524372696876526
465834447.61945736,11537.0,45.0,-61.94383702315673,0.1973998397588729,0.7523220181465149
465841647.61945736,4066.0,97.03125,19.47122063449069,0.0703447237610817,0.8877774477005005
465841647.61945736,4194.0,95.625,18.209956864283,0.2548784613609314,0.824435830116272
465845247.61945736,4410.0,344.53125,16.957763300004146,0.0878877490758895,0.9254758954048157
465845847.61945736,4410.0,344.53125,16.957763300004146,0.0760351046919822,0.8404706120491028
465845847.61945736,4538.0,343.12499999999994,15.713861048008212,0.0565749518573284,0.6661161184310913
465845847.61945736,4666.0,344.53125,14.477512185929925,0.815102756023407,0.7587715983390808
465855447.61945736,7328.0,270.0,-10.806922874860348,0.0632580369710922,0.5519568920135498
465858447.61945736,8528.0,44.99999999999999,-23.31795706533424,0.0944722816348075,0.797528088092804
465860247.61945736,3573.0,150.46875,24.62431835216408,0.0636886730790138,0.7022240161895752
465862647.61945736,245.0,208.6363636363636,73.86549608859848,0.0552620515227317,0.8009319305419922
465863847.61945736,4823.0,66.09375,12.024699180565818,0.0628119111061096,0.5423644185066223
465874647.61945736,1861.0,4.35483870967742,43.406858485936986,0.0718404650688171,0.7960087060928345
465875247.61945736,1861.0,4.35483870967742,43.406858485936986,0.0537813901901245,0.5302947759628296
465880647.61945736,4430.0,39.375,15.713861048008212,0.0929659828543663,0.556955099105835
465881247.61945736,4430.0,39.375,15.713861048008212,0.0760736763477325,0.7788741588592529
465888447.61945736,10347.0,126.29032258064515,-43.40685848593699,0.9416407942771912,0.9902583360671997
465901647.61945736,7085.0,306.56249999999994,-8.385538647081319,0.0755608901381492,0.5142691135406494
465902247.61945736,4409.0,341.71874999999994,16.957763300004146,0.5022789239883423,0.6711149215698242
465902247.61945736,4537.0,340.3125,15.713861048008212,0.2617873549461365,0.7634909749031067
465902847.61945736,4409.0,341.71874999999994,16.957763300004146,0.3027341067790985,0.7539507150650024
465902847.61945736,4537.0,340.3125,15.713861048008212,0.2367927283048629,0.9397784471511841
465902847.61945736,4538.0,343.12499999999994,15.713861048008212,0.0500237420201301,0.5556198358535767
465903447.61945736,4409.0,341.71874999999994,16.957763300004146,0.1686074286699295,0.9905532598495483
465905847.61945736,5009.0,227.81249999999997,10.806922874860348,0.1001110523939132,0.7038825750350952
465912447.61945736,6080.0,1.40625,0.0,0.1286734640598297,0.8173556923866272
465913647.61945736,4665.0,341.71874999999994,14.47751218592994,0.4493979513645172,0.9866616129875183
465914247.61945736,4409.0,341.71874999999994,16.957763300004146,0.2452935576438903,0.7428693771362305
465914247.61945736,4410.0,344.53125,16.957763300004146,0.092580609023571,0.5687551498413086
465914247.61945736,4665.0,341.71874999999994,14.47751218592994,0.1814262866973877,0.9998881816864014
465914847.61945736,4665.0,341.71874999999994,14.47751218592994,0.196362093091011,0.9958809614181519
465920847.61945736,4066.0,97.03125,19.47122063449069,0.1524125039577484,0.5126684308052063
465920847.61945736,4067.0,99.84375,19.47122063449069,0.0721012130379676,0.6986606121063232
465920847.61945736,4322.0,97.03125,16.957763300004146,0.1855562627315521,0.561447024345398
465920847.61945736,5456.0,45.0,5.979156796301311,0.1056204140186309,0.6554025411605835
465921447.61945736,4066.0,97.03125,19.47122063449069,0.055295780301094,0.8569039702415466
465921447.61945736,4322.0,97.03125,16.957763300004146,0.0713387280702591,0.5712491869926453
465922047.61945736,10470.0,127.5,-44.99388015045713,0.0834571868181228,0.6914165019989014
465929847.61945736,5286.0,286.87499999999994,8.385538647081319,0.8269198536872864,0.5188639760017395
465934647.61945736,8608.0,270.0,-23.31795706533424,0.0985347777605056,0.5612624883651733
465934647.61945736,9109.0,239.0625,-28.630989836924357,0.0915943831205368,0.5007546544075012
465938247.61945736,9685.0,60.46875,-35.68533471265205,0.0596660673618316,0.8192912936210632
465946047.61945736,11212.0,111.52173913043478,-55.87335043525201,0.4110368192195892,0.9313626289367676
465946647.61945736,11212.0,111.52173913043478,-55.87335043525201,0.0682538077235221,0.9091415405273438
465947247.61945736,6184.0,293.90625,0.0,0.0740302354097366,0.5001797676086426
465947847.61945736,11720.0,235.58823529411768,-64.94808409550689,0.0822365805506706,0.5468972325325012
465948447.61945736,6184.0,293.90625,0.0,0.076037585735321,0.728070855140686
465955047.61945736,4322.0,97.03125,16.957763300004146,0.0639731884002685,0.6635528206825256
465955647.61945736,4823.0,66.09375,12.024699180565818,0.3017720580101013,0.8536897301673889
465955647.61945736,5079.0,66.09375,9.594068226860458,0.212973266839981,0.8828291296958923
465955647.61945736,8036.0,101.25,-18.209956864283,0.1343341320753097,0.5406726598739624
465956247.61945736,5079.0,66.09375,9.594068226860458,0.0662645027041435,0.5222120881080627
465956247.61945736,8036.0,101.25,-18.209956864283,0.0905047133564949,0.6143062114715576
465959620.7762544,4410.0,344.53125,16.957763300004146,0.0580480806529521,0.6481106281280518
465959620.7762544,4538.0,343.12499999999994,15.713861048008212,0.0705482438206672,0.7045671939849854
465960220.7762544,4409.0,341.71874999999994,16.957763300004146,0.1473062485456466,0.9536668658256531
465960220.7762544,4665.0,341.71874999999994,14.47751218592994,0.2423826605081558,0.9824770092964172
465960820.7762544,8660.0,57.656249999999986,-24.62431835216408,0.0707944259047508,0.5979625582695007
465962020.7762544,4323.0,99.84375,16.957763300004146,0.4103691279888153,0.638224184513092
465962620.7762544,1908.0,140.80645161290323,43.406858485936986,0.073949709534645,0.6086898446083069
465967420.7762544,9960.0,113.90625,-38.68218745348943,0.0906439647078514,0.5087993144989014
465968020.7762544,10989.0,5.3999999999999995,-52.80185378173064,0.0727252140641212,0.5477510094642639
465969220.7762544,8852.0,236.25,-25.944479772370016,0.0519265085458755,0.5595303177833557
465977620.7762544,2130.0,50.62499999999999,40.228184728061095,0.2396190911531448,0.9286254644393921
465980020.7762544,10246.0,198.28124999999997,-41.81031489577862,0.1378949582576751,0.7911655902862549
465980620.7762544,11725.0,262.05882352941177,-64.94808409550689,0.3205775916576385,0.6526926755905151
465982420.7762544,4410.0,344.53125,16.957763300004146,0.0600374117493629,0.8986929059028625
465982420.7762544,4538.0,343.12499999999994,15.713861048008212,0.0990423634648323,0.7092533111572266
465982420.7762544,4665.0,341.71874999999994,14.47751218592994,0.0628962889313697,0.953061580657959
465986020.7762544,2962.0,230.62499999999991,31.38816646434855,0.2154150456190109,0.5811551213264465
465989020.7762544,560.0,87.3529411764706,64.94808409550687,0.1293771862983703,0.5721625089645386
465989020.7762544,629.0,87.5,63.44828368030106,0.2692411541938782,0.5712609887123108
465992620.7762544,8859.0,255.93749999999991,-25.944479772370016,0.0931875333189964,0.5723519921302795
465993820.7762544,6050.0,275.625,1.1937484371410818,0.1791636645793914,0.7436540722846985
465993820.7762544,10409.0,306.2903225806451,-43.40685848593699,0.0911596193909645,0.7541747689247131
466000420.7762544,168.0,244.99999999999991,76.81353334098655,0.277077317237854,0.564674973487854
466001620.7762544,4196.0,101.25,18.209956864283,0.1282574534416198,0.7196876406669617
466014220.7762544,10347.0,126.29032258064515,-43.40685848593699,0.1548031866550445,0.5933194756507874
466018420.7762544,9574.0,106.875,-34.22886632781257,0.1941052675247192,0.5851720571517944
466024420.7762544,4818.0,52.03125,12.024699180565818,0.0723949894309043,0.8263766169548035
466026820.7762544,10291.0,324.84375,-41.81031489577862,0.059820644557476,0.7706919312477112
466030420.7762544,3678.0,84.37499999999999,23.31795706533424,0.067265436053276,0.5976580381393433
466030420.7762544,3805.0,82.96875,22.02431283704216,0.8529837131500244,0.7005841732025146
466031020.7762544,3805.0,82.96875,22.02431283704216,0.0515654385089874,0.7393724918365479
466032820.7762544,873.0,143.57142857142858,58.91977535280315,0.1772628873586654,0.5371335744857788
466033420.7762544,873.0,143.57142857142858,58.91977535280315,0.0710094273090362,0.7115581035614014
466033420.7762544,959.0,145.22727272727272,57.39952353962294,0.0923605784773826,0.6261299252510071
466034020.7762544,3657.0,25.312499999999996,23.31795706533424,0.1234173774719238,0.800670325756073
466034620.7762544,3657.0,25.312499999999996,23.31795706533424,0.1277618557214737,0.7143768072128296
466035220.7762544,3933.0,81.56249999999999,20.742379954487134,0.2345045804977417,0.7194700241088867
466035820.7762544,3678.0,84.37499999999999,23.31795706533424,0.0610276088118553,0.5220223665237427
466035820.7762544,3934.0,84.37499999999999,20.74237995448715,0.5851561427116394,0.8527967929840088
466036420.7762544,10588.0,125.68965517241378,-46.5718474134496,0.329213798046112,0.8967758417129517
466037020.7762544,10588.0,125.68965517241378,-46.5718474134496,0.3842834830284118,0.9364363551139832
466047220.7762544,4066.0,97.03125,19.47122063449069,0.086539052426815,0.7724649906158447
466048420.7762544,11176.0,331.87500000000006,-54.340912303861245,0.2353537380695343,0.6173659563064575
466049020.7762544,7185.0,229.21874999999997,-9.594068226860458,0.0735866278409957,0.6030207276344299
466049620.7762544,7185.0,229.21874999999997,-9.594068226860458,0.0731166377663612,0.575596809387207
466050820.7762544,5924.0,282.65625,2.388015463268772,0.1650936007499694,0.7020769715309143
466054420.7762544,1694.0,218.79310344827584,46.5718474134496,0.1036830097436904,0.610563337802887
466061620.7762544,10619.0,221.8965517241379,-46.5718474134496,0.0928545072674751,0.6748407483100891
466066420.7762544,12271.0,224.99999999999997,-85.61313403601545,0.0566651299595832,0.5454561710357666
466067020.7762544,10825.0,165.00000000000003,-49.702390326630706,0.062005940824747,0.6973366141319275
466068220.7762544,10267.0,257.34375,-41.81031489577862,0.1159912273287773,0.7002916932106018
466080820.7762544,160.0,165.00000000000003,76.81353334098655,0.2628698945045471,0.5036947727203369
466090420.7762544,2758.0,18.281250000000004,32.797168295823646,0.1210890561342239,0.6096129417419434
466095820.7762544,10406.0,297.5806451612903,-43.40685848593699,0.0809633582830429,0.8541005253791809
466096420.7762544,10406.0,297.5806451612903,-43.40685848593699,0.10010626912117,0.8042011260986328
466099420.7762544,4451.0,98.4375,15.713861048008212,0.9591484665870668,0.6217828989028931
466103620.7762544,3803.0,77.34375,22.02431283704216,0.0603886507451534,0.7366725206375122
466107220.7762544,12196.0,263.57142857142856,-79.75282793472047,0.2812277674674988,0.5414904952049255
466115020.7762544,3933.0,81.56249999999999,20.742379954487134,0.1405745893716812,0.5019280910491943
466115620.7762544,3549.0,82.96875,24.62431835216408,0.0812321826815605,0.5567145347595215
466115620.7762544,3677.0,81.56249999999999,23.31795706533424,0.0658967494964599,0.6457778811454773
466115620.7762544,3933.0,81.56249999999999,20.742379954487134,0.4187709987163543,0.6200587749481201
466116220.7762544,10588.0,125.68965517241378,-46.5718474134496,0.0812898948788642,0.8243593573570251
466116820.7762544,10347.0,126.29032258064515,-43.40685848593699,0.7811318039894104,0.8476051092147827
466116820.7762544,10588.0,125.68965517241378,-46.5718474134496,0.8407310843467712,0.9919083714485168
466116820.7762544,11232.0,189.78260869565216,-55.87335043525198,0.114555574953556,0.60710608959198
466117420.7762544,11232.0,189.78260869565216,-55.87335043525198,0.7410135865211487,0.7176578640937805
466131220.7762544,12064.0,331.3636363636364,-73.86549608859849,0.7292147278785706,0.5589343905448914
466136020.7762544,1183.0,298.125,54.340912303861245,0.0520964041352272,0.5528564453125
466136620.7762544,3382.0,333.28124999999994,27.27961273597809,0.0518568344414234,0.6075711250305176
466141420.7762544,11337.0,251.5909090909091,-57.39952353962295,0.0646926388144493,0.6918606758117676
466142020.7762544,3619.0,279.84375,24.62431835216408,0.0848716497421264,0.5226942896842957
466147420.7762544,1321.0,74.42307692307692,51.25580694880489,0.1965457499027252,0.5403757095336914
466148020.7762544,799.0,177.75,60.43443884495228,0.109611690044403,0.7684755921363831
466153420.7762544,7712.0,271.40624999999994,-14.477512185929925,0.1866856962442398,0.5874171853065491
466154020.7762544,8236.0,305.15625,-19.47122063449069,0.0523895919322967,0.6441242694854736
466158820.7762544,2081.0,274.21875,41.81031489577859,0.1308923512697219,0.8771993517875671
466163620.7762544,10397.0,271.45161290322585,-43.40685848593699,0.084532730281353,0.723555326461792
466164220.7762544,9140.0,326.24999999999994,-28.630989836924357,0.1854647099971771,0.5230231285095215
466170820.7762544,583.0,209.1176470588235,64.94808409550687,0.0852697342634201,0.6922990679740906
466171420.7762544,583.0,209.1176470588235,64.94808409550687,0.18704654276371,0.8087567687034607
466185220.7762544,10470.0,127.5,-44.99388015045713,0.071088045835495,0.5904882550239563
466185220.7762544,11223.0,154.56521739130434,-55.87335043525198,0.0564743019640445,0.5324724316596985
466185220.7762544,11399.0,152.14285714285717,-58.91977535280316,0.1306031644344329,0.5526514649391174
466190020.7762544,10588.0,125.68965517241378,-46.5718474134496,0.1218723431229591,0.8006662130355835
466191220.7762544,6018.0,185.62499999999997,1.1937484371410818,0.1063832193613052,0.6154155731201172
466191820.7762544,6018.0,185.62499999999997,1.1937484371410818,0.0672842115163803,0.7748740315437317
466193620.7762544,1142.0,144.375,54.340912303861245,0.0753599405288696,0.5105345845222473
466200220.7762544,4415.0,358.59374999999994,16.957763300004146,0.5641485452651978,0.5421581864356995
466200820.7762544,11435.0,306.42857142857144,-58.91977535280316,0.0553860664367675,0.5115655660629272
466202620.7762544,4072.0,113.90625,19.47122063449069,0.0891420692205429,0.9842320680618286
466203820.7762544,4261.0,284.0625,18.209956864283,0.0542828030884265,0.5789552927017212
466204420.7762544,4261.0,284.0625,18.209956864283,0.0911777690052986,0.7462347149848938
466206220.7762544,3933.0,81.56249999999999,20.742379954487134,0.0570459328591823,0.7431620359420776
466206820.7762544,4701.0,81.56249999999999,13.248014905676952,0.327864795923233,0.6574316620826721
466208020.7762544,10347.0,126.29032258064515,-43.40685848593699,0.1690201610326767,0.7515202164649963
466208020.7762544,10588.0,125.68965517241378,-46.5718474134496,0.3003036975860595,0.872223436832428
466211020.7762544,10643.0,296.3793103448276,-46.5718474134496,0.125531330704689,0.9186352491378784
466215820.7762544,1586.0,239.4642857142857,48.14120779436029,0.0511961616575717,0.6407240629196167
466217620.7762544,3928.0,67.5,20.742379954487134,0.0581615455448627,0.8924195170402527
466218220.7762544,3677.0,81.56249999999999,23.31795706533424,0.1859256774187088,0.784061849117279
466218220.7762544,4323.0,99.84375,16.957763300004146,0.1114654764533042,0.7350915670394897
466218820.7762544,4323.0,99.84375,16.957763300004146,0.1147405356168747,0.6249577403068542
466221220.7762544,6686.0,265.78124999999994,-4.780191847199163,0.0723981112241745,0.676704466342926
466221820.7762544,6686.0,265.78124999999994,-4.780191847199163,0.081627033650875,0.7233833074569702
466226020.7762544,1808.0,205.50000000000003,44.99388015045713,0.1327375024557113,0.6008387804031372
466226620.7762544,1948.0,256.93548387096774,43.406858485936986,0.2683501541614532,0.7299363613128662
466233220.7762544,8626.0,320.625,-23.31795706533424,0.0592264458537101,0.5198831558227539
466233820.7762544,6716.0,350.15625,-4.780191847199163,0.1070603653788566,0.9790137410163879
466233820.7762544,6717.0,352.96874999999994,-4.780191847199163,0.06724863499403,0.8292224407196045
466241020.7762544,1430.0,88.33333333333334,49.702390326630685,0.2733854353427887,0.6200059056282043
466244620.7762544,7212.0,305.15625,-9.594068226860458,0.0558291003108024,0.5598706007003784
466256620.7762544,7583.0,267.1875,-13.248014905676952,0.0946584567427635,0.5871835947036743
466266220.7762544,9525.0,330.46875,-32.79716829582367,0.3305362164974212,0.9265374541282654
466266820.7762544,9525.0,330.46875,-32.79716829582367,0.4477751851081848,0.8825084567070007
466273420.7762544,1355.0,192.11538461538456,51.25580694880489,0.1674948185682296,0.7133427262306213
466278820.7762544,5299.0,323.4375,8.385538647081319,0.0933283567428588,0.598408579826355
466286020.7762544,3677.0,81.56249999999999,23.31795706533424,0.1042650640010833,0.6585696935653687
466286620.7762544,3549.0,82.96875,24.62431835216408,0.0713420733809471,0.6285195350646973
466297420.7762544,1328.0,98.65384615384616,51.25580694880489,0.0530728921294212,0.6835116744041443
466308820.7762544,3805.0,82.96875,22.02431283704216,0.22449791431427,0.7662482261657715
466308820.7762544,3933.0,81.56249999999999,20.742379954487134,0.0540351197123527,0.5842090845108032
466308820.7762544,5086.0,85.78124999999999,9.594068226860458,0.0870880708098411,0.5205100178718567
466310020.7762544,3805.0,82.96875,22.02431283704216,0.0770320370793342,0.9496639966964722
466310620.7762544,3805.0,82.96875,22.02431283704216,0.0641374066472053,0.9002014398574829
466313620.7762544,4912.0,316.40625,12.024699180565818,0.0972717702388763,0.6426669359207153
466316620.7762544,1773.0,100.5,44.99388015045713,0.0529712960124015,0.6067074537277222
466316620.7762544,4066.0,97.03125,19.47122063449069,0.1932430416345596,0.9031502604484558
466317220.7762544,4066.0,97.03125,19.47122063449069,0.0783698707818985,0.8756369352340698
466319020.7762544,1516.0,14.464285714285714,48.14120779436029,0.0845014229416847,0.6087453365325928
466319620.7762544,2855.0,291.09375,32.79716829582364,0.0959150120615959,0.6549244523048401
466320820.7762544,1117.0,50.625,54.340912303861245,0.0674772709608078,0.5180543661117554
466322620.7762544,10590.0,131.89655172413794,-46.5718474134496,0.0883058980107307,0.6272301077842712
466323220.7762544,10590.0,131.89655172413794,-46.5718474134496,0.0688430815935134,0.7908946871757507
466336420.7762544,10010.0,254.53125,-38.68218745348943,0.2335226535797119,0.5230197310447693
466336420.7762544,12103.0,319.5,-75.34073424154306,0.1962053477764129,0.5580164194107056
466346620.7762544,9888.0,270.0,-37.168899655999454,0.83919757604599,0.5308846831321716
466348420.7762544,7615.0,357.18749999999994,-13.248014905676952,0.0617572516202926,0.8115096688270569
466350220.7762544,10588.0,125.68965517241378,-46.5718474134496,0.2847263514995575,0.5842760801315308
466350820.7762544,7263.0,87.18749999999999,-10.806922874860348,0.0822075977921485,0.9023551940917969
466353820.7762544,1041.0,115.43478260869564,55.873350435251986,0.0667952895164489,0.7608264684677124
466354420.7762544,1041.0,115.43478260869564,55.873350435251986,0.0781698003411293,0.502127468585968
466355620.7762544,3939.0,98.4375,20.742379954487134,0.0555539764463901,0.6278932690620422
466355620.7762544,4066.0,97.03125,19.47122063449069,0.1683085858821869,0.8716087937355042
466356820.7762544,11711.0,187.9411764705882,-64.94808409550689,0.1708749085664749,0.8584975600242615
466358620.7762544,7849.0,295.3125,-15.713861048008212,0.1193768456578254,0.8629690408706665
466359220.7762544,7849.0,295.3125,-15.713861048008212,0.1899769902229309,0.6795547008514404
466378420.7762544,3933.0,81.56249999999999,20.742379954487134,0.0915956869721412,0.622682511806488
466378420.7762544,4323.0,99.84375,16.957763300004146,0.1078695356845855,0.5797117948532104
466382020.7762544,8504.0,338.90625,-22.02431283704216,0.1830912083387375,0.6501362323760986
466382620.7762544,4538.0,343.12499999999994,15.713861048008212,0.0984099954366684,0.5204392075538635
466382620.7762544,8504.0,338.90625,-22.02431283704216,0.0935171023011207,0.7545563578605652
466385020.7762544,4067.0,99.84375,19.47122063449069,0.0968248844146728,0.8511208295822144
466388020.7762544,1008.0,345.6818181818182,57.39952353962294,0.1839700490236282,0.5095339417457581
466393420.7762544,5038.0,309.375,10.806922874860348,0.1122424304485321,0.6003980040550232
466405420.7762544,6560.0,270.0,-3.583321698471977,0.5591880083084106,0.7660673260688782
466412020.7762544,3550.0,85.78124999999999,24.62431835216408,0.4027498662471771,0.5415233969688416
466416820.7762544,4538.0,343.12499999999994,15.713861048008212,0.059849563986063,0.8473050594329834
466423420.7762544,955.0,128.86363636363637,57.39952353962294,0.0610362701117992,0.8052496910095215
466424020.7762544,955.0,128.86363636363637,57.39952353962294,0.1846139281988144,0.8106381297111511
466424020.7762544,4322.0,97.03125,16.957763300004146,0.1920590698719024,0.9920384883880615
466428220.7762544,7585.0,272.8125,-13.248014905676952,0.2976828813552856,0.7611665725708008
466442020.7762544,10588.0,125.68965517241378,-46.5718474134496,0.1543214917182922,0.5234947204589844
466442620.7762544,10589.0,128.79310344827587,-46.5718474134496,0.096843309700489,0.7571209073066711
466454020.7762544,1142.0,144.375,54.340912303861245,0.0729089751839637,0.5876641869544983
466458820.7762544,3805.0,82.96875,22.02431283704216,0.0558058507740497,0.8268152475357056
466467820.7762544,995.0,292.5,57.39952353962294,0.5179601311683655,0.7593315839767456
466467820.7762544,2198.0,241.875,40.228184728061095,0.2993039488792419,0.7078042030334473
466473220.7762544,7829.0,239.0625,-15.713861048008212,0.0802128314971923,0.6735429167747498
466473220.7762544,9386.0,298.125,-31.388166464348544,0.1755366325378418,0.5399069786071777
466473820.7762544,9386.0,298.125,-31.388166464348544,0.1071497946977615,0.5453007817268372
466475620.7762544,11346.0,288.40909090909093,-57.39952353962295,0.077385202050209,0.7815210819244385
466482820.7762544,11068.0,289.8,-52.801853781730614,0.1887721866369247,0.5664262771606445
466496620.7762544,4666.0,344.53125,14.477512185929925,0.2197135686874389,0.7883777618408203
466496620.7762544,9620.0,236.25,-34.22886632781257,0.6405682563781738,0.6388488411903381
466496620.7762544,10261.0,240.46874999999991,-41.81031489577862,0.1179106384515762,0.5176847577095032
466497220.7762544,4666.0,344.53125,14.477512185929925,0.6199063062667847,0.9808863997459412
466500220.7762544,2320.0,226.40625,38.68218745348943,0.0508215129375457,0.9360871911048889
466503820.7762544,4322.0,97.03125,16.957763300004146,0.1303681433200836,0.6664302945137024
466509220.7762544,11509.0,276.75,-60.4344388449523,0.8951468467712402,0.5064331293106079
466509220.7762544,11659.0,277.5,-63.448283680301046,0.1278958916664123,0.6463738083839417
466515820.7762544,3549.0,82.96875,24.62431835216408,0.0714404210448265,0.9592565298080444
466515820.7762544,3805.0,82.96875,22.02431283704216,0.080774001777172,0.7980495691299438
466515820.7762544,3806.0,85.78124999999999,22.02431283704216,0.1089618131518364,0.981147050857544
466516420.7762544,6881.0,94.21875,-7.180755781458288,0.0874774530529975,0.7019060850143433
466518820.7762544,10281.0,296.71874999999994,-41.81031489577862,0.1352484375238418,0.5059290528297424
466521820.7762544,3805.0,82.96875,22.02431283704216,0.0588886775076389,0.8397507071495056
466521820.7762544,10589.0,128.79310344827587,-46.5718474134496,0.095594085752964,0.9615952372550964
466522420.7762544,3805.0,82.96875,22.02431283704216,0.0680723413825035,0.9724799394607544
466532020.7762544,8499.0,324.84375,-22.02431283704216,0.5867512226104736,0.6152957677841187
466538620.7762544,3677.0,81.56249999999999,23.31795706533424,0.0657918080687522,0.7910222411155701
466538620.7762544,3933.0,81.56249999999999,20.742379954487134,0.290134996175766,0.900915801525116
466538620.7762544,3934.0,84.37499999999999,20.74237995448715,0.4893315136432647,0.8324404358863831
466539220.7762544,3934.0,84.37499999999999,20.74237995448715,0.1273231953382492,0.9798839092254639
466541020.7762544,6918.0,198.28124999999997,-7.180755781458288,0.095290295779705,0.5937176942825317
466543420.7762544,6214.0,16.875,-1.1937484371410818,0.1273737102746963,0.5214157104492188
466546420.7762544,2032.0,136.40625,41.81031489577859,0.0535438545048236,0.5930530428886414
466551220.7762544,10347.0,126.29032258064515,-43.40685848593699,0.5482704043388367,0.832828938961029
466551820.7762544,8732.0,260.15625,-24.62431835216408,0.1320352554321289,0.6477324366569519
466554820.7762544,9911.0,334.6875,-37.168899655999454,0.1025861799716949,0.5580400228500366
466559020.7762544,967.0,177.95454545454544,57.39952353962294,0.3317458927631378,0.6703746318817139
466559620.7762544,967.0,177.95454545454544,57.39952353962294,0.1424489468336105,0.7855662107467651
466564792.2540135,10032.0,316.40625,-38.68218745348943,0.4079860746860504,0.6494116187095642
466568392.2540135,4322.0,97.03125,16.957763300004146,0.0514336414635181,0.5568361878395081
466570792.2540135,2502.0,18.28125,35.68533471265204,0.0771931037306785,0.5886209011077881
466570792.2540135,4409.0,341.71874999999994,16.957763300004146,0.5796434283256531,0.6919426918029785
466571392.2540135,2502.0,18.28125,35.68533471265204,0.1116926521062851,0.689754068851471
466571392.2540135,4409.0,341.71874999999994,16.957763300004146,0.2611178457736969,0.6388863325119019
466574992.2540135,11733.0,304.4117647058824,-64.94808409550689,0.0537303462624549,0.9345287084579468
466576792.2540135,8862.0,264.375,-25.944479772370016,0.0838461816310882,0.5713852643966675
466576792.2540135,9118.0,264.375,-28.630989836924357,0.3862659931182861,0.5129847526550293
466582792.2540135,4538.0,343.12499999999994,15.713861048008212,0.3672544956207275,0.5857886075973511
466586392.2540135,10253.0,217.96874999999991,-41.81031489577862,0.1571003198623657,0.7394726276397705
466595392.2540135,4189.0,81.56249999999999,18.209956864283,0.0664887726306915,0.7251327037811279
466597792.2540135,10373.0,201.77419354838707,-43.40685848593699,0.0923504084348678,0.8318114280700684
466598392.2540135,6300.0,258.75,-1.1937484371410818,0.0863337069749832,0.8588240146636963
466598392.2540135,7832.0,247.49999999999997,-15.713861048008212,0.057772222906351,0.645706295967102
466598992.2540135,6300.0,258.75,-1.1937484371410818,0.0564584247767925,0.5814370512962341
466600792.2540135,10296.0,338.90625,-41.81031489577862,0.0512243211269378,0.6199201941490173
466606192.2540135,4794.0,343.12499999999994,13.248014905676952,0.0598584897816181,0.5415666103363037
466612792.2540135,9521.0,319.21875,-32.79716829582364,0.0752390250563621,0.8429985046386719
466613392.2540135,10590.0,131.89655172413794,-46.5718474134496,0.3142924904823303,0.6349369287490845
466619392.2540135,9321.0,115.31249999999996,-31.388166464348544,0.2236086726188659,0.6821222305297852
466620592.2540135,9237.0,240.46874999999991,-30.000000000000018,0.060030847787857,0.7952266931533813
466621192.2540135,11245.0,240.65217391304347,-55.87335043525198,0.8469892740249634,0.7312595248222351
466621792.2540135,7834.0,253.125,-15.713861048008212,0.438138335943222,0.5714937448501587
466621792.2540135,8854.0,241.875,-25.944479772370016,0.5192366242408752,0.5286015868186951
466621792.2540135,8982.0,243.28124999999991,-27.27961273597809,0.2399402260780334,0.5736711621284485
466621792.2540135,9110.0,241.875,-28.630989836924357,0.6914507150650024,0.8613276481628418
466624192.2540135,10032.0,316.40625,-38.68218745348943,0.0707987248897552,0.5483836531639099
466624792.2540135,7784.0,112.5,-15.713861048008212,0.1269614398479461,0.7834886908531189
466625392.2540135,5474.0,95.625,5.979156796301311,0.7206814289093018,0.619382381439209
466625992.2540135,970.0,190.22727272727272,57.39952353962295,0.0591931045055389,0.545417845249176
466630192.2540135,3677.0,81.56249999999999,23.31795706533424,0.4686148166656494,0.7187553644180298
466634992.2540135,10302.0,355.78125,-41.81031489577862,0.0505469515919685,0.5342231392860413
466637392.2540135,1428.0,81.66666666666666,49.702390326630685,0.1886651515960693,0.6346075534820557
466639792.2540135,3508.0,326.24999999999994,25.94447977237,0.0886024981737136,0.7532256841659546
466641592.2540135,4066.0,97.03125,19.47122063449069,0.1094047427177429,0.9623620510101318
466641592.2540135,4323.0,99.84375,16.957763300004146,0.3168648183345794,0.9764159321784973
466649392.2540135,6789.0,194.06249999999991,-5.979156796301311,0.2174963504076004,0.5290151238441467
466649992.2540135,6789.0,194.06249999999991,-5.979156796301311,0.1190386787056922,0.5530920624732971
466651792.2540135,629.0,87.5,63.44828368030106,0.1154774874448776,0.7307334542274475
466660192.2540135,628.0,82.50000000000001,63.44828368030106,0.0913493707776069,0.5201845765113831
466660792.2540135,628.0,82.50000000000001,63.44828368030106,0.0570555552840232,0.5288254618644714
466666192.2540135,6169.0,251.71875,0.0,0.0644797682762146,0.9934678673744202
466668592.2540135,6048.0,270.0,1.1937484371410818,0.0739185959100723,0.7287083268165588
466685992.2540135,821.0,276.75,60.43443884495228,0.4352780878543854,0.6465485692024231
466688992.2540135,9358.0,219.375,-31.388166464348544,0.0682117566466331,0.6458327770233154
466691992.2540135,11157.0,260.625,-54.340912303861245,0.0943223312497139,0.5264708399772644
466693192.2540135,10199.0,66.09375,-41.81031489577862,0.2463066428899765,0.6245682239532471
466699792.2540135,11407.0,186.42857142857144,-58.91977535280316,0.057893831282854,0.5381526350975037
466702192.2540135,3243.0,300.9375,28.630989836924343,0.0670110136270523,0.7334793210029602
466704592.2540135,10470.0,127.5,-44.99388015045713,0.0541035756468772,0.9728111624717712
466704592.2540135,11119.0,118.125,-54.340912303861245,0.0563619397580623,0.6783071160316467
466705192.2540135,10348.0,129.19354838709677,-43.40685848593699,0.0610850378870964,0.5388562679290771
466706992.2540135,1572.0,194.4642857142857,48.14120779436029,0.0679884627461433,0.8207728266716003
466709992.2540135,3805.0,82.96875,22.02431283704216,0.1115377768874168,0.7533665299415588
466709992.2540135,3933.0,81.56249999999999,20.742379954487134,0.3247400224208832,0.9412762522697449
466711792.2540135,9621.0,239.0625,-34.22886632781257,0.0730752497911453,0.5146822929382324
466713592.2540135,5668.0,282.65625,4.780191847199163,0.1720384806394577,0.8352255821228027
466719592.2540135,780.0,92.25,60.43443884495228,0.0651569813489914,0.5385451316833496
466722592.2540135,11152.0,241.875,-54.340912303861245,0.7969020009040833,0.5706956386566162
466723792.2540135,10966.0,285.57692307692304,-51.25580694880492,0.0502828247845172,0.5379438400268555
466726792.2540135,11865.0,345.0,-67.93492864899142,0.09866464138031,0.9574372172355652
466732792.2540135,3935.0,87.18749999999999,20.742379954487134,0.1019749417901039,0.8819331526756287
466732792.2540135,4061.0,82.96875,19.47122063449069,0.4660495221614837,0.9156890511512756
466733992.2540135,10347.0,126.29032258064515,-43.40685848593699,0.6065152883529663,0.6394287347793579
466736992.2540135,8361.0,295.3125,-20.742379954487134,0.0569686107337474,0.6699776649475098
466742392.2540135,2611.0,324.84375,35.68533471265204,0.4308795630931854,0.6095162630081177
466742392.2540135,4282.0,343.12499999999994,18.209956864283,0.0599402077496051,0.9544384479522705
466742992.2540135,2611.0,324.84375,35.68533471265204,0.2309801280498504,0.9473074078559875
466756792.2540135,8609.0,272.8125,-23.31795706533424,0.2191748768091201,0.5766143202781677
466759192.2540135,8475.0,257.34375,-22.02431283704216,0.1788045018911361,0.7053982019424438
466771192.2540135,11249.0,256.304347826087,-55.87335043525198,0.1340791285037994,0.5020045042037964
466771792.2540135,8479.0,268.59375,-22.02431283704216,0.0516328997910022,0.6272065043449402
466775392.2540135,1708.0,262.2413793103448,46.57184741344958,0.0950093194842338,0.7025920152664185
466783192.2540135,9373.0,261.56249999999994,-31.388166464348544,0.1580514162778854,0.5864138603210449
466784992.2540135,4323.0,99.84375,16.957763300004146,0.0740403905510902,0.5784128904342651
466789792.2540135,4311.0,66.09375,16.957763300004146,0.1831738054752349,0.6508220434188843
466792792.2540135,9877.0,239.0625,-37.168899655999454,0.3316724002361297,0.7644588947296143
466792792.2540135,11727.0,272.6470588235294,-64.94808409550689,0.1661759614944458,0.5684596300125122
466794592.2540135,11360.0,345.6818181818182,-57.39952353962295,0.0654610693454742,0.5429293513298035
466795192.2540135,8240.0,316.40625,-19.47122063449069,0.3530557751655578,0.584175705909729
466795192.2540135,9263.0,313.59375,-30.000000000000018,0.0986241847276687,0.5429432392120361
466798792.2540135,949.0,104.3181818181818,57.39952353962294,0.0505480989813804,0.614790141582489
466801192.2540135,6237.0,81.56249999999999,-1.1937484371410818,0.0679650530219078,0.6101686954498291
466804792.2540135,7833.0,250.31249999999997,-15.713861048008212,0.3710836172103882,0.8447515964508057
466805392.2540135,7833.0,250.31249999999997,-15.713861048008212,0.2000946551561355,0.9590292572975159
466805392.2540135,8090.0,253.125,-18.209956864283015,0.0744538828730583,0.5848551392555237
466805392.2540135,8217.0,251.71875,-19.47122063449069,0.1740965098142624,0.545782744884491
466811392.2540135,2101.0,330.46875,41.81031489577859,0.0814189687371254,0.6033452749252319
466811992.2540135,3934.0,84.37499999999999,20.74237995448715,0.1299777328968048,0.7741638422012329
466811992.2540135,3935.0,87.18749999999999,20.742379954487134,0.0720661655068397,0.5438144207000732
466812592.2540135,3935.0,87.18749999999999,20.742379954487134,0.0803522691130638,0.525087296962738
466815592.2540135,8088.0,247.49999999999997,-18.209956864283,0.0614856630563735,0.6632660627365112
466820992.2540135,2023.0,111.09375,41.81031489577859,0.1973988711833953,0.5999966263771057
466820992.2540135,4083.0,144.84375,19.47122063449069,0.1262903362512588,0.5743224024772644
466831192.2540135,2033.0,139.21875,41.81031489577859,0.0586907900869846,0.7923907041549683
466831192.2540135,4995.0,188.43749999999997,10.806922874860348,0.1446134448051452,0.555794358253479
466831792.2540135,2033.0,139.21875,41.81031489577859,0.0696899443864822,0.6048264503479004
466833592.2540135,1616.0,335.89285714285717,48.14120779436029,0.1470243781805038,0.5139092206954956
466838392.2540135,9879.0,244.68749999999997,-37.168899655999454,0.1593830734491348,0.5423310995101929
466838392.2540135,11436.0,310.7142857142857,-58.91977535280316,0.0851182416081428,0.7960343360900879
466848592.2540135,11851.0,261.0,-67.93492864899142,0.102166511118412,0.6414419412612915
466861192.2540135,10379.0,219.1935483870967,-43.40685848593699,0.6509479880332947,0.9387528300285339
466861192.2540135,11912.0,286.0714285714286,-69.4225464945822,0.4181238412857055,0.7929057478904724
466880392.2540135,3008.0,1.4062500000000002,30.000000000000007,0.0560190863907337,0.6387040615081787
466882192.2540135,10588.0,125.68965517241378,-46.5718474134496,0.3504519760608673,0.607957124710083
466882792.2540135,10588.0,125.68965517241378,-46.5718474134496,0.4849002659320831,0.6441915035247803
466888192.2540135,10703.0,126.96428571428572,-48.1412077943603,0.9937083721160888,0.7693048715591431
466892992.2540135,3803.0,77.34375,22.02431283704216,0.0905053168535232,0.788460373878479
466897192.2540135,9900.0,303.75,-37.168899655999454,0.0563189275562763,0.6194342374801636
466897192.2540135,10028.0,305.15625,-38.68218745348943,0.260922372341156,0.8039851188659668
466898392.2540135,11902.0,221.78571428571425,-69.4225464945822,0.1099928244948387,0.5898469090461731
466898992.2540135,10221.0,127.96874999999996,-41.81031489577862,0.1189678907394409,0.644752562046051
466898992.2540135,11510.0,281.24999999999994,-60.4344388449523,0.0917939618229866,0.7650731801986694
466899592.2540135,10221.0,127.96874999999996,-41.81031489577862,0.059028260409832,0.6384183764457703
466899592.2540135,10471.0,130.5,-44.99388015045713,0.0878792852163314,0.6406287550926208
466900192.2540135,4196.0,101.25,18.209956864283,0.687015950679779,0.5532194375991821
466900792.2540135,700.0,78.15789473684211,61.9438370231567,0.0994985774159431,0.6553210616111755
466912792.2540135,968.0,182.04545454545453,57.39952353962294,0.2035147100687027,0.506922721862793
466913392.2540135,2867.0,324.84375,32.79716829582364,0.6428031325340271,0.7512078285217285
466928992.2540135,11794.0,284.0625,-66.44353569089876,0.2362145185470581,0.7217968702316284
466936192.2540135,1175.0,268.125,54.340912303861245,0.1773830205202102,0.9302878975868225
466937992.2540135,435.0,93.0,67.93492864899142,0.0673592090606689,0.7190430164337158
466941592.2540135,5801.0,295.3125,3.583321698471977,0.0518145784735679,0.7107390761375427
466949392.2540135,378.0,93.21428571428572,69.4225464945822,0.1609473228454589,0.9142435789108276
466956592.2540135,5983.0,87.18749999999999,1.1937484371410818,0.0895636081695556,0.6181972026824951
466957192.2540135,5983.0,87.18749999999999,1.1937484371410818,0.0599604994058609,0.6837273240089417
466961992.2540135,3934.0,84.37499999999999,20.74237995448715,0.0677205845713615,0.8883428573608398
466961992.2540135,4061.0,82.96875,19.47122063449069,0.0915398225188255,0.9636061787605286
466962592.2540135,10703.0,126.96428571428572,-48.1412077943603,0.9181914329528807,0.7482451796531677
466963192.2540135,10703.0,126.96428571428572,-48.1412077943603,0.872409999370575,0.9890314936637878
466964392.2540135,5135.0,223.59374999999997,9.594068226860458,0.3584243655204773,0.6355419158935547
466964392.2540135,10027.0,302.34374999999994,-38.68218745348943,0.2640461027622223,0.6438360214233398
466970392.2540135,2120.0,22.500000000000004,40.228184728061095,0.1213798373937606,0.6586822867393494
466970992.2540135,2120.0,22.500000000000004,40.228184728061095,0.276612788438797,0.7876917719841003
466972192.2540135,5208.0,67.5,8.385538647081319,0.1614862382411956,0.586454451084137
466975792.2540135,12095.0,247.50000000000003,-75.34073424154306,0.3114625811576843,0.5494500994682312
466979392.2540135,4323.0,99.84375,16.957763300004146,0.2869398891925812,0.9287558197975159
466979992.2540135,4322.0,97.03125,16.957763300004146,0.0779637545347213,0.5874171853065491
466979992.2540135,4323.0,99.84375,16.957763300004146,0.8160538077354431,0.9298333525657654
466980592.2540135,4323.0,99.84375,16.957763300004146,0.5082558393478394,0.7332208752632141
466982992.2540135,4666.0,344.53125,14.477512185929925,0.1519907563924789,0.5623254179954529
466983592.2540135,325.0,93.46153846153844,70.90666664467562,0.2699541449546814,0.7040456533432007
466984192.2540135,325.0,93.46153846153844,70.90666664467562,0.8765698075294495,0.720702588558197
466992592.2540135,1371.0,247.50000000000003,51.25580694880489,0.0630601420998573,0.7407749891281128
466992592.2540135,1478.0,248.33333333333331,49.70239032663069,0.4141297936439514,0.8137990236282349
466993192.2540135,1478.0,248.33333333333331,49.70239032663069,0.1438091546297073,0.6392252445220947
466997392.2540135,11207.0,91.95652173913044,-55.87335043525198,0.1135230511426925,0.6112827658653259
466997992.2540135,10470.0,127.5,-44.99388015045713,0.0691629648208618,0.9913679957389832
466998592.2540135,5400.0,248.90625000000003,7.180755781458288,0.071498192846775,0.7560906410217285
467015992.2540135,1246.0,167.4,52.801853781730635,0.2072397768497467,0.7699747085571289
467015992.2540135,1348.0,167.8846153846154,51.25580694880489,0.1842680275440216,0.8350106477737427
467017192.2540135,4409.0,341.71874999999994,16.957763300004146,0.0990273058414459,0.6065431237220764
467017192.2540135,4665.0,341.71874999999994,14.47751218592994,0.0617813318967819,0.7756749391555786
467017792.2540135,4409.0,341.71874999999994,16.957763300004146,0.0695820674300193,0.5596669316291809
467020792.2540135,10623.0,234.3103448275862,-46.5718474134496,0.0585014931857585,0.9223023056983948
467022592.2540135,11584.0,267.6315789473684,-61.94383702315673,0.1518720537424087,0.6103081107139587
467026792.2540135,2176.0,180.0,40.228184728061095,0.1602049320936203,0.6127611398696899
467029192.2540135,4538.0,343.12499999999994,15.713861048008212,0.1160571277141571,0.7375505566596985
467029792.2540135,559.0,82.05882352941177,64.94808409550687,0.0685072690248489,0.594240665435791
467030992.2540135,2912.0,90.0,31.38816646434855,0.0689279362559318,0.7034698724746704
467041792.2540135,4062.0,85.78124999999999,19.47122063449069,0.0615507587790489,0.605729877948761
467041792.2540135,4322.0,97.03125,16.957763300004146,0.128966748714447,0.6948050856590271
467041792.2540135,4323.0,99.84375,16.957763300004146,0.3418481647968292,0.5371845960617065
467041792.2540135,4451.0,98.4375,15.713861048008212,0.9770406484603882,0.560135543346405
467043592.2540135,8961.0,184.21874999999997,-27.27961273597809,0.066157042980194,0.5916656851768494
467044192.2540135,8961.0,184.21874999999997,-27.27961273597809,0.1035529226064682,0.7712334990501404
467051992.2540135,4409.0,341.71874999999994,16.957763300004146,0.0573046095669269,0.5210482478141785
467053192.2540135,2551.0,156.09374999999997,35.68533471265204,0.055432740598917,0.6936076879501343
467053192.2540135,4060.0,80.15625,19.47122063449069,0.2345403879880905,0.7402909398078918
467053792.2540135,3934.0,84.37499999999999,20.74237995448715,0.1082744374871254,0.6878962516784668
467054992.2540135,11505.0,258.75000000000006,-60.4344388449523,0.0662264674901962,0.5077621936798096
467055592.2540135,11505.0,258.75000000000006,-60.4344388449523,0.0539776384830474,0.6225579977035522
467057392.2540135,7580.0,258.75,-13.248014905676952,0.1482236087322235,0.5396460294723511
467059192.2540135,10222.0,130.78124999999997,-41.81031489577862,0.0769529044628143,0.79887455701828
467063392.2540135,4061.0,82.96875,19.47122063449069,0.9529587626457214,0.9002689719200134
467063992.2540135,4061.0,82.96875,19.47122063449069,0.8823527693748474,0.9815146327018738
467064592.2540135,4061.0,82.96875,19.47122063449069,0.8787998557090759,0.8881668448448181
467068192.2540135,8096.0,270.0,-18.209956864283,0.1856210380792617,0.54039067029953
467069392.2540135,8739.0,279.84375,-24.62431835216408,0.065730832517147,0.8783325552940369
467069992.2540135,10158.0,309.375,-40.22818472806108,0.2174586206674575,0.8047239184379578
467075992.2540135,8285.0,81.56249999999999,-20.742379954487134,0.0590859018266201,0.8537527918815613
467076592.2540135,8285.0,81.56249999999999,-20.742379954487134,0.0634054988622665,0.7654416561126709
467077792.2540135,7569.0,227.8125,-13.248014905676952,0.0867812782526016,0.6867080926895142
467096392.2540135,905.0,280.7142857142857,58.91977535280315,0.0783063098788261,0.7484830021858215
467099992.2540135,10374.0,204.67741935483863,-43.40685848593699,0.078776441514492,0.5604759454727173
467109592.2540135,7379.0,54.84375,-12.024699180565818,0.1378986686468124,0.5343984365463257
467113192.2540135,11903.0,228.2142857142857,-69.4225464945822,0.1924727261066436,0.5615230202674866
467113792.2540135,7080.0,292.5,-8.385538647081319,0.1636549979448318,0.5494177341461182
467114992.2540135,8002.0,5.625,-18.209956864283,0.1788921058177948,0.8442623615264893
467115592.2540135,8002.0,5.625,-18.209956864283,0.0888331606984138,0.6847602725028992
467123992.2540135,7185.0,229.21874999999997,-9.594068226860458,0.0894660577178001,0.5196693539619446
467126992.2540135,11119.0,118.125,-54.340912303861245,0.0855845957994461,0.623179018497467
467127592.2540135,10588.0,125.68965517241378,-46.5718474134496,0.1024276986718177,0.9907680153846741
467127592.2540135,10703.0,126.96428571428572,-48.1412077943603,0.993519365787506,0.5156631469726562
467128192.2540135,10703.0,126.96428571428572,-48.1412077943603,0.9710103869438172,0.9284640550613403
467128792.2540135,3416.0,67.5,25.94447977237,0.0654472112655639,0.7395392060279846
467131192.2540135,5572.0,12.656249999999998,4.780191847199163,0.3120383322238922,0.5487861633300781
467132392.2540135,4196.0,101.25,18.209956864283,0.3183551430702209,0.5634621977806091
467132992.2540135,7138.0,97.03125,-9.594068226860458,0.0716556310653686,0.5432541370391846
467134792.2540135,11218.0,135.0,-55.87335043525198,0.0578333102166652,0.6328766345977783
467137192.2540135,7841.0,272.8125,-15.713861048008212,0.1429464370012283,0.8228817582130432
467138992.2540135,10588.0,125.68965517241378,-46.5718474134496,0.9392043352127076,0.8277970552444458
467139592.2540135,10347.0,126.29032258064515,-43.40685848593699,0.8450382947921753,0.8292177319526672
467139592.2540135,10588.0,125.68965517241378,-46.5718474134496,0.0605870932340621,0.8810665011405945
467139592.2540135,10589.0,128.79310344827587,-46.5718474134496,0.7103090882301331,0.7479732036590576
467140192.2540135,2004.0,57.656249999999986,41.8103148957786,0.077931597828865,0.5667167901992798
467143192.2540135,1101.0,350.2173913043478,55.873350435251986,0.1402339935302734,0.5964484810829163
467153992.2540135,4538.0,343.12499999999994,15.713861048008212,0.0695240944623947,0.8085253238677979
467158192.2540135,9623.0,244.68749999999997,-34.2288663278126,0.4991368055343628,0.5573658347129822
467159392.2540135,7200.0,271.40624999999994,-9.594068226860458,0.0972510948777198,0.771543025970459
467162392.2540135,4322.0,97.03125,16.957763300004146,0.092166468501091,0.5334118604660034
467162992.2540135,4323.0,99.84375,16.957763300004146,0.8043355941772461,0.6614545583724976
467170469.73226726,7600.0,315.0,-13.248014905676952,0.2399173378944397,0.771541178226471
467171069.73226726,7600.0,315.0,-13.248014905676952,0.3632415235042572,0.6170054078102112
467171669.73226726,7600.0,315.0,-13.248014905676952,0.0985546112060546,0.8642604351043701
467173469.73226726,3934.0,84.37499999999999,20.74237995448715,0.106939822435379,0.5235357880592346
467174069.73226726,3806.0,85.78124999999999,22.02431283704216,0.101271815598011,0.6662507653236389
467174069.73226726,4062.0,85.78124999999999,19.47122063449069,0.1643306016921997,0.812515139579773
467189069.73226726,5958.0,16.875,1.1937484371410818,0.6511117219924927,0.7334216237068176
467193269.73226726,3615.0,268.59375,24.62431835216408,0.5622832179069519,0.5769327878952026
467195069.73226726,7473.0,319.21875,-12.024699180565818,0.0815165787935257,0.5039142370223999
467195069.73226726,7601.0,317.81249999999994,-13.248014905676952,0.0732132494449615,0.6071752309799194
467201669.73226726,4066.0,97.03125,19.47122063449069,0.0759398192167282,0.9540934562683105
467210069.73226726,1501.0,325.0,49.70239032663069,0.0632163733243942,0.5139188170433044
467211869.73226726,671.0,297.49999999999994,63.44828368030106,0.1244395598769187,0.689361035823822
467214869.73226726,6019.0,188.43749999999997,1.1937484371410818,0.0670256912708282,0.5741497278213501
467215469.73226726,6019.0,188.43749999999997,1.1937484371410818,0.0979707613587379,0.8190212249755859
467215469.73226726,9231.0,223.59374999999997,-30.000000000000018,0.0906544998288154,0.5161465406417847
467216669.73226726,11160.0,271.875,-54.340912303861245,0.1611143797636032,0.5742427110671997
467217869.73226726,10038.0,333.28124999999994,-38.68218745348943,0.0753028467297554,0.6279529333114624
467219069.73226726,10588.0,125.68965517241378,-46.5718474134496,0.0734841674566268,0.7693145275115967
467224469.73226726,1875.0,44.99999999999999,43.40685848593699,0.0550562739372253,0.5893577933311462
467224469.73226726,3933.0,81.56249999999999,20.742379954487134,0.0702092051506042,0.571984589099884
467225069.73226726,10588.0,125.68965517241378,-46.5718474134496,0.206451267004013,0.6602317690849304
467226869.73226726,10397.0,271.45161290322585,-43.40685848593699,0.1161121651530265,0.9109694957733154
467229269.73226726,10584.0,113.27586206896552,-46.5718474134496,0.0692330226302146,0.5296509265899658
467231069.73226726,4067.0,99.84375,19.47122063449069,0.0623450241982936,0.7824792861938477
467234069.73226726,4410.0,344.53125,16.957763300004146,0.0544386766850948,0.5344274640083313
467234669.73226726,5429.0,330.46875,7.180755781458288,0.2293548583984375,0.5015193819999695
467237669.73226726,8836.0,191.25,-25.944479772370016,0.0600481145083904,0.7364256381988525
467241869.73226726,11577.0,234.4736842105263,-61.94383702315673,0.1380912810564041,0.524945080280304
467243069.73226726,3068.0,170.15625,30.000000000000007,0.060816504061222,0.9359488487243652
467247269.73226726,4322.0,97.03125,16.957763300004146,0.380472868680954,0.9613415002822876
467250869.73226726,8867.0,278.4375,-25.944479772370016,0.1231779307126998,0.5350067019462585
467256269.73226726,1954.0,274.35483870967744,43.406858485936986,0.0908519029617309,0.5050938725471497
467257469.73226726,4776.0,292.5,13.248014905676952,0.2915126383304596,0.7672179937362671
467271869.73226726,10588.0,125.68965517241378,-46.5718474134496,0.1270543932914734,0.9362144470214844
467273069.73226726,12097.0,265.5,-75.34073424154306,0.319411426782608,0.5482439994812012
467273669.73226726,12097.0,265.5,-75.34073424154306,0.642825186252594,0.7641556262969971
467274269.73226726,8611.0,278.4375,-23.31795706533424,0.2075189054012298,0.8010479211807251
467277269.73226726,3565.0,127.96874999999996,24.62431835216408,0.3281976580619812,0.5556206107139587
467281469.73226726,3805.0,82.96875,22.02431283704216,0.119735799729824,0.8624451160430908
467283269.73226726,10589.0,128.79310344827587,-46.5718474134496,0.0792702212929725,0.570804238319397
467291069.73226726,4410.0,344.53125,16.957763300004146,0.0565095022320747,0.5578671097755432
467291069.73226726,4538.0,343.12499999999994,15.713861048008212,0.0582689456641674,0.7764304876327515
467293469.73226726,3933.0,81.56249999999999,20.742379954487134,0.1519723087549209,0.7814878821372986
467295269.73226726,10476.0,145.49999999999997,-44.99388015045713,0.0505044385790824,0.7125898599624634
467295869.73226726,5141.0,240.46874999999991,9.594068226860458,0.1128065437078476,0.9584202766418457
467295869.73226726,9483.0,212.34374999999997,-32.79716829582364,0.1875728964805603,0.5031266808509827
467297669.73226726,10031.0,313.59375,-38.68218745348943,0.0821047946810722,0.6952248215675354
467299469.73226726,10347.0,126.29032258064515,-43.40685848593699,0.1735355705022812,0.5854501724243164
467300069.73226726,1141.0,140.625,54.340912303861245,0.1070736497640609,0.5231402516365051
467300069.73226726,3413.0,59.0625,25.94447977237,0.6387730836868286,0.9230019450187683
467305469.73226726,10347.0,126.29032258064515,-43.40685848593699,0.2494503110647201,0.8127416968345642
467307269.73226726,8455.0,201.09374999999997,-22.02431283704216,0.8094043135643005,0.6898367404937744
467307269.73226726,8583.0,199.68749999999997,-23.31795706533424,0.2279508113861084,0.7453405857086182
467307869.73226726,8455.0,201.09374999999997,-22.02431283704216,0.5228205919265747,0.6708986759185791
467313869.73226726,4409.0,341.71874999999994,16.957763300004146,0.0849511995911598,0.6242627501487732
467314469.73226726,4409.0,341.71874999999994,16.957763300004146,0.0549673065543174,0.8789370656013489
467316869.73226726,9587.0,143.43749999999997,-34.2288663278126,0.1079729124903678,0.9104422330856323
467317469.73226726,9587.0,143.43749999999997,-34.2288663278126,0.0736926719546318,0.9450321197509766
467318069.73226726,7314.0,230.62499999999991,-10.806922874860348,0.2918369174003601,0.7993813753128052
467319269.73226726,8090.0,253.125,-18.209956864283015,0.4368679821491241,0.692139208316803
467321669.73226726,10723.0,191.24999999999997,-48.1412077943603,0.0520671159029006,0.5841012597084045
467322269.73226726,10347.0,126.29032258064515,-43.40685848593699,0.0726925879716873,0.9608231782913208
467322269.73226726,10589.0,128.79310344827587,-46.5718474134496,0.0544849149882793,0.9805765748023987
467322869.73226726,4451.0,98.4375,15.713861048008212,0.9186520576477052,0.7879742383956909
467328269.73226726,10372.0,198.8709677419355,-43.40685848593699,0.1545754522085189,0.8613179326057434
467328869.73226726,10373.0,201.77419354838707,-43.40685848593699,0.0895289108157157,0.7724840044975281
467328869.73226726,10612.0,200.1724137931034,-46.5718474134496,0.1613619327545166,0.977310299873352
467330069.73226726,12006.0,228.74999999999997,-72.38756092964962,0.0726266652345657,0.6958408951759338
467330669.73226726,11579.0,243.94736842105263,-61.94383702315673,0.3696507215499878,0.6204245090484619
467333669.73226726,10590.0,131.89655172413794,-46.5718474134496,0.090931512415409,0.6203453540802002
467334269.73226726,3166.0,84.37499999999999,28.630989836924343,0.1512906700372696,0.5049616694450378
467339069.73226726,3550.0,85.78124999999999,24.62431835216408,0.1398116052150726,0.8831223845481873
467339069.73226726,3805.0,82.96875,22.02431283704216,0.1117834895849227,0.9935572743415833
467339069.73226726,3806.0,85.78124999999999,22.02431283704216,0.3319101929664612,0.6430522203445435
467339069.73226726,3934.0,84.37499999999999,20.74237995448715,0.1185663864016532,0.5298720002174377
467341469.73226726,8721.0,229.21874999999997,-24.62431835216408,0.085387073457241,0.6029614210128784
467345069.73226726,10589.0,128.79310344827587,-46.5718474134496,0.1450560837984085,0.697063148021698
467348069.73226726,527.0,267.1875,66.44353569089877,0.0570563115179538,0.5221531987190247
467352269.73226726,9877.0,239.0625,-37.168899655999454,0.0693754851818084,0.5484698414802551
467358869.73226726,2740.0,326.24999999999994,34.228866327812575,0.3081719577312469,0.8177323937416077
467358869.73226726,2867.0,324.84375,32.79716829582364,0.099277526140213,0.5535079836845398
467359469.73226726,2740.0,326.24999999999994,34.228866327812575,0.104566715657711,0.690046489238739
467359469.73226726,2867.0,324.84375,32.79716829582364,0.110168419778347,0.6995872259140015
467366069.73226726,9512.0,293.90625,-32.79716829582367,0.1659933775663375,0.5061591267585754
467366669.73226726,9384.0,292.5,-31.388166464348544,0.2285654544830322,0.6694291830062866
467367269.73226726,11426.0,267.85714285714283,-58.91977535280316,0.691665768623352,0.5625066757202148
467370869.73226726,4409.0,341.71874999999994,16.957763300004146,0.0864017382264137,0.5572997331619263
467370869.73226726,4918.0,333.28124999999994,12.024699180565818,0.0571751557290554,0.5527201890945435
467371469.73226726,4538.0,343.12499999999994,15.713861048008212,0.0743082836270332,0.615835964679718
467372069.73226726,4666.0,344.53125,14.477512185929925,0.0629511997103691,0.6375837922096252
467372669.73226726,2237.0,351.5625,40.228184728061095,0.1390715837478637,0.6053431630134583
467372669.73226726,4452.0,101.25,15.713861048008212,0.0508423820137977,0.5618714690208435
467373269.73226726,4451.0,98.4375,15.713861048008212,0.334686279296875,0.6867944002151489
467379269.73226726,7784.0,112.5,-15.713861048008212,0.1628485471010208,0.8784832954406738
467383469.73226726,4410.0,344.53125,16.957763300004146,0.3114801943302154,0.7248942255973816
467383469.73226726,4666.0,344.53125,14.477512185929925,0.5212617516517639,0.5193257927894592
467386469.73226726,9099.0,210.93749999999997,-28.630989836924357,0.3678683936595917,0.8575538396835327
467387669.73226726,6929.0,229.21874999999997,-7.180755781458288,0.0848993211984634,0.5748320817947388
467387669.73226726,8743.0,291.09375,-24.62431835216408,0.1186349913477897,0.6159548759460449
467391269.73226726,1224.0,88.2,52.80185378173063,0.212837353348732,0.58030766248703
467391269.73226726,10703.0,126.96428571428572,-48.1412077943603,0.4193950891494751,0.7527334094047546
467391869.73226726,1224.0,88.2,52.80185378173063,0.0549312122166156,0.619604766368866
467391869.73226726,1325.0,88.26923076923076,51.25580694880489,0.7422425746917725,0.6803151369094849
467392469.73226726,1325.0,88.26923076923076,51.25580694880489,0.1628588438034057,0.6427497267723083
467397869.73226726,8848.0,224.99999999999991,-25.944479772370016,0.1864349246025085,0.5412189364433289
467399669.73226726,7070.0,264.375,-8.385538647081319,0.2762393057346344,0.7162310481071472
467402069.73226726,10349.0,132.09677419354838,-43.40685848593699,0.0716926679015159,0.6219738125801086
467402669.73226726,4066.0,97.03125,19.47122063449069,0.3071772158145904,0.8994589447975159
467402669.73226726,4322.0,97.03125,16.957763300004146,0.3668980300426483,0.8008807301521301
467405069.73226726,4804.0,12.65625,12.024699180565818,0.0881996750831604,0.8457766175270081
467405669.73226726,4804.0,12.65625,12.024699180565818,0.1099092960357666,0.6195040345191956
467405669.73226726,4921.0,341.71874999999994,12.024699180565818,0.1630142629146576,0.8283587694168091
467407469.73226726,2257.0,49.21875,38.68218745348943,0.7318610548973083,0.5395487546920776
467409869.73226726,10373.0,201.77419354838707,-43.40685848593699,0.0547150857746601,0.6624220013618469
467414069.73226726,2524.0,80.15625,35.68533471265204,0.097416914999485,0.8318982124328613
467416469.73226726,1118.0,54.375,54.340912303861245,0.0704550221562385,0.7370167374610901
467419469.73226726,4061.0,82.96875,19.47122063449069,0.4446910619735718,0.6664504408836365
467421269.73226726,6928.0,226.40625,-7.180755781458288,0.0606373734772205,0.7274860739707947
467421269.73226726,7057.0,227.81249999999997,-8.385538647081319,0.067245028913021,0.9498893022537231
467422469.73226726,8991.0,268.59375,-27.27961273597809,0.2095692157745361,0.570985734462738
467425469.73226726,127.0,174.375,78.28414760510762,0.5669141411781311,0.8665341734886169
467425469.73226726,3828.0,147.65625,22.02431283704216,0.0572622492909431,0.9436745643615723
467426069.73226726,127.0,174.375,78.28414760510762,0.5167640447616577,0.9128885865211487
467426669.73226726,1327.0,95.1923076923077,51.25580694880489,0.1059444025158882,0.57624751329422
467427269.73226726,1026.0,56.73913043478261,55.873350435251986,0.2169632464647293,0.6882435083389282
467432669.73226726,10495.0,202.49999999999997,-44.99388015045713,0.1056111380457878,0.7556499242782593
467436869.73226726,6111.0,88.59375,0.0,0.3037203252315521,0.822099506855011
467439269.73226726,3899.0,347.34375,22.02431283704216,0.1349999457597732,0.6696670055389404
467439869.73226726,3899.0,347.34375,22.02431283704216,0.0502414777874946,0.9865813255310059
467444069.73226726,7041.0,182.81249999999997,-8.385538647081319,0.0894708186388015,0.6824691295623779
467444069.73226726,8972.0,215.15624999999991,-27.27961273597809,0.0809389352798461,0.5290697813034058
467452469.73226726,1876.0,47.903225806451616,43.40685848593699,0.0648339167237281,0.7913737893104553
467452469.73226726,4028.0,348.74999999999994,20.742379954487134,0.0859026983380317,0.5191137194633484
467462069.73226726,1965.0,306.2903225806451,43.406858485936986,0.1892539709806442,0.5112009644508362
467462069.73226726,2091.0,302.34374999999994,41.81031489577859,0.0980478972196579,0.8797318935394287
467462069.73226726,2220.0,303.75,40.228184728061095,0.5864505767822266,0.5431252717971802
467463869.73226726,1300.0,1.7307692307692306,51.25580694880489,0.1191837191581726,0.7088000774383545
467463869.73226726,1872.0,36.29032258064516,43.406858485936986,0.0746835619211196,0.5161565542221069
467471669.73226726,384.0,131.78571428571428,69.4225464945822,0.2218975722789764,0.7527037858963013
467472869.73226726,2347.0,302.34374999999994,38.68218745348943,0.2028531581163406,0.5912527441978455
467472869.73226726,4275.0,323.4375,18.209956864283,0.1705961972475052,0.5029725432395935
467473469.73226726,2347.0,302.34374999999994,38.68218745348943,0.1181540116667747,0.6394652128219604
467475869.73226726,2495.0,357.18749999999994,37.16889965599945,0.2038077861070633,0.5360647439956665
467477069.73226726,10590.0,131.89655172413794,-46.5718474134496,0.6054360866546631,0.7283721566200256
467482469.73226726,6620.0,80.15625,-4.780191847199163,0.0789810568094253,0.8378056883811951
467490269.73226726,11568.0,191.84210526315783,-61.94383702315673,0.1449711471796035,0.9709801077842712
467492669.73226726,9685.0,60.46875,-35.68533471265205,0.0510971620678901,0.7055351138114929
467493869.73226726,10704.0,130.17857142857142,-48.1412077943603,0.9149259328842164,0.5413371920585632
467494469.73226726,545.0,7.9411764705882355,64.94808409550687,0.1536323577165603,0.5694664120674133
467496269.73226726,1981.0,352.741935483871,43.40685848593699,0.2223856151103973,0.6014724373817444
467505269.73226726,4323.0,99.84375,16.957763300004146,0.1292140632867813,0.6955441236495972
467505269.73226726,10589.0,128.79310344827587,-46.5718474134496,0.0687823891639709,0.7667104601860046
467505869.73226726,4323.0,99.84375,16.957763300004146,0.1111180558800697,0.8141710758209229
467505869.73226726,4451.0,98.4375,15.713861048008212,0.995007872581482,0.9914489388465881
467512469.73226726,7680.0,181.40624999999997,-14.477512185929925,0.0500491708517074,0.6216201186180115
467526269.73226726,9127.0,289.6875,-28.630989836924357,0.1008134856820106,0.5948200225830078
467526869.73226726,9127.0,289.6875,-28.630989836924357,0.0532291755080223,0.6623715162277222
467528669.73226726,1889.0,85.64516129032258,43.406858485936986,0.1612376421689987,0.5572367310523987
467529269.73226726,1889.0,85.64516129032258,43.406858485936986,0.0660114735364914,0.5046192407608032
467532269.73226726,4666.0,344.53125,14.477512185929925,0.1301908493041992,0.6598529815673828
467534669.73226726,10347.0,126.29032258064515,-43.40685848593699,0.1286760866641998,0.7574544548988342
467534669.73226726,10588.0,125.68965517241378,-46.5718474134496,0.1948683857917785,0.6519474983215332
467534669.73226726,10589.0,128.79310344827587,-46.5718474134496,0.2454496175050735,0.7059942483901978
467535869.73226726,10958.0,257.88461538461536,-51.25580694880492,0.1318859905004501,0.5178427696228027
467537069.73226726,12129.0,214.99999999999997,-76.81353334098657,0.2647984623908996,0.6879211068153381
467540069.73226726,4322.0,97.03125,16.957763300004146,0.1155517771840095,0.9551541805267334
467540669.73226726,4322.0,97.03125,16.957763300004146,0.0832918509840965,0.5887491703033447
467542469.73226726,4410.0,344.53125,16.957763300004146,0.2648305594921112,0.7618405222892761
467543069.73226726,4538.0,343.12499999999994,15.713861048008212,0.0508807636797428,0.5767350792884827
467546069.73226726,10588.0,125.68965517241378,-46.5718474134496,0.4980010092258453,0.82021164894104
467547869.73226726,7699.0,234.84374999999997,-14.477512185929925,0.3738188743591308,0.5468263626098633
467548469.73226726,12285.0,135.0,-88.53802883735207,0.1539449095726013,0.5169271230697632
467550869.73226726,4067.0,99.84375,19.47122063449069,0.0591151751577854,0.6539992690086365
467551469.73226726,4066.0,97.03125,19.47122063449069,0.2553435862064361,0.7412847876548767
467551469.73226726,4067.0,99.84375,19.47122063449069,0.0817879661917686,0.5736733078956604
467551469.73226726,4322.0,97.03125,16.957763300004146,0.3745981752872467,0.8756382465362549
467555069.73226726,4693.0,59.0625,13.248014905676952,0.7610412240028381,0.6662479639053345
467555669.73226726,3806.0,85.78124999999999,22.02431283704216,0.2933948338031769,0.6489856839179993
467556869.73226726,4323.0,99.84375,16.957763300004146,0.0511872433125972,0.9337490200996399
467562869.73226726,4322.0,97.03125,16.957763300004146,0.0846448093652725,0.6061511635780334
467563469.73226726,331.0,135.0,70.90666664467562,0.0616872906684875,0.5454955697059631
467565869.73226726,4538.0,343.12499999999994,15.713861048008212,0.1676686853170395,0.8897026777267456
467568869.73226726,7318.0,241.875,-10.806922874860348,0.7796967625617981,0.566870927810669
467574269.73226726,2138.0,73.125,40.228184728061095,0.3322339057922363,0.5095599889755249
467574269.73226726,4322.0,97.03125,16.957763300004146,0.1173480153083801,0.7425554990768433
467574269.73226726,4451.0,98.4375,15.713861048008212,0.997840166091919,0.6735877990722656
467574869.73226726,4451.0,98.4375,15.713861048008212,0.951467216014862,0.7777997851371765
467576669.73226726,4538.0,343.12499999999994,15.713861048008212,0.0631467178463935,0.9213270545005798
467577269.73226726,4409.0,341.71874999999994,16.957763300004146,0.0947658345103263,0.9853653311729431
467577269.73226726,4410.0,344.53125,16.957763300004146,0.085468515753746,0.698918342590332
467577269.73226726,4538.0,343.12499999999994,15.713861048008212,0.1440110653638839,0.9188138842582703
467577269.73226726,4794.0,343.12499999999994,13.248014905676952,0.9353157877922058,0.9390854239463806
467577869.73226726,4538.0,343.12499999999994,15.713861048008212,0.1964212656021118,0.9277102947235107
467577869.73226726,4539.0,345.9375,15.713861048008212,0.0610987618565559,0.7883942723274231
467578469.73226726,1225.0,91.8,52.80185378173063,0.1856742948293686,0.5092988610267639
467580869.73226726,10113.0,182.81249999999997,-40.22818472806108,0.1307412683963775,0.565615713596344
467581469.73226726,10113.0,182.81249999999997,-40.22818472806108,0.1699327230453491,0.9982757568359375
467590469.73226726,4823.0,66.09375,12.024699180565818,0.1229754388332367,0.668892502784729
467594069.73226726,11573.0,215.52631578947367,-61.94383702315673,0.254795640707016,0.5597683191299438
467597069.73226726,4062.0,85.78124999999999,19.47122063449069,0.0577068477869033,0.8036438226699829
467599469.73226726,4538.0,343.12499999999994,15.713861048008212,0.0958252996206283,0.9715392589569092
467604269.73226726,11402.0,165.0,-58.91977535280316,0.0960718542337417,0.5134498476982117
467608469.73226726,3549.0,82.96875,24.62431835216408,0.10025455057621,0.5209479331970215
467610869.73226726,7458.0,277.03124999999994,-12.024699180565818,0.2654013335704803,0.8595743775367737
467622269.73226726,4794.0,343.12499999999994,13.248014905676952,0.8174265027046204,0.9302464723587036
467622869.73226726,4153.0,341.71874999999994,19.47122063449069,0.7913039922714233,0.9674266576766968
467622869.73226726,4163.0,8.4375,18.209956864283,0.093843974173069,0.5171708464622498
467622869.73226726,4794.0,343.12499999999994,13.248014905676952,0.9384331703186036,0.8868629932403564
467623469.73226726,4153.0,341.71874999999994,19.47122063449069,0.1366508603096008,0.7896761298179626
467627669.73226726,10379.0,219.1935483870967,-43.40685848593699,0.0775865912437439,0.7781302332878113
467628269.73226726,8462.0,220.78124999999997,-22.02431283704216,0.088989645242691,0.7877665162086487
467634269.73226726,4154.0,344.53125,19.47122063449069,0.0542270801961422,0.6763979196548462
467634269.73226726,4410.0,344.53125,16.957763300004146,0.2449425160884857,0.6151067614555359
467634269.73226726,4538.0,343.12499999999994,15.713861048008212,0.1483289897441864,0.8670861721038818
467634869.73226726,3771.0,345.9375,23.31795706533424,0.0541812218725681,0.5876772403717041
467634869.73226726,4409.0,341.71874999999994,16.957763300004146,0.1074569299817085,0.7973423600196838
467634869.73226726,4410.0,344.53125,16.957763300004146,0.1928891986608505,0.6985987424850464
467634869.73226726,4538.0,343.12499999999994,15.713861048008212,0.104328766465187,0.921621561050415
467634869.73226726,4665.0,341.71874999999994,14.47751218592994,0.6160188913345337,0.9996362924575806
467639669.73226726,10398.0,274.35483870967744,-43.40685848593699,0.8588980436325073,0.5626142621040344
467642669.73226726,8168.0,113.90625,-19.47122063449069,0.2838545739650726,0.5424330830574036
467645669.73226726,4794.0,343.12499999999994,13.248014905676952,0.6775148510932922,0.5232440829277039
467646269.73226726,4538.0,343.12499999999994,15.713861048008212,0.1884668469429016,0.5011361837387085
467646269.73226726,4666.0,344.53125,14.477512185929925,0.0709897503256797,0.5916658043861389
467646869.73226726,4538.0,343.12499999999994,15.713861048008212,0.0814308822154998,0.6648554801940918
467649269.73226726,7939.0,189.84374999999991,-16.957763300004146,0.1711501628160476,0.68631911277771
467650469.73226726,11154.0,249.37499999999997,-54.340912303861245,0.5660290122032166,0.7979914546012878
467651669.73226726,11505.0,258.75000000000006,-60.4344388449523,0.7087833285331726,0.6128010749816895
467651669.73226726,12167.0,264.375,-78.28414760510762,0.2978911697864532,0.667202889919281
467655269.73226726,1598.0,278.0357142857143,48.14120779436029,0.0624134689569473,0.5121936202049255
467656469.73226726,1598.0,278.0357142857143,48.14120779436029,0.0536232814192771,0.7671598792076111
467662469.73226726,11654.0,252.50000000000003,-63.448283680301046,0.145749881863594,0.6570950746536255
467665469.73226726,4323.0,99.84375,16.957763300004146,0.0789287164807319,0.9686282277107239
467666069.73226726,3038.0,85.78124999999999,30.000000000000007,0.1001492440700531,0.5990168452262878
467671469.73226726,10588.0,125.68965517241378,-46.5718474134496,0.6951146721839905,0.8805181384086609
467672069.73226726,8846.0,219.37499999999997,-25.944479772370016,0.0874441340565681,0.7800202369689941
467672069.73226726,10588.0,125.68965517241378,-46.5718474134496,0.2267864048480987,0.6662629842758179
467673269.73226726,6686.0,265.78124999999994,-4.780191847199163,0.2074190527200698,0.5362715125083923
467675669.73226726,10588.0,125.68965517241378,-46.5718474134496,0.5461075305938721,0.9665183424949646
467676269.73226726,10588.0,125.68965517241378,-46.5718474134496,0.2099679559469223,0.9989230036735535
467676269.73226726,10589.0,128.79310344827587,-46.5718474134496,0.0859344527125358,0.9063883423805237
467676269.73226726,10590.0,131.89655172413794,-46.5718474134496,0.8329566121101379,0.5741945505142212
467676869.73226726,10588.0,125.68965517241378,-46.5718474134496,0.1177277117967605,0.695758044719696
467679269.73226726,4538.0,343.12499999999994,15.713861048008212,0.1483746021986007,0.913618266582489
467679869.73226726,4538.0,343.12499999999994,15.713861048008212,0.0657188221812248,0.7767075896263123
467681669.73226726,544.0,2.647058823529412,64.94808409550687,0.8464681506156921,0.5309114456176758
467682269.73226726,544.0,2.647058823529412,64.94808409550687,0.9025108218193054,0.7049219608306885
467685269.73226726,11135.0,178.125,-54.340912303861245,0.1208427101373672,0.5661848783493042
467688269.73226726,10347.0,126.29032258064515,-43.40685848593699,0.0625635087490081,0.6420380473136902
467694869.73226726,10588.0,125.68965517241378,-46.5718474134496,0.2247764766216278,0.7715926766395569
467696669.73226726,9899.0,300.9375,-37.168899655999454,0.1618779152631759,0.6068856716156006
467697269.73226726,9899.0,300.9375,-37.168899655999454,0.1389488130807876,0.9234954714775085
467703269.73226726,4813.0,37.96875000000001,12.024699180565818,0.0506125912070274,0.6318796873092651
467705669.73226726,7524.0,101.25,-13.248014905676952,0.0515631437301635,0.6493939161300659
467711669.73226726,4451.0,98.4375,15.713861048008212,0.9974714517593384,0.8635988235473633
467714069.73226726,2357.0,330.46875,38.68218745348943,0.1795551925897598,0.625497043132782
467714669.73226726,4409.0,341.71874999999994,16.957763300004146,0.1384182870388031,0.9965751767158508
467714669.73226726,4410.0,344.53125,16.957763300004146,0.0504322536289691,0.8613113760948181
467714669.73226726,4537.0,340.3125,15.713861048008212,0.1150272637605667,0.9468389749526978
467714669.73226726,4538.0,343.12499999999994,15.713861048008212,0.1116863936185836,0.9978117346763611
467714669.73226726,4666.0,344.53125,14.477512185929925,0.8960219621658325,0.9851254224777222
467715269.73226726,4409.0,341.71874999999994,16.957763300004146,0.0605624020099639,0.9140672087669373
467715269.73226726,4537.0,340.3125,15.713861048008212,0.0604165792465209,0.9984768033027649
467715269.73226726,4538.0,343.12499999999994,15.713861048008212,0.0937124043703079,0.671936571598053
467715269.73226726,4666.0,344.53125,14.477512185929925,0.1641682833433151,0.725848376750946
467715869.73226726,764.0,20.25,60.43443884495228,0.5367900133132935,0.7284972667694092
467721869.73226726,11440.0,327.85714285714283,-58.91977535280316,0.0808169394731521,0.6912453770637512
467724269.73226726,2102.0,333.28124999999994,41.81031489577859,0.0797131136059761,0.6442392468452454
467727869.73226726,3550.0,85.78124999999999,24.62431835216408,0.1025281101465225,0.5624452233314514
467727869.73226726,3804.0,80.15625,22.02431283704216,0.073291428387165,0.6729671359062195
467728469.73226726,4061.0,82.96875,19.47122063449069,0.3767763972282409,0.8917548656463623
467736269.73226726,2980.0,281.24999999999994,31.38816646434855,0.0755151882767677,0.8580536842346191
467736869.73226726,4409.0,341.71874999999994,16.957763300004146,0.0837871059775352,0.8089621067047119
467737469.73226726,4409.0,341.71874999999994,16.957763300004146,0.0563198663294315,0.9887641668319702
467737469.73226726,4538.0,343.12499999999994,15.713861048008212,0.061197280883789,0.5964490175247192
467738069.73226726,4538.0,343.12499999999994,15.713861048008212,0.1663529276847839,0.6949887275695801
467738069.73226726,4794.0,343.12499999999994,13.248014905676952,0.8564853668212891,0.5730799436569214
467738669.73226726,4538.0,343.12499999999994,15.713861048008212,0.0990151166915893,0.9179913997650146
467738669.73226726,4696.0,67.5,13.248014905676952,0.3005490303039551,0.6446678638458252
467739269.73226726,4066.0,97.03125,19.47122063449069,0.0709824413061142,0.9691629409790039
467745869.73226726,3805.0,82.96875,22.02431283704216,0.1608898788690567,0.5366396903991699
467747069.73226726,281.0,131.25,72.38756092964962,0.0580798871815204,0.6280118227005005
467750669.73226726,4323.0,99.84375,16.957763300004146,0.1409385055303573,0.681779146194458
467750669.73226726,6117.0,105.46875,0.0,0.4184881448745727,0.5143440961837769
467751269.73226726,4323.0,99.84375,16.957763300004146,0.0600230209529399,0.7194121479988098
467751269.73226726,4451.0,98.4375,15.713861048008212,0.9817773699760436,0.921309232711792
467751269.73226726,6369.0,94.21875,-2.388015463268772,0.0619533769786357,0.7627001404762268
467752469.73226726,10378.0,216.29032258064515,-43.40685848593699,0.10110355168581,0.8108212351799011
467753069.73226726,10378.0,216.29032258064515,-43.40685848593699,0.6611679196357727,0.9716393947601318
467759069.73226726,4538.0,343.12499999999994,15.713861048008212,0.1527350842952728,0.9815937876701355
467768069.73226726,4322.0,97.03125,16.957763300004146,0.0932695493102073,0.87031090259552
467768069.73226726,4323.0,99.84375,16.957763300004146,0.8313120007514954,0.5742315649986267
467768669.73226726,4195.0,98.4375,18.209956864283,0.1141139045357704,0.9941402077674866
467768669.73226726,4322.0,97.03125,16.957763300004146,0.0768715813755989,0.9992209672927856
467768669.73226726,4323.0,99.84375,16.957763300004146,0.92180997133255,0.9603798985481262
467769269.73226726,4195.0,98.4375,18.209956864283,0.0589235685765743,0.8085207343101501
467769269.73226726,4323.0,99.84375,16.957763300004146,0.9006175994873047,0.9224233031272888
467773895.19166166,3934.0,84.37499999999999,20.74237995448715,0.3259291052818298,0.6663239598274231
467776295.19166166,11718.0,224.99999999999997,-64.94808409550689,0.787125825881958,0.898033082485199
467777495.19166166,5410.0,277.03124999999994,7.180755781458288,0.0945606306195259,0.837091863155365
467781695.19166166,2328.0,248.90625000000003,38.68218745348943,0.145206943154335,0.8536715507507324
467782295.19166166,2328.0,248.90625000000003,38.68218745348943,0.0555260777473449,0.5584685206413269
467785295.19166166,3934.0,84.37499999999999,20.74237995448715,0.4038182199001312,0.5994200110435486
467791295.19166166,4322.0,97.03125,16.957763300004146,0.1309449821710586,0.6666797995567322
467793695.19166166,2104.0,338.90625,41.81031489577859,0.0656982362270355,0.5220543742179871
467794895.19166166,4666.0,344.53125,14.477512185929925,0.0783585980534553,0.933733344078064
467796095.19166166,224.0,36.81818181818181,73.86549608859848,0.5743234753608704,0.552330732345581
467801495.19166166,10478.0,151.5,-44.99388015045713,0.1005456820130348,0.5285323858261108
467802095.19166166,9083.0,165.9375,-28.630989836924357,0.0579525083303451,0.8650128841400146
467802695.19166166,5490.0,140.62499999999997,5.979156796301311,0.0718513280153274,0.6197707056999207
467805695.19166166,4395.0,302.34374999999994,16.957763300004146,0.0782460719347,0.909465491771698
467814695.19166166,838.0,353.24999999999994,60.43443884495228,0.0580489411950111,0.5950689315795898
467817095.19166166,4410.0,344.53125,16.957763300004146,0.1815509498119354,0.6287010908126831
467817095.19166166,4538.0,343.12499999999994,15.713861048008212,0.0660861581563949,0.8241130709648132
467817095.19166166,4666.0,344.53125,14.477512185929925,0.7052584886550903,0.638729453086853
467818895.19166166,2876.0,350.15625,32.797168295823646,0.1425271928310394,0.8271992802619934
467820095.19166166,4082.0,142.03125,19.47122063449069,0.0953405201435089,0.6308788657188416
467821895.19166166,10128.0,224.99999999999997,-40.22818472806108,0.2286934107542038,0.6207670569419861
467827295.19166166,1273.0,264.6,52.801853781730635,0.0683725774288177,0.5410415530204773
467833295.19166166,7836.0,258.75,-15.713861048008212,0.0502067357301712,0.7129050493240356
467835695.19166166,10588.0,125.68965517241378,-46.5718474134496,0.1923062652349472,0.9255363345146179
467835695.19166166,10703.0,126.96428571428572,-48.1412077943603,0.9597736597061156,0.8043883442878723
467836295.19166166,10347.0,126.29032258064515,-43.40685848593699,0.1784345954656601,0.9547962546348572
467836295.19166166,10588.0,125.68965517241378,-46.5718474134496,0.0854857563972473,0.7530345916748047
467843495.19166166,9069.0,126.5625,-28.630989836924357,0.0557148158550262,0.6366506218910217
467848295.19166166,10347.0,126.29032258064515,-43.40685848593699,0.0865336805582046,0.610842227935791
467850695.19166166,4538.0,343.12499999999994,15.713861048008212,0.1976956576108932,0.5223060846328735
467850695.19166166,7458.0,277.03124999999994,-12.024699180565818,0.0857201144099235,0.5062223672866821
467854295.19166166,12047.0,192.27272727272725,-73.86549608859849,0.0641425028443336,0.7549446821212769
467859095.19166166,8041.0,115.31249999999996,-18.209956864283,0.1865836381912231,0.7233604192733765
467859695.19166166,4322.0,97.03125,16.957763300004146,0.0654215812683105,0.6608087420463562
467859695.19166166,8041.0,115.31249999999996,-18.209956864283,0.1253577619791031,0.8802341818809509
467859695.19166166,10590.0,131.89655172413794,-46.5718474134496,0.5600987672805786,0.7514961957931519
467860295.19166166,4322.0,97.03125,16.957763300004146,0.056966446340084,0.7809766530990601
467865095.19166166,5084.0,80.15625,9.594068226860458,0.2216115444898605,0.5141436457633972
467868095.19166166,8856.0,247.49999999999997,-25.944479772370016,0.1638339757919311,0.5417539477348328
467871095.19166166,10589.0,128.79310344827587,-46.5718474134496,0.0503982044756412,0.5094406604766846
467874095.19166166,4410.0,344.53125,16.957763300004146,0.0865401774644851,0.8833137154579163
467874095.19166166,7460.0,282.65625,-12.024699180565818,0.1794931292533874,0.7287476658821106
467874695.19166166,4409.0,341.71874999999994,16.957763300004146,0.1403513848781585,0.9374667406082153
467875295.19166166,4538.0,343.12499999999994,15.713861048008212,0.0823362320661544,0.653110921382904
467887895.19166166,4058.0,74.53125,19.47122063449069,0.0696093738079071,0.577031672000885
467896295.19166166,384.0,131.78571428571428,69.4225464945822,0.0805917307734489,0.5687083005905151
467897495.19166166,4409.0,341.71874999999994,16.957763300004146,0.1040635630488395,0.9824839234352112
467897495.19166166,4410.0,344.53125,16.957763300004146,0.1207134425640106,0.9893677830696106
467898095.19166166,4282.0,343.12499999999994,18.209956864283,0.0716366320848465,0.6282640099525452
467898095.19166166,4410.0,344.53125,16.957763300004146,0.546953022480011,0.9901912212371826
467898095.19166166,4538.0,343.12499999999994,15.713861048008212,0.1049697697162628,0.8265037536621094
467898695.19166166,4410.0,344.53125,16.957763300004146,0.8787522912025452,0.716962456703186
467898695.19166166,4538.0,343.12499999999994,15.713861048008212,0.2605346143245697,0.6051605939865112
467904695.19166166,11955.0,218.07692307692307,-70.90666664467562,0.2393862903118133,0.858963668346405
467908295.19166166,4282.0,343.12499999999994,18.209956864283,0.0778643414378166,0.6697136163711548
467908295.19166166,4665.0,341.71874999999994,14.47751218592994,0.0791861936450004,0.6717411279678345
467908895.19166166,4409.0,341.71874999999994,16.957763300004146,0.0951709970831871,0.54023277759552
467908895.19166166,4665.0,341.71874999999994,14.47751218592994,0.0868524014949798,0.8498409986495972
467909495.19166166,4665.0,341.71874999999994,14.47751218592994,0.1012507230043411,0.7555186748504639
467911895.19166166,4760.0,247.49999999999997,13.248014905676952,0.1364514082670211,0.6549469828605652
467914295.19166166,7590.0,286.87499999999994,-13.248014905676952,0.224857747554779,0.7747681140899658
467918495.19166166,5413.0,285.46875,7.180755781458288,0.1665000021457672,0.641224205493927
467918495.19166166,5541.0,284.0625,5.979156796301311,0.1099285930395126,0.8099023103713989
467919095.19166166,5413.0,285.46875,7.180755781458288,0.162793755531311,0.7188467383384705
467919095.19166166,5541.0,284.0625,5.979156796301311,0.0947040915489196,0.8744896054267883
467920295.19166166,4539.0,345.9375,15.713861048008212,0.0527351237833499,0.8277360796928406
467920295.19166166,4666.0,344.53125,14.477512185929925,0.5760899186134338,0.7074000239372253
467920895.19166166,4539.0,345.9375,15.713861048008212,0.1811682730913162,0.9994847774505615
467920895.19166166,4666.0,344.53125,14.477512185929925,0.9197303652763368,0.9999643564224243
467921495.19166166,2264.0,68.90625,38.68218745348943,0.0662436485290527,0.5565487146377563
467921495.19166166,4539.0,345.9375,15.713861048008212,0.0985668301582336,0.9984764456748962
467923295.19166166,6642.0,142.03125,-4.780191847199163,0.0641965642571449,0.5185067653656006
467932895.19166166,4409.0,341.71874999999994,16.957763300004146,0.0945037305355072,0.753948986530304
467932895.19166166,4538.0,343.12499999999994,15.713861048008212,0.0573518499732017,0.9502580165863037
467933495.19166166,3804.0,80.15625,22.02431283704216,0.2218737453222274,0.5360991358757019
467933495.19166166,3932.0,78.75,20.742379954487134,0.3117408752441406,0.7755834460258484
467934095.19166166,2001.0,49.21874999999999,41.8103148957786,0.0704293400049209,0.7008978724479675
467935295.19166166,6914.0,187.03124999999991,-7.180755781458288,0.0528057441115379,0.6502052545547485
467935295.19166166,10590.0,131.89655172413794,-46.5718474134496,0.7400093078613281,0.5942674279212952
467941295.19166166,1007.0,341.5909090909091,57.39952353962294,0.3839146792888641,0.6185846328735352
467947295.19166166,2229.0,329.0625,40.228184728061095,0.4113947451114654,0.640263020992279
467947295.19166166,7722.0,299.53125,-14.477512185929925,0.1951240450143814,0.6367223858833313
467947895.19166166,1491.0,291.66666666666663,49.702390326630685,0.0600246414542198,0.5516352653503418
467947895.19166166,6438.0,288.28125,-2.388015463268772,0.4433454871177673,0.5570637583732605
467947895.19166166,7722.0,299.53125,-14.477512185929925,0.0907050222158432,0.7727591395378113
467948495.19166166,2464.0,270.0,37.16889965599945,0.0852287709712982,0.5139678120613098
467948495.19166166,4539.0,345.9375,15.713861048008212,0.1843858212232589,0.6580454707145691
467948495.19166166,8224.0,271.40624999999994,-19.47122063449069,0.3243593871593475,0.7169580459594727
467953895.19166166,4282.0,343.12499999999994,18.209956864283,0.0564870499074459,0.86153644323349
467953895.19166166,4409.0,341.71874999999994,16.957763300004146,0.2768833339214325,0.9862528443336487
467953895.19166166,4410.0,344.53125,16.957763300004146,0.2428058236837387,0.9883484840393066
467953895.19166166,4539.0,345.9375,15.713861048008212,0.2028432041406631,0.9844381213188171
467953895.19166166,4666.0,344.53125,14.477512185929925,0.6140391230583191,0.949314296245575
467954495.19166166,4409.0,341.71874999999994,16.957763300004146,0.2645803689956665,0.9999877214431763
467954495.19166166,4410.0,344.53125,16.957763300004146,0.0838217586278915,0.9990881681442261
467954495.19166166,4538.0,343.12499999999994,15.713861048008212,0.0523230284452438,0.9504948854446411
467954495.19166166,4539.0,345.9375,15.713861048008212,0.2605990171432495,0.9999470710754395
467954495.19166166,4666.0,344.53125,14.477512185929925,0.5446282029151917,0.9956476092338562
467954495.19166166,4794.0,343.12499999999994,13.248014905676952,0.991785168647766,0.7838590741157532
467955095.19166166,4666.0,344.53125,14.477512185929925,0.465884268283844,0.9928745031356812
467955095.19166166,4794.0,343.12499999999994,13.248014905676952,0.9250614643096924,0.9956924319267273
467965895.19166166,5294.0,309.375,8.385538647081319,0.1398057490587234,0.8900829553604126
467968295.19166166,3933.0,81.56249999999999,20.742379954487134,0.4678411483764648,0.7804314494132996
467974295.19166166,11390.0,113.57142857142856,-58.91977535280316,0.0643264800310134,0.717492401599884
467976695.19166166,4409.0,341.71874999999994,16.957763300004146,0.1086786091327667,0.7378014922142029
467976695.19166166,4410.0,344.53125,16.957763300004146,0.211747720837593,0.5887663960456848
467977295.19166166,4409.0,341.71874999999994,16.957763300004146,0.1289107054471969,0.7939380407333374
467977295.19166166,4537.0,340.3125,15.713861048008212,0.4070704281330108,0.9101424217224121
467977295.19166166,4665.0,341.71874999999994,14.47751218592994,0.5868179202079773,0.9993489384651184
467977295.19166166,5548.0,303.75,5.979156796301311,0.0880486965179443,0.5974063277244568
467977895.19166166,4537.0,340.3125,15.713861048008212,0.1935966163873672,0.8477309346199036
467977895.19166166,4538.0,343.12499999999994,15.713861048008212,0.0691231116652488,0.5333552360534668
467977895.19166166,4665.0,341.71874999999994,14.47751218592994,0.1639925241470337,0.9999891519546509
467977895.19166166,4666.0,344.53125,14.477512185929925,0.5953623056411743,0.6205959320068359
467978495.19166166,4538.0,343.12499999999994,15.713861048008212,0.0559451468288898,0.7765603065490723
467978495.19166166,4665.0,341.71874999999994,14.47751218592994,0.1656385660171508,0.9997918009757996
467978495.19166166,4666.0,344.53125,14.477512185929925,0.443962424993515,0.9538519382476807
467978495.19166166,5595.0,77.34375,4.780191847199163,0.158392459154129,0.5583951473236084
467981495.19166166,6932.0,237.65624999999991,-7.180755781458288,0.0552293360233306,0.7099024057388306
467981495.19166166,10261.0,240.46874999999991,-41.81031489577862,0.0998087376356124,0.7757570743560791
467982095.19166166,10247.0,201.09374999999997,-41.81031489577862,0.0505342669785022,0.6292694211006165
467985095.19166166,10471.0,130.5,-44.99388015045713,0.1404348611831665,0.6389446258544922
467985095.19166166,10588.0,125.68965517241378,-46.5718474134496,0.083058126270771,0.9400165677070618
467985095.19166166,10589.0,128.79310344827587,-46.5718474134496,0.3302179276943207,0.581704318523407
467985095.19166166,10590.0,131.89655172413794,-46.5718474134496,0.3917542994022369,0.515542209148407
467988095.19166166,4410.0,344.53125,16.957763300004146,0.0718860328197479,0.8531900644302368
467988095.19166166,4539.0,345.9375,15.713861048008212,0.250247061252594,0.8097153902053833
467988695.19166166,4283.0,345.9375,18.209956864283,0.0724196508526802,0.673427402973175
467988695.19166166,4539.0,345.9375,15.713861048008212,0.4299074113368988,0.8160346746444702
467989295.19166166,4409.0,341.71874999999994,16.957763300004146,0.1835273206233978,0.6891307830810547
467991095.19166166,4061.0,82.96875,19.47122063449069,0.6729729771614075,0.8242054581642151
467991695.19166166,1012.0,1.9565217391304348,55.873350435251986,0.0598097145557403,0.6398522853851318
467992895.19166166,10243.0,189.84374999999991,-41.81031489577862,0.0700739100575447,0.5692527294158936
467995895.19166166,8665.0,71.71874999999999,-24.62431835216408,0.0784703344106674,0.6647105813026428
467996495.19166166,10349.0,132.09677419354838,-43.40685848593699,0.0919852331280708,0.9778894782066345
467996495.19166166,10590.0,131.89655172413794,-46.5718474134496,0.1752722710371017,0.7319537997245789
467997095.19166166,4840.0,113.90625,12.024699180565818,0.070126436650753,0.8289197087287903
467997095.19166166,10589.0,128.79310344827587,-46.5718474134496,0.0892859697341919,0.9659166932106018
467999495.19166166,4409.0,341.71874999999994,16.957763300004146,0.5428175330162048,0.8559485077857971
467999495.19166166,4410.0,344.53125,16.957763300004146,0.0992615222930908,0.8322873711585999
467999495.19166166,4538.0,343.12499999999994,15.713861048008212,0.076734259724617,0.8198339343070984
467999495.19166166,4539.0,345.9375,15.713861048008212,0.6045392155647278,0.9329837560653687
467999495.19166166,4665.0,341.71874999999994,14.47751218592994,0.6685468554496765,0.9944491386413574
467999495.19166166,4666.0,344.53125,14.477512185929925,0.938381850719452,0.8598111271858215
468000095.19166166,4153.0,341.71874999999994,19.47122063449069,0.1268894672393798,0.7189071178436279
468000095.19166166,4282.0,343.12499999999994,18.209956864283,0.0881794616580009,0.9969704151153564
468000095.19166166,4283.0,345.9375,18.209956864283,0.0669543370604515,0.9992000460624695
468000095.19166166,4409.0,341.71874999999994,16.957763300004146,0.79674232006073,0.9992871880531311
468000095.19166166,4410.0,344.53125,16.957763300004146,0.1045191809535026,0.974147617816925
468000095.19166166,4539.0,345.9375,15.713861048008212,0.7544422745704651,0.9038121700286865
468000095.19166166,4665.0,341.71874999999994,14.47751218592994,0.228952869772911,0.9999806880950928
468000095.19166166,4666.0,344.53125,14.477512185929925,0.924774169921875,0.960224449634552
468000095.19166166,4794.0,343.12499999999994,13.248014905676952,0.9998664855957032,0.962318480014801
468000695.19166166,4283.0,345.9375,18.209956864283,0.0539127700030803,0.9232308864593506
468000695.19166166,4409.0,341.71874999999994,16.957763300004146,0.82430499792099,0.699882984161377
468000695.19166166,4665.0,341.71874999999994,14.47751218592994,0.1636970341205597,0.9999915361404419
468000695.19166166,4666.0,344.53125,14.477512185929925,0.942662477493286,0.9677336812019348
468000695.19166166,5030.0,286.87499999999994,10.806922874860348,0.0501728430390358,0.6577820777893066
468001295.19166166,4665.0,341.71874999999994,14.47751218592994,0.7823558449745178,0.9998193383216858
468002495.19166166,1429.0,84.99999999999999,49.702390326630685,0.2657247185707092,0.6186595559120178
468007895.19166166,11224.0,158.47826086956522,-55.87335043525198,0.1827479302883148,0.6596492528915405
468009095.19166166,1201.0,5.3999999999999995,52.801853781730635,0.6874435544013977,0.5631047487258911
468021095.19166166,4385.0,274.21875,16.957763300004146,0.1506515145301818,0.9068092703819275
468024695.19166166,3933.0,81.56249999999999,20.742379954487134,0.8981342315673828,0.5368247628211975
468025295.19166166,3933.0,81.56249999999999,20.742379954487134,0.4300823211669922,0.6315547227859497
468031895.19166166,2002.0,52.03125,41.81031489577859,0.0883961245417594,0.5131650567054749
468032495.19166166,1645.0,66.72413793103448,46.5718474134496,0.0644673258066177,0.8104982376098633
468033695.19166166,4409.0,341.71874999999994,16.957763300004146,0.0753516182303428,0.5106510519981384
468034295.19166166,4409.0,341.71874999999994,16.957763300004146,0.0546160414814949,0.978571355342865
468038495.19166166,10840.0,214.99999999999997,-49.702390326630706,0.0655485913157463,0.5237556099891663
468045095.19166166,5430.0,333.28124999999994,7.180755781458288,0.2247328907251358,0.5405780673027039
468048695.19166166,1882.0,65.32258064516128,43.406858485936986,0.1355016082525253,0.590490996837616
468049895.19166166,7418.0,164.53125,-12.024699180565818,0.0639360323548317,0.7835922837257385
468055295.19166166,4132.0,282.65625,19.47122063449069,0.1191388741135597,0.5112348794937134
468058895.19166166,3933.0,81.56249999999999,20.742379954487134,0.1176799237728118,0.7638105154037476
468059495.19166166,3933.0,81.56249999999999,20.742379954487134,0.1189837530255317,0.8439275622367859
468064295.19166166,10588.0,125.68965517241378,-46.5718474134496,0.1647470593452453,0.9469445943832397
468064295.19166166,10703.0,126.96428571428572,-48.1412077943603,0.9931336641311646,0.6737862825393677
468064295.19166166,10816.0,135.0,-49.702390326630706,0.0740724802017211,0.6264120936393738
468068495.19166166,4794.0,343.12499999999994,13.248014905676952,0.1020727977156639,0.6094470024108887
468069095.19166166,1508.0,348.33333333333337,49.70239032663069,0.6029394268989563,0.5167515277862549
468069695.19166166,1202.0,9.0,52.80185378173063,0.1229611709713935,0.5389240384101868
468069695.19166166,4409.0,341.71874999999994,16.957763300004146,0.0522685274481773,0.6136010885238647
468076895.19166166,4323.0,99.84375,16.957763300004146,0.143901914358139,0.6224880814552307
468076895.19166166,10347.0,126.29032258064515,-43.40685848593699,0.0906513184309005,0.542876660823822
468076895.19166166,10588.0,125.68965517241378,-46.5718474134496,0.1642333269119262,0.5832450985908508
468076895.19166166,10589.0,128.79310344827587,-46.5718474134496,0.7345927357673645,0.6862327456474304
468076895.19166166,10590.0,131.89655172413794,-46.5718474134496,0.7221063375473022,0.7943547964096069
468080495.19166166,4537.0,340.3125,15.713861048008212,0.1363284289836883,0.6778646111488342
468082295.19166166,4323.0,99.84375,16.957763300004146,0.3188906013965606,0.5242747664451599
468082895.19166166,4323.0,99.84375,16.957763300004146,0.1926857680082321,0.5652180910110474
468085895.19166166,11902.0,221.78571428571425,-69.4225464945822,0.1039458587765693,0.7810169458389282
468086495.19166166,11902.0,221.78571428571425,-69.4225464945822,0.1073825508356094,0.6117736101150513
468088295.19166166,7910.0,108.28125,-16.957763300004146,0.2781776785850525,0.5118591785430908
468089495.19166166,1012.0,1.9565217391304348,55.873350435251986,0.9309767484664916,0.9122955799102783
468089495.19166166,1103.0,358.0434782608695,55.873350435251986,0.9457546472549438,0.60088711977005
468090095.19166166,1012.0,1.9565217391304348,55.873350435251986,0.6422469019889832,0.9954197406768799
468090095.19166166,1103.0,358.0434782608695,55.873350435251986,0.7003438472747803,0.9965046644210815
468093095.19166166,3805.0,82.96875,22.02431283704216,0.0552875250577926,0.905156672000885
468099095.19166166,9334.0,151.875,-31.388166464348544,0.121530994772911,0.707192599773407
468100295.19166166,1702.0,243.62068965517236,46.57184741344958,0.0897446274757385,0.7742624282836914
468107495.19166166,11849.0,249.00000000000003,-67.93492864899142,0.0518331117928028,0.5141717195510864
468111095.19166166,4067.0,99.84375,19.47122063449069,0.0554105006158351,0.9958261251449585
468111095.19166166,10347.0,126.29032258064515,-43.40685848593699,0.1801104843616485,0.6595438718795776
468111095.19166166,10588.0,125.68965517241378,-46.5718474134496,0.0817412137985229,0.6384103298187256
468111695.19166166,1178.0,279.375,54.340912303861245,0.0645134598016738,0.5454384684562683
468111695.19166166,4322.0,97.03125,16.957763300004146,0.0630140081048011,0.914039134979248
468112295.19166166,1178.0,279.375,54.340912303861245,0.0628437250852584,0.7561767101287842
468117695.19166166,7950.0,220.78124999999997,-16.957763300004146,0.0921078026294708,0.692915678024292
468118295.19166166,7950.0,220.78124999999997,-16.957763300004146,0.2587597668170929,0.5148320198059082
468122495.19166166,10589.0,128.79310344827587,-46.5718474134496,0.2977512180805206,0.8539178371429443
468124295.19166166,3471.0,222.18749999999997,25.94447977237,0.390423059463501,0.762778639793396
468136895.19166166,4282.0,343.12499999999994,18.209956864283,0.0626813769340515,0.7137492299079895
468136895.19166166,4410.0,344.53125,16.957763300004146,0.0587944984436035,0.7303112745285034
468137495.19166166,4410.0,344.53125,16.957763300004146,0.0766042992472648,0.9555794596672058
468137495.19166166,4666.0,344.53125,14.477512185929925,0.4428545832633972,0.8776505589485168
468138695.19166166,4409.0,341.71874999999994,16.957763300004146,0.060066845268011,0.6345466375350952
468139295.19166166,3933.0,81.56249999999999,20.742379954487134,0.6099132895469666,0.8654475808143616
468139295.19166166,3934.0,84.37499999999999,20.74237995448715,0.7795014977455139,0.5231829881668091
468139895.19166166,3933.0,81.56249999999999,20.742379954487134,0.6223093271255493,0.8517612218856812
468139895.19166166,4329.0,116.71875,16.957763300004146,0.0519229918718338,0.5888600945472717
468140495.19166166,10588.0,125.68965517241378,-46.5718474134496,0.3481966853141784,0.8911604881286621
468141095.19166166,10347.0,126.29032258064515,-43.40685848593699,0.1557456403970718,0.8796981573104858
468148295.19166166,4409.0,341.71874999999994,16.957763300004146,0.0788306444883346,0.9277418851852417
468148895.19166166,4409.0,341.71874999999994,16.957763300004146,0.0731608718633651,0.9741913676261902
468149495.19166166,4666.0,344.53125,14.477512185929925,0.151224747300148,0.9950653910636902
468150095.19166166,4024.0,337.49999999999994,20.742379954487134,0.3388806283473968,0.5118533372879028
468152495.19166166,12123.0,155.0,-76.81353334098657,0.8461899757385254,0.8302081823348999
468157295.19166166,641.0,147.49999999999997,63.44828368030106,0.126746267080307,0.6390193700790405
468157895.19166166,641.0,147.49999999999997,63.44828368030106,0.1571000814437866,0.7117947340011597
468159695.19166166,4539.0,345.9375,15.713861048008212,0.2147260755300521,0.5127682089805603
468159695.19166166,4665.0,341.71874999999994,14.47751218592994,0.4287433922290802,0.9361009001731873
468160295.19166166,4295.0,21.093749999999996,16.957763300004146,0.085884153842926,0.6134862303733826
468160295.19166166,4665.0,341.71874999999994,14.47751218592994,0.3217833638191223,0.9365479946136475
468160895.19166166,4409.0,341.71874999999994,16.957763300004146,0.149662509560585,0.7306752800941467
468160895.19166166,4410.0,344.53125,16.957763300004146,0.0653317868709564,0.5900933742523193
468161495.19166166,4323.0,99.84375,16.957763300004146,0.7216449975967407,0.8403080701828003
468161495.19166166,4410.0,344.53125,16.957763300004146,0.1061567589640617,0.810075044631958
468162095.19166166,3934.0,84.37499999999999,20.74237995448715,0.7664008140563965,0.5542643666267395
468162695.19166166,3934.0,84.37499999999999,20.74237995448715,0.860632061958313,0.5727459788322449
468162695.19166166,5857.0,94.21875,2.388015463268772,0.1706602424383163,0.6306759119033813
468163295.19166166,7781.0,104.0625,-15.713861048008212,0.1398805528879165,0.5654857754707336
468168095.19166166,9065.0,115.31249999999996,-28.630989836924357,0.0633361712098121,0.7379788160324097
468172895.19166166,4903.0,291.09375,12.024699180565818,0.0761468186974525,0.8825463056564331
468190295.19166166,10907.0,81.34615384615385,-51.25580694880492,0.0797102600336074,0.5795211791992188
468204695.19166166,4642.0,277.03124999999994,14.477512185929925,0.0506512597203254,0.6659364700317383
468205295.19166166,5668.0,282.65625,4.780191847199163,0.3660796880722046,0.6072347164154053
468207695.19166166,1768.0,85.5,44.99388015045712,0.1110397577285766,0.7632607817649841
468211295.19166166,10726.0,200.8928571428571,-48.1412077943603,0.0821347683668136,0.7729086875915527
468211295.19166166,10941.0,199.03846153846152,-51.25580694880492,0.9508258700370787,0.535209059715271
468220895.19166166,10347.0,126.29032258064515,-43.40685848593699,0.1135919615626335,0.7286153435707092
468221495.19166166,10615.0,209.4827586206896,-46.5718474134496,0.0512926131486892,0.5151375532150269
468221495.19166166,11420.0,242.14285714285717,-58.91977535280316,0.7240615487098694,0.5034135580062866
468231095.19166166,5584.0,46.40625,4.780191847199163,0.0699878707528114,0.6764149069786072
468232895.19166166,10713.0,159.10714285714286,-48.1412077943603,0.2068813443183899,0.5000960230827332
468233495.19166166,7570.0,230.62499999999991,-13.248014905676952,0.2252610027790069,0.6123411059379578
468233495.19166166,8837.0,194.06249999999991,-25.944479772370016,0.473096489906311,0.6691566109657288
468234095.19166166,11812.0,26.999999999999996,-67.93492864899142,0.1732772439718246,0.645407497882843
468235895.19166166,8665.0,71.71874999999999,-24.62431835216408,0.0512062348425388,0.6510927081108093
468240695.19166166,6957.0,307.96875,-7.180755781458288,0.0562706850469112,0.5306283831596375
468248495.19166166,10590.0,131.89655172413794,-46.5718474134496,0.3563893437385559,0.5594068169593811
468250295.19166166,5661.0,262.96875,4.780191847199163,0.107835829257965,0.5437432527542114
468252095.19166166,3242.0,298.125,28.630989836924343,0.0604203455150127,0.6746383309364319
468252695.19166166,2351.0,313.59375,38.68218745348943,0.8018113970756531,0.7004196643829346
468253295.19166166,4323.0,99.84375,16.957763300004146,0.0691922456026077,0.7812552452087402
468253895.19166166,4323.0,99.84375,16.957763300004146,0.0956804230809211,0.7993403673171997
468259895.19166166,4195.0,98.4375,18.209956864283,0.0687812268733978,0.8360610604286194
468260495.19166166,4322.0,97.03125,16.957763300004146,0.3484350740909576,0.9246394038200378
468264095.19166166,2494.0,354.375,37.16889965599945,0.0886552631855011,0.9596715569496155
468265895.19166166,4322.0,97.03125,16.957763300004146,0.0569407828152179,0.5333802103996277
468270695.19166166,10347.0,126.29032258064515,-43.40685848593699,0.2995967268943786,0.5144305229187012
468281495.19166166,11709.0,177.3529411764706,-64.94808409550689,0.4462831318378448,0.5324974656105042
468287495.19166166,760.0,2.2500000000000004,60.43443884495228,0.0823075175285339,0.5837506055831909
468293495.19166166,8041.0,115.31249999999996,-18.209956864283,0.0899241715669632,0.51165372133255
468294095.19166166,4964.0,101.25,10.806922874860348,0.1283691972494125,0.786802351474762
468300695.19166166,10347.0,126.29032258064515,-43.40685848593699,0.2364465445280075,0.860370397567749
468300695.19166166,10588.0,125.68965517241378,-46.5718474134496,0.2358014434576034,0.9337383508682251
468301295.19166166,10347.0,126.29032258064515,-43.40685848593699,0.0830124542117118,0.9213954210281372
468305495.19166166,10347.0,126.29032258064515,-43.40685848593699,0.1139518991112709,0.6676809787750244
468309095.19166166,4666.0,344.53125,14.477512185929925,0.0713170319795608,0.5486052632331848
468309695.19166166,4666.0,344.53125,14.477512185929925,0.1146119758486747,0.7457940578460693
468316895.19166166,10590.0,131.89655172413794,-46.5718474134496,0.140427753329277,0.8314691185951233
468321095.19166166,3677.0,81.56249999999999,23.31795706533424,0.0523229576647281,0.6773523688316345
468321695.19166166,3677.0,81.56249999999999,23.31795706533424,0.2046645730733871,0.5082685947418213
468322295.19166166,3677.0,81.56249999999999,23.31795706533424,0.1140280589461326,0.8398715257644653
468322295.19166166,3678.0,84.37499999999999,23.31795706533424,0.1146246045827865,0.656867504119873
468322295.19166166,3805.0,82.96875,22.02431283704216,0.1100680530071258,0.8177316188812256
468323495.19166166,12125.0,175.0,-76.81353334098657,0.0578531026840209,0.5147591829299927
468325295.19166166,10378.0,216.29032258064515,-43.40685848593699,0.3980108797550201,0.5453826785087585
468325295.19166166,11717.0,219.70588235294116,-64.94808409550689,0.820678174495697,0.7542931437492371
468326495.19166166,11687.0,60.882352941176464,-64.94808409550689,0.0809856429696083,0.5109113454818726
468328895.19166166,8794.0,73.125,-25.944479772370016,0.0530570931732654,0.542789101600647
468329495.19166166,2320.0,226.40625,38.68218745348943,0.053428404033184,0.7045322060585022
468330695.19166166,4539.0,345.9375,15.713861048008212,0.677749514579773,0.5124743580818176
468331295.19166166,4539.0,345.9375,15.713861048008212,0.5260879993438721,0.5057470202445984
468331895.19166166,4539.0,345.9375,15.713861048008212,0.7228450179100037,0.7730335593223572
468332495.19166166,4409.0,341.71874999999994,16.957763300004146,0.0864769741892814,0.9223859906196594
468332495.19166166,4537.0,340.3125,15.713861048008212,0.0904044732451438,0.7873067855834961
468332495.19166166,4538.0,343.12499999999994,15.713861048008212,0.0650954619050026,0.8955538272857666
468332495.19166166,4539.0,345.9375,15.713861048008212,0.4277969896793365,0.9990092515945435
468332495.19166166,4666.0,344.53125,14.477512185929925,0.2272753566503524,0.7908953428268433
468333095.19166166,4409.0,341.71874999999994,16.957763300004146,0.1900997757911682,0.9940819144248962
468333095.19166166,4666.0,344.53125,14.477512185929925,0.1131869629025459,0.8256427645683289
468334895.19166166,10631.0,259.13793103448273,-46.5718474134496,0.5637458562850952,0.5591810345649719
468339695.19166166,10347.0,126.29032258064515,-43.40685848593699,0.2359783053398132,0.9536170959472656
468341495.19166166,2220.0,303.75,40.228184728061095,0.171836644411087,0.5548202395439148
468341495.19166166,2476.0,303.75,37.16889965599945,0.3813158273696899,0.6775004267692566
468343295.19166166,4410.0,344.53125,16.957763300004146,0.0526527911424636,0.7036905884742737
468343295.19166166,4538.0,343.12499999999994,15.713861048008212,0.1837578564882278,0.5482773184776306
468343295.19166166,7091.0,323.4375,-8.385538647081319,0.1379588991403579,0.7470235824584961
468343895.19166166,4282.0,343.12499999999994,18.209956864283,0.0913935452699661,0.9729930758476257
468343895.19166166,4538.0,343.12499999999994,15.713861048008212,0.070730336010456,0.9400975704193115
468343895.19166166,4666.0,344.53125,14.477512185929925,0.2798542380332947,0.92326819896698
468345095.19166166,2627.0,8.4375,34.228866327812575,0.1233547106385231,0.7182859778404236
468346295.19166166,9335.0,154.6875,-31.388166464348544,0.0503423288464546,0.8323273658752441
468351095.19166166,10589.0,128.79310344827587,-46.5718474134496,0.1221060156822204,0.7566132545471191
468355895.19166166,7871.0,357.18749999999994,-15.713861048008212,0.1082601547241211,0.5360467433929443
468357695.19166166,6526.0,174.37499999999997,-3.583321698471977,0.0782197117805481,0.6574501395225525
468357695.19166166,10347.0,126.29032258064515,-43.40685848593699,0.2317111194133758,0.6408295631408691
468358295.19166166,6526.0,174.37499999999997,-3.583321698471977,0.0607083924114704,0.7022127509117126
468358295.19166166,10347.0,126.29032258064515,-43.40685848593699,0.1821295022964477,0.7223489880561829
468361895.19166166,11810.0,14.999999999999998,-67.93492864899142,0.1679301559925079,0.6543658971786499
468362495.19166166,11810.0,14.999999999999998,-67.93492864899142,0.2082099318504333,0.7624802589416504
468388014.25227094,6301.0,261.56249999999994,-1.1937484371410818,0.0786963328719139,0.5097949504852295
468388014.25227094,6429.0,262.96875,-2.388015463268772,0.2265754491090774,0.9545477032661438
468388614.25227094,4410.0,344.53125,16.957763300004146,0.0717613920569419,0.7896853089332581
468389214.25227094,4409.0,341.71874999999994,16.957763300004146,0.1044086813926696,0.7969781756401062
468389214.25227094,4538.0,343.12499999999994,15.713861048008212,0.2220226675271988,0.5758066177368164
468389814.25227094,4538.0,343.12499999999994,15.713861048008212,0.0970140546560287,0.7444565892219543
468393414.25227094,8704.0,181.40624999999997,-24.62431835216408,0.0511951744556427,0.6056216955184937
468396414.25227094,11562.0,163.42105263157896,-61.94383702315673,0.4989662766456604,0.7181589007377625
468397014.25227094,10347.0,126.29032258064515,-43.40685848593699,0.0977636575698852,0.9776986241340637
468399414.25227094,5815.0,334.6875,3.583321698471977,0.3016659319400787,0.9221096634864807
468399414.25227094,5943.0,336.09375,2.388015463268772,0.2794139683246612,0.6886078119277954
468400614.25227094,4665.0,341.71874999999994,14.47751218592994,0.2278349846601486,0.7668822407722473
468401214.25227094,4665.0,341.71874999999994,14.47751218592994,0.0595993809401989,0.9994363188743591
468401214.25227094,4794.0,343.12499999999994,13.248014905676952,0.9885936975479126,0.8258052468299866
468408414.25227094,10588.0,125.68965517241378,-46.5718474134496,0.1080344691872596,0.8143141865730286
468408414.25227094,10703.0,126.96428571428572,-48.1412077943603,0.1017047688364982,0.7857786417007446
468411414.25227094,4665.0,341.71874999999994,14.47751218592994,0.0515841916203498,0.9802432656288147
468411414.25227094,4794.0,343.12499999999994,13.248014905676952,0.9894875288009644,0.5249263644218445
468412014.25227094,4409.0,341.71874999999994,16.957763300004146,0.1983200907707214,0.9695795178413391
468412014.25227094,4665.0,341.71874999999994,14.47751218592994,0.1158787235617637,0.9808666706085205
468412614.25227094,4409.0,341.71874999999994,16.957763300004146,0.0542698800563812,0.9802002906799316
468412614.25227094,4665.0,341.71874999999994,14.47751218592994,0.1367716640233993,0.986070454120636
468413214.25227094,4666.0,344.53125,14.477512185929925,0.0879701226949691,0.8963029980659485
468422214.25227094,757.0,348.15789473684214,61.9438370231567,0.0676667243242263,0.6899412870407104
468435414.25227094,4539.0,345.9375,15.713861048008212,0.3427813351154327,0.9986454844474792
468436014.25227094,3666.0,50.62499999999999,23.31795706533424,0.1192352250218391,0.6057311296463013
468436614.25227094,3666.0,50.62499999999999,23.31795706533424,0.0970399305224418,0.7829889059066772
468437214.25227094,768.0,38.25,60.43443884495228,0.0740382671356201,0.660085916519165
468439014.25227094,10470.0,127.5,-44.99388015045713,0.0502936765551567,0.5990067720413208
468442614.25227094,4084.0,147.65625,19.47122063449069,0.0724592953920364,0.8641599416732788
468446814.25227094,4538.0,343.12499999999994,15.713861048008212,0.1171311885118484,0.8723388314247131
468448614.25227094,1190.0,324.375,54.340912303861245,0.0582423657178878,0.7659664750099182
468458814.25227094,1966.0,309.1935483870968,43.406858485936986,0.0723548457026481,0.5112045407295227
468460014.25227094,2535.0,111.09375,35.68533471265204,0.0519775710999965,0.748189389705658
468460614.25227094,5624.0,158.90624999999997,4.780191847199163,0.072109043598175,0.5258404016494751
468465414.25227094,10347.0,126.29032258064515,-43.40685848593699,0.2011601477861404,0.8299430012702942
468468414.25227094,4276.0,326.24999999999994,18.209956864283,0.1105860769748687,0.5017542839050293
468477414.25227094,10590.0,131.89655172413794,-46.5718474134496,0.0582589358091354,0.5097118616104126
468478614.25227094,3471.0,222.18749999999997,25.94447977237,0.1036507040262222,0.7743761539459229
468480414.25227094,4665.0,341.71874999999994,14.47751218592994,0.0665844455361366,0.7541038990020752
468480414.25227094,4666.0,344.53125,14.477512185929925,0.3655219078063965,0.5636796951293945
468480414.25227094,7714.0,277.03124999999994,-14.477512185929925,0.4944389164447784,0.6750885844230652
468481014.25227094,4538.0,343.12499999999994,15.713861048008212,0.0518945716321468,0.847118079662323
468481014.25227094,4665.0,341.71874999999994,14.47751218592994,0.1242209374904632,0.9954696893692017
468481014.25227094,4666.0,344.53125,14.477512185929925,0.3991894125938415,0.79331374168396
468481614.25227094,4410.0,344.53125,16.957763300004146,0.3300095796585083,0.85329270362854
468481614.25227094,4665.0,341.71874999999994,14.47751218592994,0.1274747103452682,0.99952232837677
468481614.25227094,4666.0,344.53125,14.477512185929925,0.2909037172794342,0.9341703653335571
468481614.25227094,4794.0,343.12499999999994,13.248014905676952,0.6741185188293457,0.9886309504508972
468484014.25227094,7938.0,187.03124999999991,-16.957763300004146,0.0613000020384788,0.9865983724594116
468486414.25227094,10692.0,91.60714285714286,-48.1412077943603,0.1417610049247741,0.6037805676460266
468488214.25227094,11377.0,57.857142857142854,-58.91977535280316,0.5462741255760193,0.6068423986434937
468488814.25227094,10814.0,128.33333333333334,-49.702390326630706,0.9529266953468324,0.7890018224716187
468491214.25227094,4409.0,341.71874999999994,16.957763300004146,0.0669261068105697,0.7055228352546692
468491214.25227094,4665.0,341.71874999999994,14.47751218592994,0.242515429854393,0.5968160033226013
468491814.25227094,4409.0,341.71874999999994,16.957763300004146,0.1122353449463844,0.939626932144165
468491814.25227094,4665.0,341.71874999999994,14.47751218592994,0.07761200517416,0.8622520565986633
468492414.25227094,4666.0,344.53125,14.477512185929925,0.317326933145523,0.5456429719924927
468493014.25227094,3419.0,75.9375,25.94447977237,0.4440990686416626,0.6852978467941284
468493614.25227094,3419.0,75.9375,25.94447977237,0.0627287328243255,0.9226692318916321
468499614.25227094,10349.0,132.09677419354838,-43.40685848593699,0.1177578046917915,0.7287213802337646
468499614.25227094,10589.0,128.79310344827587,-46.5718474134496,0.0762763172388076,0.8837435841560364
468499614.25227094,10590.0,131.89655172413794,-46.5718474134496,0.2270505726337433,0.5124156475067139
468499614.25227094,10703.0,126.96428571428572,-48.1412077943603,0.7885532975196838,0.5425658226013184
468500214.25227094,10704.0,130.17857142857142,-48.1412077943603,0.3455497324466705,0.957409679889679
468503214.25227094,4282.0,343.12499999999994,18.209956864283,0.2930788099765777,0.6078224182128906
468503214.25227094,4538.0,343.12499999999994,15.713861048008212,0.2447396963834762,0.6668822765350342
468503814.25227094,4282.0,343.12499999999994,18.209956864283,0.0769579783082008,0.9950987696647644
468503814.25227094,4538.0,343.12499999999994,15.713861048008212,0.0730015635490417,0.9810935854911804
468506214.25227094,7543.0,154.6875,-13.248014905676952,0.1532184481620788,0.7951478362083435
468506814.25227094,7543.0,154.6875,-13.248014905676952,0.3176323175430298,0.8485057353973389
468507414.25227094,9840.0,135.0,-37.168899655999454,0.2179342359304428,0.592888593673706
468508014.25227094,9337.0,160.3125,-31.388166464348544,0.1835462599992752,0.6033925414085388
468511014.25227094,10588.0,125.68965517241378,-46.5718474134496,0.3219472467899322,0.8634284734725952
468511014.25227094,10703.0,126.96428571428572,-48.1412077943603,0.926734209060669,0.5752941370010376
468511614.25227094,10588.0,125.68965517241378,-46.5718474134496,0.0840836465358734,0.9869692325592041
468514614.25227094,4282.0,343.12499999999994,18.209956864283,0.0973714292049408,0.6880660057067871
468514614.25227094,4539.0,345.9375,15.713861048008212,0.2016835212707519,0.9783379435539246
468514614.25227094,4780.0,303.75,13.248014905676952,0.0930777713656425,0.6843358278274536
468515214.25227094,4282.0,343.12499999999994,18.209956864283,0.0674512162804603,0.9460121989250183
468515214.25227094,4538.0,343.12499999999994,15.713861048008212,0.4686878025531769,0.8537593483924866
468515214.25227094,4539.0,345.9375,15.713861048008212,0.2734224200248718,0.9979519248008728
468515214.25227094,4666.0,344.53125,14.477512185929925,0.8354460000991821,0.9853641390800476
468515814.25227094,4538.0,343.12499999999994,15.713861048008212,0.0536120273172855,0.7208067178726196
468517614.25227094,11306.0,124.77272727272728,-57.39952353962295,0.0955060869455337,0.6760862469673157
468518214.25227094,10588.0,125.68965517241378,-46.5718474134496,0.316020131111145,0.8553802371025085
468518214.25227094,11306.0,124.77272727272728,-57.39952353962295,0.0896242409944534,0.5828784108161926
468529614.25227094,9225.0,206.71874999999997,-30.000000000000018,0.0627209916710853,0.7976045608520508
468535614.25227094,2209.0,272.8125,40.228184728061095,0.0530371032655239,0.8060065507888794
468540414.25227094,1095.0,326.7391304347826,55.873350435251986,0.5125062465667725,0.6002079248428345
468545214.25227094,10589.0,128.79310344827587,-46.5718474134496,0.2028906941413879,0.5147676467895508
468545214.25227094,10590.0,131.89655172413794,-46.5718474134496,0.4490308165550232,0.7230421304702759
468545814.25227094,10348.0,129.19354838709677,-43.40685848593699,0.0766346752643585,0.6163214445114136
468545814.25227094,10470.0,127.5,-44.99388015045713,0.0820990800857544,0.9870293140411377
468545814.25227094,10590.0,131.89655172413794,-46.5718474134496,0.0573957338929176,0.9975478053092957
468545814.25227094,10703.0,126.96428571428572,-48.1412077943603,0.1579335331916809,0.7728109359741211
468547614.25227094,6434.0,277.03124999999994,-2.388015463268772,0.0830911695957183,0.544055163860321
468558414.25227094,579.0,187.9411764705882,64.94808409550687,0.0551141239702701,0.8902272582054138
468560214.25227094,4539.0,345.9375,15.713861048008212,0.0772110968828201,0.9451591372489929
468560814.25227094,4282.0,343.12499999999994,18.209956864283,0.0818809196352958,0.8173772692680359
468560814.25227094,4538.0,343.12499999999994,15.713861048008212,0.1024031490087509,0.9546101689338684
468562614.25227094,3677.0,81.56249999999999,23.31795706533424,0.1619841903448104,0.5057750344276428
468562614.25227094,3934.0,84.37499999999999,20.74237995448715,0.6865403056144714,0.5745552182197571
468565014.25227094,9601.0,182.81249999999997,-34.2288663278126,0.0632827058434486,0.7977941632270813
468571614.25227094,4666.0,344.53125,14.477512185929925,0.2897623777389526,0.681865394115448
468573414.25227094,4323.0,99.84375,16.957763300004146,0.2398286610841751,0.5325477123260498
468575214.25227094,11698.0,119.11764705882352,-64.94808409550689,0.3424755930900574,0.5888726711273193
468581214.25227094,1174.0,264.37499999999994,54.340912303861245,0.2529765367507934,0.5295120477676392
468582414.25227094,4410.0,344.53125,16.957763300004146,0.0561167486011981,0.5406392216682434
468582414.25227094,6949.0,285.46875,-7.180755781458288,0.8112712502479553,0.5283858776092529
468582414.25227094,7203.0,279.84375,-9.594068226860458,0.9160982370376588,0.5626651048660278
468583014.25227094,4282.0,343.12499999999994,18.209956864283,0.0785310417413711,0.6563765406608582
468583014.25227094,4538.0,343.12499999999994,15.713861048008212,0.0823400169610977,0.7928231358528137
468583614.25227094,4538.0,343.12499999999994,15.713861048008212,0.1734613627195358,0.5511907935142517
468584214.25227094,4538.0,343.12499999999994,15.713861048008212,0.2234657853841781,0.7658350467681885
468584814.25227094,4282.0,343.12499999999994,18.209956864283,0.0676357969641685,0.9019154906272888
468584814.25227094,4538.0,343.12499999999994,15.713861048008212,0.1285209357738495,0.9957742094993591
468592614.25227094,2202.0,253.125,40.228184728061095,0.0689964741468429,0.6038094162940979
468593814.25227094,4409.0,341.71874999999994,16.957763300004146,0.0508587881922721,0.9637957215309143
468594414.25227094,4409.0,341.71874999999994,16.957763300004146,0.0771698206663131,0.8942659497261047
468595014.25227094,4409.0,341.71874999999994,16.957763300004146,0.106240265071392,0.8103097677230835
468601614.25227094,11881.0,86.78571428571429,-69.4225464945822,0.0798607990145683,0.7521162033081055
468606414.25227094,4665.0,341.71874999999994,14.47751218592994,0.0542521402239799,0.6972404718399048
468614214.25227094,10716.0,168.75,-48.1412077943603,0.0932029411196708,0.5214279294013977
468621414.25227094,2337.0,274.21875,38.68218745348943,0.1299913674592971,0.6335462927818298
468622614.25227094,3879.0,291.09375,22.02431283704216,0.1676782816648483,0.7617663145065308
468644214.25227094,6785.0,182.81249999999997,-5.979156796301311,0.3861687481403351,0.5436211228370667
468644814.25227094,12081.0,121.5,-75.34073424154306,0.057683240622282,0.5382922887802124
468649014.25227094,10589.0,128.79310344827587,-46.5718474134496,0.3305574655532837,0.9762843251228333
468651414.25227094,4538.0,343.12499999999994,15.713861048008212,0.0507763214409351,0.7444736361503601
468652014.25227094,4276.0,326.24999999999994,18.209956864283,0.0505613610148429,0.5406278967857361
468652014.25227094,4409.0,341.71874999999994,16.957763300004146,0.2030156254768371,0.7087434530258179
468652014.25227094,4538.0,343.12499999999994,15.713861048008212,0.0825153514742851,0.9648373126983643
468655614.25227094,11762.0,104.0625,-66.44353569089876,0.1287163645029068,0.5101996660232544
468656814.25227094,8727.0,246.09374999999991,-24.62431835216408,0.0923022925853729,0.8199126720428467
468658014.25227094,11629.0,127.5,-63.448283680301046,0.1633725464344024,0.8191131949424744
468663414.25227094,3494.0,286.87499999999994,25.94447977237,0.3974590301513672,0.7480906248092651
468664014.25227094,3495.0,289.6875,25.94447977237,0.0876971930265426,0.5357986688613892
468664014.25227094,3623.0,291.09375,24.62431835216408,0.8976943492889404,0.7116703391075134
468664014.25227094,4667.0,347.34375,14.477512185929925,0.22597236931324,0.526535153388977
468672414.25227094,2962.0,230.62499999999991,31.38816646434855,0.102310724556446,0.5068108439445496
468673614.25227094,8474.0,254.53125,-22.02431283704216,0.2706522643566131,0.8093801140785217
468674214.25227094,1960.0,291.7741935483871,43.40685848593699,0.0804406553506851,0.7156146764755249
468674814.25227094,1994.0,29.531249999999996,41.81031489577859,0.6747917532920837,0.7637882232666016
468678414.25227094,10703.0,126.96428571428572,-48.1412077943603,0.4715596139431,0.7007678151130676
468686214.25227094,4665.0,341.71874999999994,14.47751218592994,0.0512198358774185,0.9074974656105042
468686814.25227094,5414.0,288.28125,7.180755781458288,0.7680914402008057,0.5525938868522644
468698214.25227094,3368.0,293.90625,27.27961273597809,0.0636448860168457,0.5824073553085327
468698214.25227094,4409.0,341.71874999999994,16.957763300004146,0.0857799649238586,0.5163288116455078
468700014.25227094,1151.0,178.125,54.340912303861245,0.062160599976778,0.7862184643745422
468712614.25227094,8088.0,247.49999999999997,-18.209956864283,0.34946209192276,0.7013149857521057
468713214.25227094,8088.0,247.49999999999997,-18.209956864283,0.0728845819830894,0.5286542773246765
468713214.25227094,10589.0,128.79310344827587,-46.5718474134496,0.0777134224772453,0.869106113910675
468716814.25227094,4322.0,97.03125,16.957763300004146,0.22996386885643,0.662621259689331
468724614.25227094,7818.0,208.12499999999997,-15.713861048008212,0.0705373659729957,0.5331557989120483
468728214.25227094,2011.0,77.34375,41.81031489577859,0.3089012503623962,0.5026009678840637
468730014.25227094,9629.0,261.56249999999994,-34.22886632781257,0.2116388082504272,0.8418642282485962
468730614.25227094,9629.0,261.56249999999994,-34.22886632781257,0.3836851418018341,0.5312578678131104
468731214.25227094,9629.0,261.56249999999994,-34.22886632781257,0.3383406400680542,0.6569117307662964
468734214.25227094,281.0,131.25,72.38756092964962,0.075368084013462,0.6456707119941711
468734214.25227094,384.0,131.78571428571428,69.4225464945822,0.9561883807182312,0.5033513307571411
468734814.25227094,384.0,131.78571428571428,69.4225464945822,0.9376439452171326,0.6968412399291992
468736014.25227094,10132.0,236.25,-40.22818472806108,0.0667517185211181,0.5066379904747009
468742614.25227094,7589.0,284.0625,-13.248014905676952,0.7466602325439453,0.9254677295684814
468746814.25227094,12184.0,109.28571428571428,-79.75282793472047,0.06474070250988,0.5300807356834412
468748014.25227094,11303.0,112.5,-57.39952353962295,0.4767169654369354,0.7159293293952942
468753414.25227094,5008.0,224.99999999999997,10.806922874860348,0.1615293771028518,0.6786172389984131
468754614.25227094,4263.0,289.6875,18.209956864283015,0.2601232826709747,0.8310952186584473
468754614.25227094,4519.0,289.6875,15.713861048008212,0.1509788632392883,0.7372696399688721
468766014.25227094,4410.0,344.53125,16.957763300004146,0.0922506526112556,0.9928245544433594
468766614.25227094,4410.0,344.53125,16.957763300004146,0.1056002750992775,0.9009323120117188
468766614.25227094,4537.0,340.3125,15.713861048008212,0.0649677738547325,0.8706021904945374
468772614.25227094,5084.0,80.15625,9.594068226860458,0.0611598864197731,0.6989239454269409
468773214.25227094,8033.0,92.8125,-18.209956864283,0.1483881771564483,0.7726916670799255
468773214.25227094,9685.0,60.46875,-35.68533471265205,0.0536699295043945,0.5494623184204102
468773814.25227094,10703.0,126.96428571428572,-48.1412077943603,0.9129401445388794,0.8246267437934875
468774414.25227094,10589.0,128.79310344827587,-46.5718474134496,0.0541161857545375,0.6606837511062622
468787614.25227094,8736.0,271.40624999999994,-24.62431835216408,0.2453111261129379,0.6551112532615662
468796614.25227094,8539.0,75.9375,-23.31795706533424,0.0502755492925643,0.7004235982894897
468797214.25227094,10588.0,125.68965517241378,-46.5718474134496,0.0710113272070884,0.9999525547027588
468808014.25227094,10560.0,38.793103448275865,-46.5718474134496,0.4834012687206268,0.9657281041145325
468811014.25227094,8609.0,272.8125,-23.31795706533424,0.8507223129272461,0.6673421859741211
468811614.25227094,738.0,258.1578947368421,61.943837023156725,0.0625704973936081,0.937318742275238
468820014.25227094,10589.0,128.79310344827587,-46.5718474134496,0.0503692664206028,0.5487827062606812
468820014.25227094,10590.0,131.89655172413794,-46.5718474134496,0.6280092597007751,0.8099344968795776
468821214.25227094,3617.0,274.21875,24.62431835216408,0.1749652475118637,0.8036435842514038
468826014.25227094,4323.0,99.84375,16.957763300004146,0.0810962915420532,0.8553649187088013
468829614.25227094,5836.0,35.15624999999999,2.388015463268772,0.0598394349217414,0.9760885238647461
468835014.25227094,4516.0,281.24999999999994,15.713861048008212,0.070865198969841,0.5804768800735474
468839814.25227094,7818.0,208.12499999999997,-15.713861048008212,0.0792957469820976,0.656838595867157
468839814.25227094,11631.0,137.5,-63.448283680301046,0.1024553179740905,0.6633627414703369
468844614.25227094,4136.0,293.90625,19.47122063449069,0.4318365454673767,0.6177502870559692
468845814.25227094,5047.0,334.6875,10.806922874860348,0.3287293910980224,0.5009520053863525
468849414.25227094,10589.0,128.79310344827587,-46.5718474134496,0.0675490945577621,0.8246282339096069
468857214.25227094,3739.0,255.93749999999991,23.31795706533424,0.2038762271404266,0.6717798709869385
468857814.25227094,3739.0,255.93749999999991,23.31795706533424,0.119777001440525,0.6876644492149353
468860214.25227094,443.0,141.0,67.93492864899142,0.2390824109315872,0.6700894832611084
468865014.25227094,9833.0,115.31249999999996,-37.168899655999454,0.0624945759773254,0.7498358488082886
468866814.25227094,2202.0,253.125,40.228184728061095,0.0570667274296283,0.6827641725540161
468869814.25227094,992.0,280.22727272727275,57.39952353962295,0.1246262043714523,0.6408775448799133
468870414.25227094,992.0,280.22727272727275,57.39952353962295,0.4422439634799957,0.5238346457481384
468878214.25227094,601.0,304.4117647058824,64.94808409550687,0.099663145840168,0.601507842540741
468881214.25227094,4410.0,344.53125,16.957763300004146,0.2116236835718155,0.8108364939689636
468895614.25227094,9215.0,178.59374999999997,-30.000000000000018,0.117899976670742,0.7795029878616333
468895614.25227094,10703.0,126.96428571428572,-48.1412077943603,0.819914698600769,0.7330323457717896
468896214.25227094,10347.0,126.29032258064515,-43.40685848593699,0.2138363867998123,0.9993786811828613
468896214.25227094,10588.0,125.68965517241378,-46.5718474134496,0.2583384811878204,0.9552410840988159
468902814.25227094,6561.0,272.8125,-3.583321698471977,0.7496846914291382,0.7491790056228638
468902814.25227094,6817.0,272.8125,-5.979156796301311,0.7456074953079224,0.6535637378692627
468903414.25227094,4665.0,341.71874999999994,14.47751218592994,0.3108395040035248,0.8158537149429321
468903414.25227094,6561.0,272.8125,-3.583321698471977,0.5088624358177185,0.6475386619567871
468903414.25227094,6817.0,272.8125,-5.979156796301311,0.9811923503875732,0.9637660384178162
468904014.25227094,4409.0,341.71874999999994,16.957763300004146,0.0513402111828327,0.9067230224609375
468904014.25227094,4665.0,341.71874999999994,14.47751218592994,0.4710663259029388,0.9554011225700378
468904014.25227094,4666.0,344.53125,14.477512185929925,0.1367800533771515,0.553743839263916
468907614.25227094,11385.0,92.14285714285714,-58.91977535280316,0.9312170147895812,0.9787535667419434
468911214.25227094,10588.0,125.68965517241378,-46.5718474134496,0.1933439970016479,0.7318100333213806
468914214.25227094,1943.0,242.4193548387097,43.406858485936986,0.1074291989207267,0.6127797365188599
468914814.25227094,1943.0,242.4193548387097,43.406858485936986,0.0721060186624527,0.7394286394119263
468916014.25227094,4530.0,320.625,15.713861048008212,0.0531836077570915,0.5077194571495056
468916614.25227094,1212.0,45.0,52.801853781730635,0.0512918010354042,0.5219898819923401
468920214.25227094,8479.0,268.59375,-22.02431283704216,0.0586555898189544,0.6975931525230408
468925014.25227094,2716.0,258.75,34.228866327812575,0.0507542304694652,0.8326942920684814
468926214.25227094,4409.0,341.71874999999994,16.957763300004146,0.2067813873291015,0.654029905796051
468927414.25227094,4538.0,343.12499999999994,15.713861048008212,0.1977337300777435,0.7535051107406616
468928014.25227094,1290.0,325.8,52.80185378173063,0.5994556546211243,0.5488719940185547
468937614.25227094,2103.0,336.09375,41.8103148957786,0.0925984978675842,0.5982399582862854
468937614.25227094,2211.0,278.4375,40.228184728061095,0.1578772515058517,0.5041061639785767
468940014.25227094,384.0,131.78571428571428,69.4225464945822,0.8030757308006287,0.585741400718689
468940614.25227094,384.0,131.78571428571428,69.4225464945822,0.3750407993793487,0.6266285181045532
468944814.25227094,4067.0,99.84375,19.47122063449069,0.0540825575590133,0.7357053756713867
468944814.25227094,8925.0,82.96875,-27.27961273597809,0.0500176474452018,0.9828049540519714
468945414.25227094,4067.0,99.84375,19.47122063449069,0.0564448982477188,0.9863146543502808
468946014.25227094,10588.0,125.68965517241378,-46.5718474134496,0.2827235162258148,0.9994900226593018
468946014.25227094,10589.0,128.79310344827587,-46.5718474134496,0.1987591981887817,0.8799437284469604
468946614.25227094,2078.0,265.78124999999994,41.81031489577859,0.2245422452688217,0.5569770336151123
468951414.25227094,1174.0,264.37499999999994,54.340912303861245,0.8930789232254028,0.6508662700653076
468951414.25227094,11383.0,83.57142857142857,-58.91977535280316,0.0678754225373268,0.820858895778656
468952014.25227094,11383.0,83.57142857142857,-58.91977535280316,0.6679152250289917,0.8592833280563354
468952614.25227094,11383.0,83.57142857142857,-58.91977535280316,0.6071775555610657,0.9064751267433167
468964614.25227094,7952.0,226.40624999999997,-16.957763300004146,0.0987270548939704,0.5671527981758118
468968214.25227094,4066.0,97.03125,19.47122063449069,0.5993830561637878,0.8650784492492676
468971214.25227094,8485.0,285.46875,-22.02431283704216,0.0699504315853118,0.7541294097900391
468979306.57416344,7512.0,67.5,-13.248014905676952,0.1588972359895706,0.767411470413208
468979906.57416344,5992.0,112.5,1.1937484371410818,0.1088677421212196,0.5005797147750854
468984106.57416344,1176.0,271.875,54.340912303861245,0.137044757604599,0.5924352407455444
468984706.57416344,1176.0,271.875,54.340912303861245,0.6324542164802551,0.8139256834983826
468985306.57416344,384.0,131.78571428571428,69.4225464945822,0.7710557579994202,0.8081595301628113
468993706.57416344,530.0,284.0625,66.44353569089877,0.0874155089259147,0.8546972870826721
468994906.57416344,4410.0,344.53125,16.957763300004146,0.1769237965345382,0.8381720781326294
468995506.57416344,4410.0,344.53125,16.957763300004146,0.1745373606681823,0.7200062274932861
468995506.57416344,4538.0,343.12499999999994,15.713861048008212,0.1612703949213028,0.7420794367790222
468999106.57416344,10349.0,132.09677419354838,-43.40685848593699,0.0694986954331398,0.6770949363708496
469001506.57416344,11878.0,67.5,-69.4225464945822,0.0670067593455314,0.6800010204315186
469008706.57416344,1086.0,291.52173913043475,55.873350435251986,0.133199468255043,0.8052929043769836
469010506.57416344,10590.0,131.89655172413794,-46.5718474134496,0.803314745426178,0.690697968006134
469014106.57416344,9938.0,52.03125,-38.68218745348943,0.054048866033554,0.5024924278259277
469020706.57416344,11708.0,172.05882352941177,-64.94808409550689,0.4909010231494903,0.5207510590553284
469024306.57416344,9814.0,61.87499999999999,-37.168899655999454,0.1308607310056686,0.5406697988510132
469036306.57416344,8295.0,109.6875,-20.74237995448715,0.3146455287933349,0.669253945350647
469036906.57416344,4323.0,99.84375,16.957763300004146,0.5460261702537537,0.611651599407196
469043506.57416344,6661.0,195.46875,-4.780191847199163,0.2479683607816696,0.5192963480949402
469054306.57416344,1083.0,279.7826086956522,55.873350435251986,0.0526449382305145,0.6078673005104065
469060306.57416344,10703.0,126.96428571428572,-48.1412077943603,0.9587869048118592,0.6353732943534851
469060906.57416344,8081.0,227.8125,-18.209956864283,0.147678256034851,0.7222103476524353
469061506.57416344,5769.0,205.31249999999991,3.583321698471977,0.0971687138080596,0.7281906604766846
469061506.57416344,8081.0,227.8125,-18.209956864283,0.0529247149825096,0.9636940956115723
469071706.57416344,4451.0,98.4375,15.713861048008212,0.8786208629608154,0.6006828546524048
469074706.57416344,4535.0,334.6875,15.713861048008212,0.3698390424251556,0.9074892997741699
469075306.57416344,4535.0,334.6875,15.713861048008212,0.1115360707044601,0.8589392900466919
469082506.57416344,10705.0,133.39285714285717,-48.1412077943603,0.8954200744628906,0.6582234501838684
469086706.57416344,6313.0,295.3125,-1.1937484371410818,0.2697266340255737,0.5915705561637878
469090306.57416344,10347.0,126.29032258064515,-43.40685848593699,0.0700818002223968,0.9155022501945496
469095106.57416344,6679.0,246.09374999999991,-4.780191847199163,0.0763951167464256,0.5542526245117188
469095706.57416344,2715.0,255.93749999999991,34.22886632781258,0.0868907645344734,0.5977377891540527
469096306.57416344,6679.0,246.09374999999991,-4.780191847199163,0.078700803220272,0.5339593291282654
469097506.57416344,9633.0,272.8125,-34.2288663278126,0.1532487422227859,0.8853415846824646
469101106.57416344,10590.0,131.89655172413794,-46.5718474134496,0.0797175168991088,0.8699360489845276
469105906.57416344,10347.0,126.29032258064515,-43.40685848593699,0.1841876655817031,0.9904085397720337
469105906.57416344,10589.0,128.79310344827587,-46.5718474134496,0.0509206540882587,0.6931664943695068
469107706.57416344,600.0,299.11764705882354,64.94808409550687,0.0503249131143093,0.8959484100341797
469108306.57416344,600.0,299.11764705882354,64.94808409550687,0.1389568299055099,0.5955075621604919
469123906.57416344,10590.0,131.89655172413794,-46.5718474134496,0.6470027565956116,0.8371368050575256
469129306.57416344,11217.0,131.08695652173913,-55.87335043525198,0.3470703959465027,0.7638854384422302
469130506.57416344,5924.0,282.65625,2.388015463268772,0.101104199886322,0.5810205340385437
469139506.57416344,10584.0,113.27586206896552,-46.5718474134496,0.1538597047328949,0.514127790927887
469140106.57416344,6628.0,102.65625,-4.780191847199163,0.0631994307041168,0.5593672394752502
469145506.57416344,991.0,276.1363636363636,57.39952353962294,0.17505943775177,0.694103479385376
469151506.57416344,10349.0,132.09677419354838,-43.40685848593699,0.0510641448199749,0.6365882158279419
469151506.57416344,10590.0,131.89655172413794,-46.5718474134496,0.1965392827987671,0.5636463165283203
469154506.57416344,6568.0,292.5,-3.583321698471977,0.0994918942451477,0.7288990616798401
469164106.57416344,6789.0,194.06249999999991,-5.979156796301311,0.1045822575688362,0.6756367683410645
469165306.57416344,468.0,290.99999999999994,67.93492864899142,0.0921567752957344,0.6757701635360718
469165906.57416344,6697.0,296.71874999999994,-4.780191847199163,0.566859245300293,0.6627057790756226
469166506.57416344,1983.0,358.5483870967742,43.406858485936986,0.0537030920386314,0.9334700703620911
469167106.57416344,721.0,177.6315789473684,61.9438370231567,0.1601733565330505,0.7142943143844604
469167106.57416344,1983.0,358.5483870967742,43.406858485936986,0.269303560256958,0.9764546751976013
469167706.57416344,721.0,177.6315789473684,61.9438370231567,0.1183186173439025,0.7479993104934692
469169506.57416344,9829.0,104.0625,-37.168899655999454,0.5747485756874084,0.8737337589263916
469170106.57416344,9829.0,104.0625,-37.168899655999454,0.1150755509734153,0.9001891613006592
469171306.57416344,10040.0,338.90625,-38.68218745348943,0.0678340569138526,0.7989864349365234
469181506.57416344,10804.0,95.0,-49.702390326630706,0.1013130992650985,0.6731417179107666
469203706.57416344,9720.0,158.90624999999997,-35.685334712652065,0.6110953688621521,0.8139919638633728
469203706.57416344,10589.0,128.79310344827587,-46.5718474134496,0.3771880567073822,0.9851637482643127
469204306.57416344,9720.0,158.90624999999997,-35.685334712652065,0.4876471161842346,0.520009458065033
469207306.57416344,8929.0,94.21875,-27.27961273597809,0.1877596080303192,0.5990759134292603
469209106.57416344,10590.0,131.89655172413794,-46.5718474134496,0.1868568956851959,0.6552678346633911
469212106.57416344,4282.0,343.12499999999994,18.209956864283,0.2135707437992096,0.6199865937232971
469212706.57416344,4282.0,343.12499999999994,18.209956864283,0.1552630066871643,0.8561083674430847
469219906.57416344,4322.0,97.03125,16.957763300004146,0.05275359749794,0.9052774906158447
469220506.57416344,10221.0,127.96874999999996,-41.81031489577862,0.0940219387412071,0.5679951906204224
469220506.57416344,10589.0,128.79310344827587,-46.5718474134496,0.1160509809851646,0.8491563200950623
469221706.57416344,3606.0,243.28124999999991,24.62431835216408,0.0689413100481033,0.5221060514450073
469221706.57416344,5921.0,274.21875,2.388015463268772,0.3740348517894745,0.549109160900116
469231906.57416344,10341.0,108.87096774193547,-43.40685848593699,0.1191274225711822,0.5707044005393982
469232506.57416344,1174.0,264.37499999999994,54.340912303861245,0.234176367521286,0.5403021574020386
469235506.57416344,5304.0,337.49999999999994,8.385538647081319,0.099449522793293,0.5104702711105347
469236106.57416344,5304.0,337.49999999999994,8.385538647081319,0.0978668108582496,0.6043658256530762
469238506.57416344,10481.0,160.5,-44.99388015045713,0.0569356866180896,0.8647388219833374
469238506.57416344,12082.0,130.5,-75.34073424154306,0.0909068584442138,0.5617157816886902
469242106.57416344,6227.0,53.43749999999999,-1.1937484371410818,0.0518713854253292,0.5879982709884644
469242106.57416344,6355.0,54.84375,-2.388015463268772,0.3052145838737488,0.8384640216827393
469245706.57416344,6816.0,270.0,-5.979156796301311,0.0640566796064376,0.5001212358474731
469248106.57416344,896.0,242.14285714285717,58.91977535280315,0.054898053407669,0.5479994416236877
469248706.57416344,1172.0,256.875,54.340912303861245,0.1080870926380157,0.5316254496574402
469254706.57416344,10590.0,131.89655172413794,-46.5718474134496,0.0678200721740722,0.6223113536834717
469258906.57416344,3752.0,292.5,23.31795706533424,0.0513152293860912,0.5844630599021912
469258906.57416344,3880.0,293.90625,22.02431283704216,0.3095687627792358,0.6812641024589539
469259506.57416344,1523.0,36.96428571428572,48.14120779436029,0.132206305861473,0.5405823588371277
469260106.57416344,1523.0,36.96428571428572,48.14120779436029,0.081869788467884,0.6212753057479858
469271506.57416344,2065.0,229.21874999999997,41.81031489577859,0.4376065731048584,0.5302557349205017
469274506.57416344,11206.0,88.04347826086958,-55.87335043525198,0.345415860414505,0.8395389914512634
469276306.57416344,3806.0,85.78124999999999,22.02431283704216,0.7852614521980286,0.6097181439399719
469280506.57416344,4409.0,341.71874999999994,16.957763300004146,0.134541779756546,0.5805929899215698
469281706.57416344,1035.0,91.95652173913044,55.873350435251986,0.1117239072918891,0.6074911952018738
469282306.57416344,1035.0,91.95652173913044,55.873350435251986,0.0577422864735126,0.9419767260551453
469293106.57416344,4794.0,343.12499999999994,13.248014905676952,0.9263209700584412,0.69110107421875
469295506.57416344,4962.0,95.625,10.806922874860348,0.0730033665895462,0.6873787641525269
469297906.57416344,7487.0,358.59374999999994,-12.024699180565818,0.0551216453313827,0.5216730237007141
469303906.57416344,4282.0,343.12499999999994,18.209956864283,0.1106884330511093,0.9836095571517944
469303906.57416344,4538.0,343.12499999999994,15.713861048008212,0.2880979478359222,0.5433018803596497
469311106.57416344,9303.0,64.6875,-31.388166464348544,0.104627214372158,0.6761115789413452
469324306.57416344,1471.0,225.0,49.702390326630685,0.0595897622406482,0.6395120024681091
469330306.57416344,10347.0,126.29032258064515,-43.40685848593699,0.2491169571876526,0.7149965167045593
469333306.57416344,5727.0,87.18749999999999,3.583321698471977,0.2916547060012817,0.7980098724365234
469334506.57416344,9814.0,61.87499999999999,-37.168899655999454,0.0660132840275764,0.5692250728607178
469336306.57416344,4504.0,247.49999999999997,15.713861048008212,0.0596000105142593,0.7379281520843506
469336906.57416344,4504.0,247.49999999999997,15.713861048008212,0.0814360752701759,0.6367658972740173
469338106.57416344,7586.0,275.625,-13.248014905676952,0.1037115454673767,0.7099453806877136
469340506.57416344,4231.0,199.68749999999997,18.209956864283015,0.1868970990180969,0.7139516472816467
469341106.57416344,10347.0,126.29032258064515,-43.40685848593699,0.3063856363296509,0.6818169951438904
469341106.57416344,10470.0,127.5,-44.99388015045713,0.0598939061164855,0.9604305624961853
469341106.57416344,10588.0,125.68965517241378,-46.5718474134496,0.1405952870845794,0.6826193928718567
469341106.57416344,10589.0,128.79310344827587,-46.5718474134496,0.1928903609514236,0.6491645574569702
469341706.57416344,10347.0,126.29032258064515,-43.40685848593699,0.2271179258823394,0.9023644328117371
469341706.57416344,10577.0,91.55172413793105,-46.5718474134496,0.2759916484355926,0.6631453037261963
469341706.57416344,10588.0,125.68965517241378,-46.5718474134496,0.0923351645469665,0.838180422782898
469341706.57416344,10589.0,128.79310344827587,-46.5718474134496,0.22540283203125,0.6641753315925598
469341706.57416344,10703.0,126.96428571428572,-48.1412077943603,0.8088172674179077,0.8993004560470581
469348306.57416344,4643.0,279.84375,14.477512185929925,0.1019783541560173,0.5838925242424011
469352506.57416344,8066.0,185.62499999999997,-18.209956864283,0.0649533793330192,0.5727868676185608
469353106.57416344,8066.0,185.62499999999997,-18.209956864283,0.0593172535300254,0.5716572999954224
469353106.57416344,10590.0,131.89655172413794,-46.5718474134496,0.1779494732618332,0.6388508081436157
469357306.57416344,9833.0,115.31249999999996,-37.168899655999454,0.0764904990792274,0.5723837018013
469359706.57416344,5538.0,275.625,5.979156796301311,0.2182054370641708,0.9416019916534424
469360906.57416344,6434.0,277.03124999999994,-2.388015463268772,0.0506837256252765,0.5778532028198242
469363306.57416344,945.0,87.95454545454545,57.39952353962294,0.1996678113937378,0.7655123472213745
469365706.57416344,11334.0,239.31818181818176,-57.39952353962295,0.1217224523425102,0.6912391185760498
469365706.57416344,11384.0,87.85714285714285,-58.91977535280316,0.7436238527297974,0.5825096368789673
469366306.57416344,11467.0,87.75,-60.4344388449523,0.19974285364151,0.5888810753822327
469367506.57416344,6227.0,53.43749999999999,-1.1937484371410818,0.5100842118263245,0.8406742811203003
469368106.57416344,6227.0,53.43749999999999,-1.1937484371410818,0.1382029801607132,0.8201606273651123
469368106.57416344,6228.0,56.24999999999999,-1.1937484371410818,0.0505379810929298,0.9485384821891785
469368106.57416344,6355.0,54.84375,-2.388015463268772,0.0608970038592815,0.6249838471412659
469368106.57416344,8547.0,98.4375,-23.31795706533424,0.0720793679356575,0.6471109390258789
469387306.57416344,10347.0,126.29032258064515,-43.40685848593699,0.1121413931250572,0.8848901391029358
469402306.57416344,9813.0,59.0625,-37.168899655999454,0.0858213752508163,0.6170120239257812
469402306.57416344,9940.0,57.656249999999986,-38.68218745348943,0.0810404419898986,0.8672341108322144
469404706.57416344,6940.0,260.15625,-7.180755781458288,0.2777675688266754,0.5576366782188416
469405906.57416344,7071.0,267.1875,-8.385538647081319,0.0581674501299858,0.9257717728614807
469407106.57416344,2001.0,49.21874999999999,41.8103148957786,0.1794687211513519,0.6201246380805969
469414906.57416344,10347.0,126.29032258064515,-43.40685848593699,0.3640905022621155,0.6063553690910339
469414906.57416344,10588.0,125.68965517241378,-46.5718474134496,0.2522338330745697,0.926378071308136
469417306.57416344,2967.0,244.68749999999997,31.38816646434855,0.1024004593491554,0.5808907747268677
469417906.57416344,3871.0,268.59375,22.02431283704216,0.1215546056628227,0.5929802656173706
469424506.57416344,6484.0,56.24999999999999,-3.583321698471977,0.0897412598133087,0.511394739151001
469425706.57416344,10347.0,126.29032258064515,-43.40685848593699,0.2508051693439483,0.853447437286377
469446706.57416344,11936.0,86.53846153846155,-70.90666664467562,0.0704141333699226,0.6300737857818604
469447906.57416344,7263.0,87.18749999999999,-10.806922874860348,0.0668084621429443,0.5251078605651855
469448506.57416344,6355.0,54.84375,-2.388015463268772,0.1463781595230102,0.5200029611587524
469452106.57416344,1860.0,1.4516129032258067,43.406858485936986,0.1330266147851944,0.5741514563560486
469464706.57416344,4134.0,288.28125,19.47122063449069,0.1341762244701385,0.5874003767967224
469467106.57416344,10590.0,131.89655172413794,-46.5718474134496,0.3842309415340423,0.5111405253410339
469476706.57416344,600.0,299.11764705882354,64.94808409550687,0.1799685657024383,0.634211540222168
469482706.57416344,9456.0,136.40625,-32.79716829582364,0.6840503215789795,0.7222341299057007
469494706.57416344,10347.0,126.29032258064515,-43.40685848593699,0.246815025806427,0.9607177376747131
469494706.57416344,10588.0,125.68965517241378,-46.5718474134496,0.1631696969270706,0.9424220323562622
469498906.57416344,4409.0,341.71874999999994,16.957763300004146,0.0969146117568016,0.8968847393989563
469503706.57416344,8626.0,320.625,-23.31795706533424,0.0655316561460495,0.7931274771690369
469506106.57416344,9445.0,105.46875,-32.79716829582367,0.0778124704957008,0.908604085445404
469506706.57416344,10589.0,128.79310344827587,-46.5718474134496,0.0585342682898044,0.9540292024612427
469512706.57416344,10703.0,126.96428571428572,-48.1412077943603,0.9911487102508544,0.9546611905097961
469519306.57416344,5640.0,203.90624999999997,4.780191847199163,0.0945393815636634,0.5219025015830994
469521106.57416344,1295.0,343.8,52.80185378173063,0.0669969469308853,0.5514257550239563
469521706.57416344,1599.0,281.24999999999994,48.14120779436029,0.7265593409538269,0.8308270573616028
469522306.57416344,1599.0,281.24999999999994,48.14120779436029,0.5036101341247559,0.9850980043411255
469533106.57416344,4538.0,343.12499999999994,15.713861048008212,0.0552108399569988,0.6199104189872742
469538506.57416344,6227.0,53.43749999999999,-1.1937484371410818,0.1158298105001449,0.5314520597457886
469540306.57416344,10471.0,130.5,-44.99388015045713,0.0602595321834087,0.7537581920623779
469540906.57416344,10349.0,132.09677419354838,-43.40685848593699,0.1608854383230209,0.5801685452461243
469540906.57416344,10590.0,131.89655172413794,-46.5718474134496,0.0668215900659561,0.5671469569206238
469546306.57416344,2566.0,198.28124999999997,35.68533471265204,0.0799537524580955,0.5949822068214417
469551106.57416344,10347.0,126.29032258064515,-43.40685848593699,0.1941150724887848,0.598659098148346
469551706.57416344,4061.0,82.96875,19.47122063449069,0.0966552793979644,0.5318965315818787
469554706.57416344,2080.0,271.40624999999994,41.81031489577859,0.1185153946280479,0.501860499382019
469563706.57416344,2576.0,226.40625,35.68533471265204,0.0531211420893669,0.6953315138816833
469563706.57416344,2588.0,260.15625,35.68533471265204,0.0652735754847526,0.5752294063568115
469564306.57416344,2576.0,226.40625,35.68533471265204,0.0810642763972282,0.827024519443512
469564906.57416344,6291.0,233.43750000000003,-1.1937484371410818,0.1586949527263641,0.5046974420547485
469565506.57416344,344.0,224.99999999999997,70.90666664467562,0.3052903711795807,0.7662396430969238
469566706.57416344,4774.0,286.87499999999994,13.248014905676952,0.0853089764714241,0.523915708065033
469570306.57416344,11045.0,207.0,-52.801853781730614,0.2010987550020218,0.5287596583366394
469572706.57416344,9142.0,331.875,-28.630989836924357,0.1883224695920944,0.662324070930481
469573306.57416344,9142.0,331.875,-28.630989836924357,0.0837279483675956,0.507404625415802
469573306.57416344,10665.0,4.821428571428571,-48.1412077943603,0.0683307647705078,0.9792554974555969
469574506.57416344,10253.0,217.96874999999991,-41.81031489577862,0.5002740621566772,0.6984319686889648
469575106.57416344,10253.0,217.96874999999991,-41.81031489577862,0.724120557308197,0.9053934812545776
469576906.57416344,816.0,254.25,60.43443884495228,0.6457177996635437,0.6730794310569763
469581106.57416344,10522.0,283.5,-44.99388015045713,0.0524045303463935,0.5022881031036377
469581106.57416344,10588.0,125.68965517241378,-46.5718474134496,0.0947037860751152,0.9997438788414001
469581706.57416344,10522.0,283.5,-44.99388015045713,0.0589535757899284,0.7078362703323364
469581706.57416344,11100.0,46.875,-54.340912303861245,0.9758734107017516,0.9682189226150513
469581706.57416344,11101.0,50.625,-54.340912303861245,0.2441577017307281,0.805973470211029
469582306.57416344,11100.0,46.875,-54.340912303861245,0.8265525102615356,0.7208287119865417
469586025.7249691,10347.0,126.29032258064515,-43.40685848593699,0.6409637331962585,0.7306085228919983
469593225.7249691,7330.0,275.625,-10.806922874860348,0.9632993340492249,0.5362969636917114
469593825.7249691,11352.0,312.95454545454544,-57.39952353962295,0.1118476539850235,0.6557982563972473
469596225.7249691,10075.0,75.9375,-40.22818472806108,0.0966931283473968,0.7325112819671631
469597425.7249691,4067.0,99.84375,19.47122063449069,0.1004308760166168,0.8947445750236511
469599825.7249691,984.0,247.50000000000003,57.39952353962294,0.0534644722938537,0.7957376837730408
469602225.7249691,1147.0,163.12499999999997,54.340912303861245,0.1860366463661193,0.8106913566589355
469607625.7249691,8267.0,30.937499999999996,-20.742379954487134,0.0927347913384437,0.9375452995300293
469620225.7249691,5603.0,99.84375,4.780191847199163,0.1027793809771537,0.5873301029205322
469622625.7249691,2448.0,224.99999999999991,37.16889965599945,0.1223242580890655,0.6388099193572998
469622625.7249691,5536.0,270.0,5.979156796301311,0.0937548354268074,0.7686599493026733
469623225.7249691,2448.0,224.99999999999991,37.16889965599945,0.1671798825263977,0.6785194873809814
469623825.7249691,4409.0,341.71874999999994,16.957763300004146,0.1509903520345688,0.7817779779434204
469623825.7249691,4538.0,343.12499999999994,15.713861048008212,0.0716627016663551,0.9338774085044861
469623825.7249691,4666.0,344.53125,14.477512185929925,0.7535951137542725,0.8843922019004822
469624425.7249691,4666.0,344.53125,14.477512185929925,0.2842873930931091,0.9955437779426575
469631025.7249691,4066.0,97.03125,19.47122063449069,0.2560299634933471,0.5588743090629578
469631025.7249691,10705.0,133.39285714285717,-48.1412077943603,0.2274782955646515,0.6223150491714478
469631625.7249691,4066.0,97.03125,19.47122063449069,0.166022852063179,0.7812135815620422
469631625.7249691,10470.0,127.5,-44.99388015045713,0.0937373489141464,0.9964309930801392
469631625.7249691,10471.0,130.5,-44.99388015045713,0.1448973417282104,0.9663109183311462
469631625.7249691,10589.0,128.79310344827587,-46.5718474134496,0.3119833469390869,0.7545908689498901
469631625.7249691,10703.0,126.96428571428572,-48.1412077943603,0.9366183876991272,0.9400793313980103
469632225.7249691,10704.0,130.17857142857142,-48.1412077943603,0.9213274121284484,0.6946277618408203
469646625.7249691,2861.0,307.96875,32.797168295823646,0.6318609118461609,0.5068027973175049
469654425.7249691,4323.0,99.84375,16.957763300004146,0.0816066116094589,0.6237567067146301
469655625.7249691,2852.0,282.65625,32.79716829582364,0.3770990073680877,0.894619882106781
469656225.7249691,2725.0,284.0625,34.22886632781258,0.2366229742765426,0.7312496900558472
469656225.7249691,2852.0,282.65625,32.79716829582364,0.4529750049114227,0.9929900169372559
469665825.7249691,10347.0,126.29032258064515,-43.40685848593699,0.3761707544326782,0.8248018622398376
469666425.7249691,3806.0,85.78124999999999,22.02431283704216,0.320938378572464,0.961416482925415
469666425.7249691,3935.0,87.18749999999999,20.742379954487134,0.0794840231537818,0.6543065905570984
469666425.7249691,10347.0,126.29032258064515,-43.40685848593699,0.1276681423187255,0.9429234266281128
469666425.7249691,10589.0,128.79310344827587,-46.5718474134496,0.0692357420921325,0.9073991775512695
469670025.7249691,584.0,214.41176470588232,64.94808409550687,0.0521057844161987,0.5286722779273987
469676625.7249691,6624.0,91.40625,-4.780191847199163,0.0913924574851989,0.5309491157531738
469676625.7249691,6625.0,94.21875,-4.780191847199163,0.1366845518350601,0.9311290979385376
469676625.7249691,6753.0,92.8125,-5.979156796301311,0.0533182322978973,0.7068184614181519
469679025.7249691,2852.0,282.65625,32.79716829582364,0.057200763374567,0.6186322569847107
469679625.7249691,6057.0,295.3125,1.1937484371410818,0.4103858172893524,0.6688722968101501
469680225.7249691,6057.0,295.3125,1.1937484371410818,0.0825588181614875,0.6490927934646606
469680825.7249691,5668.0,282.65625,4.780191847199163,0.0984162539243698,0.5074368715286255
469691625.7249691,2101.0,330.46875,41.81031489577859,0.058972455561161,0.6478201150894165
469691625.7249691,3002.0,343.12499999999994,31.38816646434855,0.1915308684110641,0.8483290076255798
469692225.7249691,3002.0,343.12499999999994,31.38816646434855,0.0573930852115154,0.856314480304718
469692225.7249691,4538.0,343.12499999999994,15.713861048008212,0.0608842894434928,0.9217549562454224
469692825.7249691,3763.0,323.4375,23.31795706533424,0.6316554546356201,0.5968142747879028
469696425.7249691,10620.0,224.99999999999997,-46.5718474134496,0.0601858533918857,0.5270140171051025
469697625.7249691,9511.0,291.09375,-32.79716829582364,0.1139687150716781,0.6711065173149109
469705425.7249691,795.0,159.75,60.43443884495228,0.0957233011722564,0.6909597516059875
469709625.7249691,5829.0,15.468750000000002,2.388015463268772,0.063084065914154,0.7560824751853943
469710225.7249691,5829.0,15.468750000000002,2.388015463268772,0.3883243799209595,0.9949742555618286
469710225.7249691,5830.0,18.281250000000004,2.388015463268772,0.1313598304986953,0.994561493396759
469710225.7249691,5958.0,16.875,1.1937484371410818,0.0657177120447158,0.9626438021659851
469714425.7249691,6826.0,298.125,-5.979156796301311,0.0815837383270263,0.5422701239585876
469717425.7249691,4579.0,99.84375,14.477512185929925,0.1218097656965255,0.637933075428009
469721625.7249691,6086.0,18.28125,0.0,0.0819799378514289,0.8550278544425964
469722825.7249691,3934.0,84.37499999999999,20.74237995448715,0.0612343065440654,0.7356792688369751
469728825.7249691,9065.0,115.31249999999996,-28.630989836924357,0.0614776015281677,0.5205763578414917
469729425.7249691,9065.0,115.31249999999996,-28.630989836924357,0.1378155797719955,0.5928117632865906
469734825.7249691,10347.0,126.29032258064515,-43.40685848593699,0.1135933697223663,0.830913782119751
469735425.7249691,3072.0,181.40624999999997,30.000000000000007,0.0517834536731243,0.6897432804107666
469739625.7249691,278.0,108.75,72.38756092964962,0.0892960354685783,0.5503478050231934
469742025.7249691,10347.0,126.29032258064515,-43.40685848593699,0.3825754523277282,0.9978213310241699
469743825.7249691,6716.0,350.15625,-4.780191847199163,0.0706747397780418,0.8230078816413879
469744425.7249691,6716.0,350.15625,-4.780191847199163,0.0519622042775154,0.8799636363983154
469745625.7249691,11453.0,24.749999999999996,-60.4344388449523,0.1865376234054565,0.5542979836463928
469746225.7249691,10590.0,131.89655172413794,-46.5718474134496,0.2336855083703994,0.5222335457801819
469747425.7249691,3199.0,177.1875,28.630989836924343,0.0861802548170089,0.5841864347457886
469747425.7249691,3327.0,178.59374999999997,27.27961273597809,0.0835021138191223,0.7262791991233826
469748025.7249691,3199.0,177.1875,28.630989836924343,0.0546458400785923,0.8056148290634155
469748025.7249691,3327.0,178.59374999999997,27.27961273597809,0.1576536297798156,0.9467954635620117
469750425.7249691,821.0,276.75,60.43443884495228,0.2749947905540466,0.5213057994842529
469751625.7249691,4322.0,97.03125,16.957763300004146,0.1256220042705536,0.636027991771698
469755225.7249691,10679.0,49.82142857142857,-48.1412077943603,0.0977996438741684,0.9209524989128113
469755825.7249691,9814.0,61.87499999999999,-37.168899655999454,0.441551148891449,0.5496127605438232
469756425.7249691,9814.0,61.87499999999999,-37.168899655999454,0.5851219892501831,0.5379847288131714
469758225.7249691,6789.0,194.06249999999991,-5.979156796301311,0.059220090508461,0.5808717608451843
469758225.7249691,7684.0,192.65624999999997,-14.477512185929925,0.1108497977256774,0.710625946521759
469762425.7249691,4066.0,97.03125,19.47122063449069,0.2730867564678192,0.6153517365455627
469766025.7249691,7203.0,279.84375,-9.594068226860458,0.4965792596340179,0.5415610074996948
469767225.7249691,7903.0,88.59375,-16.957763300004146,0.128375768661499,0.7664754986763
469773225.7249691,3247.0,312.18749999999994,28.630989836924343,0.0619298554956913,0.5468116998672485
469776825.7249691,10285.0,307.96875,-41.81031489577862,0.074264608323574,0.5569136142730713
469778025.7249691,10011.0,257.34375,-38.68218745348943,0.5731633305549622,0.5121877193450928
469778625.7249691,9275.0,347.34375,-30.000000000000018,0.2254253178834915,0.7930152416229248
469779225.7249691,7897.0,71.71874999999999,-16.957763300004146,0.0638749301433563,0.6059800386428833
469779225.7249691,11985.0,71.25,-72.38756092964962,0.1308935731649398,0.8168444037437439
469779825.7249691,11985.0,71.25,-72.38756092964962,0.2332761436700821,0.8198513388633728
469782825.7249691,4538.0,343.12499999999994,15.713861048008212,0.0723396763205528,0.9509678483009338
469783425.7249691,4538.0,343.12499999999994,15.713861048008212,0.0812010541558265,0.8063866496086121
469790025.7249691,6086.0,18.28125,0.0,0.9245436191558838,0.7377556562423706
469791225.7249691,9031.0,19.6875,-28.630989836924357,0.0745335593819618,0.9235512614250183
469791825.7249691,9031.0,19.6875,-28.630989836924357,0.0724144876003265,0.9837326407432556
469794225.7249691,2576.0,226.40625,35.68533471265204,0.0873262137174606,0.5227022767066956
469797225.7249691,606.0,330.8823529411764,64.94808409550687,0.1124264746904373,0.6091524362564087
469797225.7249691,5617.0,139.21875,4.780191847199163,0.3032507598400116,0.6244857311248779
469800825.7249691,6085.0,15.468749999999998,0.0,0.0993415042757988,0.9952801465988159
469801425.7249691,6085.0,15.468749999999998,0.0,0.1455053091049194,0.9998683929443359
469801425.7249691,6086.0,18.28125,0.0,0.1953965574502945,0.7640272974967957
469802025.7249691,6086.0,18.28125,0.0,0.1114041209220886,0.9947456121444702
469807425.7249691,381.0,112.5,69.4225464945822,0.6353254318237305,0.6079128980636597
469808025.7249691,381.0,112.5,69.4225464945822,0.6751900315284729,0.5431909561157227
469809825.7249691,10589.0,128.79310344827587,-46.5718474134496,0.0583917945623397,0.534803569316864
469809825.7249691,11573.0,215.52631578947367,-61.94383702315673,0.0778358578681945,0.5311796069145203
469812825.7249691,4963.0,98.4375,10.806922874860348,0.4939031898975372,0.6765904426574707
469814025.7249691,10705.0,133.39285714285717,-48.1412077943603,0.7517073154449463,0.8556615710258484
469818225.7249691,6306.0,275.625,-1.1937484371410818,0.6402990818023682,0.5138593316078186
469821825.7249691,10955.0,247.50000000000003,-51.25580694880492,0.9705939888954164,0.6833932995796204
469825425.7249691,6230.0,61.87499999999999,-1.1937484371410818,0.0517392009496688,0.9391134977340698
469830825.7249691,2405.0,104.0625,37.16889965599945,0.0618870966136455,0.6313395500183105
469833825.7249691,6946.0,277.03124999999994,-7.180755781458288,0.544008195400238,0.5942718386650085
469834425.7249691,6946.0,277.03124999999994,-7.180755781458288,0.5130068063735962,0.801268994808197
469834425.7249691,6947.0,279.84375,-7.180755781458288,0.1592739224433899,0.6465462446212769
469834425.7249691,7202.0,277.03124999999994,-9.594068226860458,0.7692474722862244,0.8865894675254822
469834425.7249691,9269.0,330.46875,-30.000000000000018,0.2671495378017425,0.6939768195152283
469835025.7249691,11969.0,315.0,-70.90666664467562,0.1177319958806037,0.550997257232666
469836825.7249691,10557.0,29.482758620689655,-46.5718474134496,0.0501052029430866,0.5431685447692871
469839225.7249691,3081.0,206.71874999999997,30.000000000000007,0.082223929464817,0.7372977137565613
469841625.7249691,1159.0,208.125,54.340912303861245,0.4700476229190826,0.6748210787773132
469843425.7249691,3961.0,160.3125,20.742379954487134,0.0699372217059135,0.5466086268424988
469845225.7249691,9389.0,306.56249999999994,-31.388166464348544,0.065898485481739,0.9635574817657471
469850625.7249691,3982.0,219.37499999999997,20.742379954487134,0.1314121782779693,0.5405605435371399
469853025.7249691,1783.0,130.5,44.99388015045713,0.4407041072845459,0.6799079775810242
469854225.7249691,565.0,113.8235294117647,64.94808409550687,0.0637091323733329,0.5487189292907715
469860225.7249691,5331.0,54.84375,7.180755781458288,0.0698421970009803,0.5186529159545898
469863225.7249691,1500.0,321.66666666666663,49.702390326630685,0.7992903590202332,0.8233464956283569
469868025.7249691,8604.0,258.75,-23.31795706533424,0.2311774939298629,0.5645086169242859
469870425.7249691,11678.0,13.23529411764706,-64.94808409550689,0.0802194625139236,0.6116706728935242
469871625.7249691,5986.0,95.625,1.1937484371410818,0.0607479326426982,0.8330102562904358
469887825.7249691,678.0,332.5,63.44828368030106,0.0507580414414405,0.7419554591178894
469891425.7249691,10391.0,254.0322580645161,-43.40685848593699,0.0581571720540523,0.6290836930274963
469894425.7249691,3548.0,80.15625,24.62431835216408,0.0508469380438327,0.5427573323249817
469898025.7249691,4766.0,264.375,13.248014905676952,0.2339660078287124,0.987481951713562
469898625.7249691,4766.0,264.375,13.248014905676952,0.0827375352382659,0.6925727128982544
469905825.7249691,10896.0,43.26923076923077,-51.25580694880492,0.1651913970708847,0.6930677890777588
469907625.7249691,6293.0,239.0625,-1.1937484371410818,0.5256553888320923,0.7502971291542053
469911825.7249691,4061.0,82.96875,19.47122063449069,0.1214104294776916,0.8184342980384827
469913625.7249691,11508.0,272.25,-60.4344388449523,0.1640149354934692,0.5024792551994324
469926225.7249691,10790.0,48.333333333333336,-49.702390326630706,0.2537789046764374,0.7897681593894958
469926825.7249691,10790.0,48.333333333333336,-49.702390326630706,0.4124301671981811,0.6933098435401917
469931025.7249691,5136.0,226.40624999999997,9.594068226860458,0.1301372051239013,0.9329386353492737
469931025.7249691,6931.0,234.84374999999997,-7.180755781458288,0.0524424649775028,0.6132646203041077
469933425.7249691,1260.0,217.8,52.80185378173063,0.0581865012645721,0.7208049297332764
469935825.7249691,12268.0,135.0,-85.61313403601545,0.0525380484759807,0.5581205487251282
469940025.7249691,10588.0,125.68965517241378,-46.5718474134496,0.127999797463417,0.8919693827629089
469940625.7249691,10347.0,126.29032258064515,-43.40685848593699,0.1520389467477798,0.9527380466461182
469940625.7249691,10348.0,129.19354838709677,-43.40685848593699,0.0549829341471195,0.6507561802864075
469940625.7249691,10588.0,125.68965517241378,-46.5718474134496,0.0731139704585075,0.9998747110366821
469940625.7249691,10589.0,128.79310344827587,-46.5718474134496,0.1305757462978363,0.526817798614502
469947225.7249691,11216.0,127.17391304347828,-55.87335043525198,0.8813505172729492,0.535767138004303
469951425.7249691,10589.0,128.79310344827587,-46.5718474134496,0.063916802406311,0.9385116100311279
469955025.7249691,1066.0,213.26086956521735,55.873350435251986,0.0783811435103416,0.9641624689102173
469955025.7249691,1161.0,215.62500000000003,54.340912303861245,0.0685978382825851,0.9573442339897156
469955625.7249691,505.0,143.4375,66.44353569089877,0.0613800436258316,0.577194094657898
469956225.7249691,1885.0,74.03225806451613,43.406858485936986,0.0922164544463157,0.5241449475288391
469956225.7249691,3933.0,81.56249999999999,20.742379954487134,0.2559378743171692,0.5112723708152771
469956825.7249691,1885.0,74.03225806451613,43.406858485936986,0.0633078888058662,0.6591875553131104
469956825.7249691,3933.0,81.56249999999999,20.742379954487134,0.1457231342792511,0.6603747606277466
469957425.7249691,4061.0,82.96875,19.47122063449069,0.5198720097541809,0.9453496932983398
469965225.7249691,1280.0,289.8,52.80185378173063,0.1182714477181434,0.5548252463340759
469968225.7249691,3564.0,125.15625,24.62431835216408,0.0754818394780159,0.7482000589370728
469968225.7249691,3933.0,81.56249999999999,20.742379954487134,0.3323902487754822,0.8997001647949219
469968825.7249691,3200.0,180.0,28.630989836924343,0.0940500274300575,0.5582863688468933
469979625.7249691,4067.0,99.84375,19.47122063449069,0.0727783888578414,0.9997026324272156
469979625.7249691,4451.0,98.4375,15.713861048008212,0.9977836012840272,0.5785092711448669
469980225.7249691,3678.0,84.37499999999999,23.31795706533424,0.0857217609882354,0.5574806928634644
469980225.7249691,4067.0,99.84375,19.47122063449069,0.0638432502746582,0.9268471598625183
469980825.7249691,7650.0,97.03125,-14.477512185929925,0.0515453182160854,0.6433495879173279
469986825.7249691,512.0,182.81249999999997,66.44353569089877,0.22649447619915,0.5347861647605896
469987425.7249691,512.0,182.81249999999997,66.44353569089877,0.2486696541309356,0.5846260190010071
469991625.7249691,3805.0,82.96875,22.02431283704216,0.0660622492432594,0.6581509709358215
469991625.7249691,4451.0,98.4375,15.713861048008212,0.9804274439811708,0.5409975647926331
469995825.7249691,4410.0,344.53125,16.957763300004146,0.0919722318649292,0.9266833066940308
469996425.7249691,11618.0,72.5,-63.448283680301046,0.2388194352388382,0.6813732385635376
470002425.7249691,3549.0,82.96875,24.62431835216408,0.1278073042631149,0.9126300811767578
470002425.7249691,3679.0,87.18749999999999,23.31795706533424,0.1808750629425048,0.7120610475540161
470002425.7249691,5480.0,112.5,5.979156796301311,0.0674810856580734,0.6627669334411621
470003025.7249691,3549.0,82.96875,24.62431835216408,0.1833773404359817,0.9160212874412537
470003025.7249691,3805.0,82.96875,22.02431283704216,0.0604424104094505,0.7513405680656433
470003025.7249691,3806.0,85.78124999999999,22.02431283704216,0.5014131665229797,0.5637348294258118
470003025.7249691,3935.0,87.18749999999999,20.742379954487134,0.179174318909645,0.6427125334739685
470003025.7249691,5480.0,112.5,5.979156796301311,0.1113417744636535,0.7575734853744507
470005425.7249691,10471.0,130.5,-44.99388015045713,0.0528238378465175,0.5666413903236389
470007825.7249691,3805.0,82.96875,22.02431283704216,0.2678965628147125,0.8189926743507385
470008425.7249691,3805.0,82.96875,22.02431283704216,0.29234778881073,0.9241970777511597
470012625.7249691,1365.0,226.73076923076923,51.25580694880489,0.0901461169123649,0.6039202213287354
470013825.7249691,2295.0,156.09374999999997,38.68218745348943,0.1941133290529251,0.5357496738433838
470014425.7249691,4322.0,97.03125,16.957763300004146,0.1243162527680397,0.5232073664665222
470016825.7249691,11372.0,36.42857142857144,-58.91977535280316,0.0553666912019252,0.5185755491256714
470018025.7249691,12070.0,22.500000000000004,-75.34073424154306,0.1387745141983032,0.6047195792198181
470018625.7249691,12070.0,22.500000000000004,-75.34073424154306,0.1219552755355835,0.8076491951942444
470025825.7249691,4190.0,84.37499999999999,18.209956864283,0.9981576800346376,0.5127551555633545
470036625.7249691,1176.0,271.875,54.340912303861245,0.1811678856611251,0.87696373462677
470039025.7249691,11391.0,117.85714285714286,-58.91977535280316,0.1133202910423278,0.7686038017272949
470040225.7249691,8614.0,286.87499999999994,-23.31795706533424,0.0577735193073749,0.6373331546783447
470042625.7249691,6355.0,54.84375,-2.388015463268772,0.0902163609862327,0.5553281307220459
470045025.7249691,2073.0,251.71875,41.81031489577859,0.0741606503725051,0.5777238607406616
470075625.7249691,5702.0,16.875,3.583321698471977,0.1059026792645454,0.7017442584037781
470075625.7249691,5830.0,18.281250000000004,2.388015463268772,0.0784488245844841,0.7297112941741943
470091225.7249691,5286.0,286.87499999999994,8.385538647081319,0.2506692409515381,0.5415090918540955
470091825.7249691,5286.0,286.87499999999994,8.385538647081319,0.0737295448780059,0.6202408671379089
470091825.7249691,5542.0,286.87499999999994,5.979156796301311,0.3969533443450928,0.5496931076049805
470092425.7249691,5158.0,288.28125,9.594068226860458,0.2426782399415969,0.8068655729293823
470100825.7249691,10470.0,127.5,-44.99388015045713,0.0679619088768959,0.7578991055488586
470100825.7249691,10589.0,128.79310344827587,-46.5718474134496,0.1110337749123573,0.9976589679718018
470103225.7249691,4909.0,307.96875,12.024699180565818,0.0519658215343952,0.9121015667915344
470103225.7249691,5038.0,309.375,10.806922874860348,0.0571619980037212,0.8003102540969849
470105625.7249691,4062.0,85.78124999999999,19.47122063449069,0.1457296460866928,0.5288044214248657
470121825.7249691,5958.0,16.875,1.1937484371410818,0.0765966549515724,0.7902796268463135
470123025.7249691,9961.0,116.71875,-38.68218745348943,0.497101753950119,0.6717426776885986
470127825.7249691,3933.0,81.56249999999999,20.742379954487134,0.0521319434046745,0.9814525246620178
470133225.7249691,11539.0,54.47368421052631,-61.94383702315673,0.0869661495089531,0.5261093974113464
470139825.7249691,4061.0,82.96875,19.47122063449069,0.7846509218215942,0.5891720056533813
470143425.7249691,6824.0,292.5,-5.979156796301311,0.0570934936404228,0.5622524619102478
470145225.7249691,4045.0,37.96875,19.47122063449069,0.1123315095901489,0.8075098991394043
470150025.7249691,3933.0,81.56249999999999,20.742379954487134,0.3923412263393402,0.9144920110702515
470150025.7249691,4322.0,97.03125,16.957763300004146,0.0725097581744194,0.5566566586494446
470150625.7249691,3933.0,81.56249999999999,20.742379954487134,0.8450566530227661,0.9641761183738708
470150625.7249691,3934.0,84.37499999999999,20.74237995448715,0.905958652496338,0.5452009439468384
470150625.7249691,4066.0,97.03125,19.47122063449069,0.3290017545223236,0.7036520838737488
470151225.7249691,4066.0,97.03125,19.47122063449069,0.3238697350025177,0.8039050698280334
470151225.7249691,4322.0,97.03125,16.957763300004146,0.2358106225728988,0.5892225503921509
470165625.7249691,10141.0,261.56249999999994,-40.22818472806108,0.6556445956230164,0.5325264930725098
470168025.7249691,11384.0,87.85714285714285,-58.91977535280316,0.0580806918442249,0.6163744330406189
470168625.7249691,11384.0,87.85714285714285,-58.91977535280316,0.0732703059911727,0.5419138073921204
470170425.7249691,6423.0,246.09374999999991,-2.388015463268772,0.0760824531316757,0.7005102634429932
470174025.7249691,3550.0,85.78124999999999,24.62431835216408,0.7111460566520691,0.6170998215675354
470174025.7249691,3805.0,82.96875,22.02431283704216,0.1134066209197044,0.7401754260063171
470174025.7249691,3806.0,85.78124999999999,22.02431283704216,0.7936236262321472,0.6198253035545349
470174025.7249691,3934.0,84.37499999999999,20.74237995448715,0.9198973178863524,0.5811825394630432
470183025.7249691,1682.0,181.55172413793105,46.57184741344958,0.1410967409610748,0.5414310097694397
470184825.7249691,1243.0,156.59999999999997,52.80185378173063,0.0539878271520137,0.6512971520423889
470184825.7249691,1623.0,358.39285714285717,48.14120779436029,0.1318182647228241,0.8226147890090942
470187225.7249691,10347.0,126.29032258064515,-43.40685848593699,0.1536685079336166,0.6973609328269958
470187225.7249691,10703.0,126.96428571428572,-48.1412077943603,0.8665809035301208,0.7761518359184265
470191146.1487782,9415.0,21.093749999999996,-32.79716829582364,0.0565120875835418,0.709675133228302
470191746.1487782,9415.0,21.093749999999996,-32.79716829582364,0.0774469003081321,0.5979294180870056
470194146.1487782,7713.0,274.21875,-14.477512185929925,0.117524929344654,0.5814427137374878
470196546.1487782,2141.0,81.56249999999999,40.228184728061095,0.0706947594881057,0.6814624667167664
470210346.1487782,8883.0,323.4375,-25.944479772370016,0.0841595754027366,0.9055488705635071
470210946.1487782,8883.0,323.4375,-25.944479772370016,0.1909750699996948,0.589847207069397
470210946.1487782,9139.0,323.4375,-28.630989836924357,0.5718193650245667,0.7016257643699646
470210946.1487782,10401.0,283.06451612903226,-43.40685848593699,0.1318925768136978,0.8641059994697571
470212146.1487782,9159.0,21.093749999999996,-30.000000000000018,0.4162005186080932,0.7356134653091431
470212746.1487782,10524.0,289.5,-44.99388015045713,0.1489154249429702,0.6767282485961914
470213346.1487782,10878.0,341.6666666666667,-49.702390326630706,0.1284452825784683,0.628983736038208
470213946.1487782,10878.0,341.6666666666667,-49.702390326630706,0.1191812306642532,0.5966931581497192
470216346.1487782,5392.0,226.40625,7.180755781458288,0.5153531432151794,0.5704668760299683
470223546.1487782,7997.0,352.96874999999994,-16.957763300004146,0.0756436809897422,0.7619585990905762
470224746.1487782,5702.0,16.875,3.583321698471977,0.0741271004080772,0.8423887491226196
470230746.1487782,392.0,183.2142857142857,69.4225464945822,0.3970495164394378,0.5795177817344666
470242146.1487782,3933.0,81.56249999999999,20.742379954487134,0.08382298797369,0.8933989405632019
470242746.1487782,3549.0,82.96875,24.62431835216408,0.0590986311435699,0.8372726440429688
470242746.1487782,3678.0,84.37499999999999,23.31795706533424,0.0890095680952072,0.5418773889541626
470242746.1487782,3805.0,82.96875,22.02431283704216,0.3183496594429016,0.506184995174408
470242746.1487782,3933.0,81.56249999999999,20.742379954487134,0.1452483832836151,0.9784432649612427
470242746.1487782,4061.0,82.96875,19.47122063449069,0.99850594997406,0.5117658376693726
470243346.1487782,3805.0,82.96875,22.02431283704216,0.1970226466655731,0.5197656750679016
470247546.1487782,5958.0,16.875,1.1937484371410818,0.0816983059048652,0.7379248142242432
470247546.1487782,6227.0,53.43749999999999,-1.1937484371410818,0.1429655402898788,0.6893914341926575
470248746.1487782,4323.0,99.84375,16.957763300004146,0.6154812574386597,0.8151395320892334
470248746.1487782,4451.0,98.4375,15.713861048008212,0.3096122741699219,0.532131016254425
470260146.1487782,10221.0,127.96874999999996,-41.81031489577862,0.179568663239479,0.6696913838386536
470262546.1487782,643.0,157.5,63.44828368030106,0.0739352405071258,0.9044874310493469
470265546.1487782,2168.0,157.5,40.228184728061095,0.0581355355679988,0.7005317807197571
470265546.1487782,4067.0,99.84375,19.47122063449069,0.0619249977171421,0.9953864216804504
470267946.1487782,7830.0,241.875,-15.713861048008212,0.3398416340351105,0.5051295161247253
470273346.1487782,887.0,203.57142857142856,58.91977535280315,0.0502962060272693,0.7889644503593445
470273946.1487782,887.0,203.57142857142856,58.91977535280315,0.118858054280281,0.9328222870826721
470273946.1487782,2045.0,172.96875,41.8103148957786,0.1770293563604354,0.7996853590011597
470273946.1487782,6402.0,187.03124999999991,-2.388015463268772,0.3425003290176391,0.6521540284156799
470275146.1487782,3369.0,296.71874999999994,27.27961273597809,0.2213160544633865,0.5966742634773254
470278146.1487782,9205.0,150.46875,-30.000000000000018,0.0654254853725433,0.725609540939331
470279346.1487782,9107.0,233.43750000000003,-28.630989836924357,0.0830647945404052,0.5628268122673035
470314746.1487782,11976.0,3.75,-72.38756092964962,0.1122814938426017,0.6083760857582092
470315346.1487782,4795.0,345.9375,13.248014905676952,0.0757076516747474,0.7005347609519958
470318346.1487782,10590.0,131.89655172413794,-46.5718474134496,0.0797478184103965,0.6369860172271729
470324346.1487782,10511.0,250.50000000000003,-44.99388015045713,0.0961841717362403,0.8915192484855652
470327946.1487782,5958.0,16.875,1.1937484371410818,0.0575645305216312,0.819788932800293
470329146.1487782,10470.0,127.5,-44.99388015045713,0.292603075504303,0.5402320027351379
470332746.1487782,904.0,276.42857142857144,58.91977535280315,0.2238210290670395,0.8835566639900208
470332746.1487782,4538.0,343.12499999999994,15.713861048008212,0.0782096907496452,0.8545177578926086
470337546.1487782,7845.0,284.0625,-15.713861048008212,0.3010028302669525,0.6441701650619507
470337546.1487782,7973.0,285.46875,-16.957763300004146,0.0522533543407917,0.5684995651245117
470347146.1487782,11080.0,333.0,-52.801853781730614,0.0596511587500572,0.7376645803451538
470354346.1487782,2852.0,282.65625,32.79716829582364,0.0514959096908569,0.5775991678237915
470360346.1487782,9535.0,358.59374999999994,-32.79716829582367,0.0675075948238372,0.5527046918869019
470363346.1487782,10221.0,127.96874999999996,-41.81031489577862,0.1098621934652328,0.566011905670166
470363346.1487782,10347.0,126.29032258064515,-43.40685848593699,0.2565808296203613,0.6936188340187073
470363946.1487782,7280.0,135.0,-10.806922874860348,0.0835163295269012,0.7798033952713013
470363946.1487782,10347.0,126.29032258064515,-43.40685848593699,0.12544646859169,0.9468545913696289
470364546.1487782,7280.0,135.0,-10.806922874860348,0.1009892895817756,0.704910933971405
470373546.1487782,10916.0,112.5,-51.25580694880492,0.0516663044691085,0.7238126397132874
470375946.1487782,2295.0,156.09374999999997,38.68218745348943,0.0863057598471641,0.8581445217132568
470379546.1487782,3934.0,84.37499999999999,20.74237995448715,0.8401622176170349,0.6014914512634277
470379546.1487782,4818.0,52.03125,12.024699180565818,0.1164527386426925,0.5490665435791016
470380146.1487782,3934.0,84.37499999999999,20.74237995448715,0.3345986008644104,0.8944200277328491
470383746.1487782,6589.0,351.5625,-3.583321698471977,0.0532462410628795,0.7156316041946411
470384946.1487782,11521.0,330.75000000000006,-60.4344388449523,0.3104142844676971,0.5273488163948059
470385546.1487782,11521.0,330.75000000000006,-60.4344388449523,0.0696366503834724,0.6408188343048096
470402346.1487782,4067.0,99.84375,19.47122063449069,0.1448826938867569,0.6345791220664978
470402946.1487782,4322.0,97.03125,16.957763300004146,0.1280490756034851,0.8968595266342163
470403546.1487782,6245.0,104.0625,-1.1937484371410818,0.1055810749530792,0.76076340675354
470405946.1487782,8865.0,272.8125,-25.944479772370016,0.9477434158325196,0.8568633198738098
470409546.1487782,10703.0,126.96428571428572,-48.1412077943603,0.9364944696426392,0.6646842956542969
470413146.1487782,4061.0,82.96875,19.47122063449069,0.9312157034873962,0.6341736316680908
470417346.1487782,5793.0,272.8125,3.583321698471977,0.0609011761844158,0.7200410962104797
470425746.1487782,7397.0,105.46875,-12.024699180565818,0.0506340079009532,0.69646155834198
470428146.1487782,7197.0,262.96875,-9.594068226860458,0.1769600212574005,0.6309619545936584
470429346.1487782,6460.0,350.15625,-2.388015463268772,0.106632076203823,0.8792456984519958
470432946.1487782,2295.0,156.09374999999997,38.68218745348943,0.0510767735540866,0.8078176379203796
470437146.1487782,4067.0,99.84375,19.47122063449069,0.0702695399522781,0.6290781497955322
470437146.1487782,4322.0,97.03125,16.957763300004146,0.0638293400406837,0.9354938268661499
470438946.1487782,10726.0,200.8928571428571,-48.1412077943603,0.0600857846438884,0.5951200723648071
470440746.1487782,9114.0,253.125,-28.630989836924357,0.2374537587165832,0.6513883471488953
470444946.1487782,963.0,161.5909090909091,57.39952353962295,0.3436253666877746,0.6298956871032715
470447346.1487782,1058.0,181.9565217391304,55.873350435251986,0.4125782251358032,0.7290883660316467
470447946.1487782,3933.0,81.56249999999999,20.742379954487134,0.1547105759382248,0.8157806396484375
470448546.1487782,3549.0,82.96875,24.62431835216408,0.0725145861506462,0.8429605960845947
470448546.1487782,3677.0,81.56249999999999,23.31795706533424,0.3144938349723816,0.9981147050857544
470448546.1487782,3933.0,81.56249999999999,20.742379954487134,0.0826861858367919,0.9957152009010315
470448546.1487782,4062.0,85.78124999999999,19.47122063449069,0.9298135042190552,0.5655307769775391
470449146.1487782,3805.0,82.96875,22.02431283704216,0.2881093323230743,0.5724861025810242
470455146.1487782,10470.0,127.5,-44.99388015045713,0.0554540380835533,0.6689484119415283
470456346.1487782,1676.0,162.9310344827586,46.57184741344958,0.4666104018688202,0.5278561115264893
470461746.1487782,10471.0,130.5,-44.99388015045713,0.061474185436964,0.637114942073822
470467146.1487782,1239.0,142.20000000000002,52.801853781730635,0.2522008419036865,0.5764292478561401
470467746.1487782,1239.0,142.20000000000002,52.801853781730635,0.3621600866317749,0.7368590235710144
470470746.1487782,3934.0,84.37499999999999,20.74237995448715,0.9034627079963684,0.5379868149757385
470475546.1487782,4538.0,343.12499999999994,15.713861048008212,0.1239026188850402,0.594518780708313
470476746.1487782,10175.0,357.18749999999994,-40.22818472806111,0.6067179441452026,0.7759045362472534
470480946.1487782,2980.0,281.24999999999994,31.38816646434855,0.1136235669255256,0.6604377627372742
470481546.1487782,2476.0,303.75,37.16889965599945,0.3913582563400268,0.5228948593139648
470482746.1487782,4066.0,97.03125,19.47122063449069,0.4666854739189148,0.8230236172676086
470483346.1487782,4066.0,97.03125,19.47122063449069,0.1849275976419448,0.8950409889221191
470485746.1487782,7453.0,262.96875,-12.024699180565818,0.8223384022712708,0.7916311621665955
470486346.1487782,4539.0,345.9375,15.713861048008212,0.3180730044841766,0.6925112009048462
470486346.1487782,8087.0,244.68749999999997,-18.209956864283,0.3106113374233246,0.5333656072616577
470489346.1487782,10588.0,125.68965517241378,-46.5718474134496,0.0730079039931297,0.7084107995033264
470489346.1487782,10589.0,128.79310344827587,-46.5718474134496,0.0908800661563873,0.9035952687263489
470493546.1487782,2503.0,21.093749999999996,35.68533471265204,0.0613810196518898,0.5317232012748718
470493546.1487782,3549.0,82.96875,24.62431835216408,0.2382206916809082,0.9644954204559326
470493546.1487782,3677.0,81.56249999999999,23.31795706533424,0.0846437588334083,0.9214408993721008
470493546.1487782,3933.0,81.56249999999999,20.742379954487134,0.7269544005393982,0.9578017592430115
470497746.1487782,5542.0,286.87499999999994,5.979156796301311,0.0611274577677249,0.644649863243103
470498946.1487782,10526.0,295.5,-44.99388015045713,0.6912211179733276,0.6261255145072937
470503746.1487782,4538.0,343.12499999999994,15.713861048008212,0.114392802119255,0.6588889956474304
470509746.1487782,7993.0,341.71874999999994,-16.957763300004146,0.0753455236554145,0.926543116569519
470512146.1487782,10347.0,126.29032258064515,-43.40685848593699,0.2462196201086044,0.6036806106567383
470513346.1487782,2167.0,154.6875,40.228184728061095,0.0552314594388008,0.59473717212677
470513346.1487782,2295.0,156.09374999999997,38.68218745348943,0.0526099354028701,0.9119120836257935
470513946.1487782,504.0,137.8125,66.44353569089877,0.4596374630928039,0.5500253438949585
470515146.1487782,960.0,149.3181818181818,57.39952353962294,0.1294014602899551,0.6099485754966736
470515146.1487782,1143.0,148.125,54.340912303861245,0.5850086808204651,0.9347284436225891
470515146.1487782,4538.0,343.12499999999994,15.713861048008212,0.0751295387744903,0.541164755821228
470515746.1487782,4538.0,343.12499999999994,15.713861048008212,0.0993016436696052,0.672442615032196
470516346.1487782,2295.0,156.09374999999997,38.68218745348943,0.0522317886352539,0.896960973739624
470516946.1487782,2295.0,156.09374999999997,38.68218745348943,0.0969242006540298,0.8933325409889221
470518146.1487782,10117.0,194.06249999999991,-40.22818472806108,0.3627234995365143,0.6365556120872498
470518746.1487782,10247.0,201.09374999999997,-41.81031489577862,0.0586341917514801,0.525572657585144
470520546.1487782,9408.0,1.40625,-32.79716829582364,0.0544801689684391,0.7240724563598633
470524746.1487782,655.0,217.49999999999997,63.44828368030106,0.092537946999073,0.7089768052101135
470526546.1487782,1682.0,181.55172413793105,46.57184741344958,0.0734741762280464,0.507091224193573
470527746.1487782,3677.0,81.56249999999999,23.31795706533424,0.5413872003555298,0.8091478943824768
470527746.1487782,3933.0,81.56249999999999,20.742379954487134,0.1114184036850929,0.9869855046272278
470527746.1487782,4061.0,82.96875,19.47122063449069,0.9246494770050048,0.8383363485336304
470528346.1487782,3677.0,81.56249999999999,23.31795706533424,0.859245777130127,0.9713190793991089
470528346.1487782,3933.0,81.56249999999999,20.742379954487134,0.2072905302047729,0.9994667172431946
470528346.1487782,3934.0,84.37499999999999,20.74237995448715,0.8132525086402893,0.8592647910118103
470528346.1487782,4061.0,82.96875,19.47122063449069,0.8908496499061584,0.9558992981910706
470528346.1487782,4459.0,120.9375,15.713861048008212,0.0775843113660812,0.9215942621231079
470528346.1487782,4586.0,119.53125,14.477512185929925,0.7604365944862366,0.8920472264289856
470528946.1487782,4066.0,97.03125,19.47122063449069,0.2682112157344818,0.5406781435012817
470528946.1487782,4459.0,120.9375,15.713861048008212,0.0712638646364212,0.8636010885238647
470528946.1487782,4586.0,119.53125,14.477512185929925,0.3580563962459564,0.9736878275871277
470530146.1487782,10588.0,125.68965517241378,-46.5718474134496,0.4483878314495086,0.5636702179908752
470541546.1487782,11445.0,349.2857142857143,-58.91977535280316,0.1032733544707298,0.6059021949768066
470548746.1487782,4650.0,299.53125,14.477512185929925,0.0685456991195678,0.5933749079704285
470549946.1487782,4775.0,289.6875,13.248014905676952,0.3197056651115417,0.7402059435844421
470550546.1487782,390.0,170.35714285714286,69.4225464945822,0.0567474886775016,0.7989975214004517
470550546.1487782,3804.0,80.15625,22.02431283704216,0.2223644703626632,0.6463895440101624
470551146.1487782,3934.0,84.37499999999999,20.74237995448715,0.130591332912445,0.7779493927955627
470552346.1487782,11686.0,55.58823529411765,-64.94808409550689,0.2063667327165603,0.5642684102058411
470552946.1487782,10471.0,130.5,-44.99388015045713,0.0698090121150016,0.6039121747016907
470552946.1487782,11686.0,55.58823529411765,-64.94808409550689,0.7887535691261292,0.574663519859314
470555946.1487782,5958.0,16.875,1.1937484371410818,0.0572937317192554,0.810720682144165
470568546.1487782,9661.0,351.5625,-34.22886632781257,0.3115946650505066,0.5320841073989868
470573946.1487782,4718.0,129.375,13.248014905676952,0.1387646496295929,0.9425839781761169
470578146.1487782,4776.0,292.5,13.248014905676952,0.3817744255065918,0.6752945780754089
470584746.1487782,278.0,108.75,72.38756092964962,0.0574208423495292,0.9332049489021301
470585946.1487782,449.0,177.0,67.93492864899142,0.3646959066390991,0.5922011733055115
470586546.1487782,449.0,177.0,67.93492864899142,0.3612419664859772,0.5250741243362427
470591946.1487782,9535.0,358.59374999999994,-32.79716829582367,0.2674877047538757,0.8658115863800049
470598546.1487782,10589.0,128.79310344827587,-46.5718474134496,0.0575322061777114,0.5866005420684814
470600346.1487782,7854.0,309.375,-15.713861048008212,0.0863292291760444,0.7145699858665466
470600346.1487782,11646.0,212.5,-63.448283680301046,0.3323861956596374,0.5630578398704529
470611746.1487782,8004.0,11.25,-18.209956864283,0.0560051538050174,0.5738517045974731
470612346.1487782,6583.0,334.6875,-3.583321698471977,0.0564576014876365,0.6388111710548401
470613546.1487782,8503.0,336.09375,-22.02431283704216,0.0960366278886795,0.6157110333442688
470618946.1487782,3805.0,82.96875,22.02431283704216,0.1647971868515014,0.5305038094520569
470618946.1487782,4061.0,82.96875,19.47122063449069,0.8389268517494202,0.5996682643890381
470627946.1487782,2578.0,232.03124999999997,35.68533471265204,0.0946642532944679,0.5641703009605408
470632746.1487782,10470.0,127.5,-44.99388015045713,0.0629957690834999,0.9897818565368652
470653146.1487782,4067.0,99.84375,19.47122063449069,0.1393886357545852,0.5256657004356384
470653746.1487782,1142.0,144.375,54.340912303861245,0.1190538555383682,0.6264898777008057
470653746.1487782,4067.0,99.84375,19.47122063449069,0.2173118144273758,0.6709424257278442
470653746.1487782,4944.0,45.0,10.806922874860348,0.1645901948213577,0.6483195424079895
470659746.1487782,11285.0,38.86363636363636,-57.39952353962295,0.0809353962540626,0.6492504477500916
470660346.1487782,10588.0,125.68965517241378,-46.5718474134496,0.2346883863210678,0.5516970157623291
470663346.1487782,4380.0,260.15625,16.957763300004146,0.6970483660697937,0.6256973743438721
470665746.1487782,858.0,79.28571428571429,58.91977535280315,0.0863498970866203,0.7316727638244629
470666946.1487782,8040.0,112.5,-18.209956864283,0.0706166103482246,0.636916995048523
470678946.1487782,9108.0,236.25,-28.630989836924357,0.0813229531049728,0.5278286337852478
470681346.1487782,8227.0,279.84375,-19.47122063449069,0.7211541533470154,0.6643479466438293
470683146.1487782,10588.0,125.68965517241378,-46.5718474134496,0.4037900269031524,0.9969933032989502
470683746.1487782,10347.0,126.29032258064515,-43.40685848593699,0.2189859449863433,0.831709086894989
470683746.1487782,10348.0,129.19354838709677,-43.40685848593699,0.0764408484101295,0.6057320833206177
470697546.1487782,2230.0,331.875,40.228184728061095,0.0534502454102039,0.5578497648239136
470700546.1487782,4062.0,85.78124999999999,19.47122063449069,0.3355253040790558,0.5510279536247253
470700546.1487782,4066.0,97.03125,19.47122063449069,0.2101560682058334,0.9428667426109314
470710146.1487782,558.0,76.76470588235294,64.94808409550687,0.2109111994504928,0.6019020080566406
470718546.1487782,9989.0,195.46874999999997,-38.68218745348943,0.2791506648063659,0.8250635862350464
470720346.1487782,1141.0,140.625,54.340912303861245,0.0730473771691322,0.5234642028808594
470722146.1487782,4323.0,99.84375,16.957763300004146,0.0600509606301784,0.799466609954834
470725746.1487782,9003.0,302.34374999999994,-27.27961273597809,0.0791678875684738,0.5699819922447205
470726346.1487782,10282.0,299.53125,-41.81031489577862,0.0745317935943603,0.6194958090782166
470728146.1487782,10868.0,308.3333333333333,-49.702390326630706,0.1498926281929016,0.7577545642852783
470733546.1487782,2643.0,53.43749999999999,34.228866327812575,0.0724435001611709,0.7696704864501953
470738346.1487782,11164.0,286.875,-54.340912303861245,0.6488964557647705,0.5837127566337585
470738946.1487782,11164.0,286.875,-54.340912303861245,0.0891796126961708,0.8779789805412292
470743746.1487782,3235.0,278.4375,28.630989836924343,0.0955945402383804,0.5383529663085938
470746146.1487782,3804.0,80.15625,22.02431283704216,0.0652249902486801,0.546547532081604
470752146.1487782,10588.0,125.68965517241378,-46.5718474134496,0.1124224364757537,0.9650334119796753
470752146.1487782,10589.0,128.79310344827587,-46.5718474134496,0.1232174560427665,0.5147406458854675
470755146.1487782,1046.0,135.0,55.873350435251986,0.0876474007964134,0.6437612175941467
470757546.1487782,3806.0,85.78124999999999,22.02431283704216,0.0531746558845043,0.6420561075210571
470757546.1487782,3935.0,87.18749999999999,20.742379954487134,0.0899409353733062,0.5949273705482483
470758146.1487782,6908.0,170.15625,-7.180755781458288,0.3382039666175842,0.889170229434967
470758746.1487782,10253.0,217.96874999999991,-41.81031489577862,0.5737135410308838,0.5091480612754822
470761746.1487782,10418.0,332.41935483870964,-43.40685848593699,0.0790247991681099,0.6634232997894287
470767746.1487782,4061.0,82.96875,19.47122063449069,0.3238755762577057,0.7494165897369385
470768346.1487782,4061.0,82.96875,19.47122063449069,0.8899048566818237,0.9696070551872253
470771946.1487782,7843.0,278.4375,-15.713861048008226,0.2269523441791534,0.5409938097000122
470779746.1487782,3933.0,81.56249999999999,20.742379954487134,0.1222688555717468,0.5157914161682129
470780946.1487782,6116.0,102.65625,0.0,0.0510889068245887,0.5622336268424988
470785146.1487782,8916.0,57.656249999999986,-27.27961273597809,0.0826590433716774,0.6163985729217529
470788146.1487782,1046.0,135.0,55.873350435251986,0.2274632900953292,0.7598745226860046
470791146.1487782,3549.0,82.96875,24.62431835216408,0.1626427769660949,0.5118948817253113
470791746.1487782,7021.0,126.5625,-8.385538647081319,0.0821321606636047,0.915501058101654
470794457.8058049,7709.0,262.96875,-14.477512185929925,0.0779599696397781,0.8505849838256836
470804057.8058049,10348.0,129.19354838709677,-43.40685848593699,0.1521519869565963,0.7319064140319824
470804057.8058049,10589.0,128.79310344827587,-46.5718474134496,0.6055304408073425,0.839245080947876
470804657.8058049,11353.0,317.04545454545456,-57.39952353962295,0.3513785600662231,0.5413889288902283
470810657.8058049,2427.0,165.9375,37.16889965599945,0.1803120374679565,0.5333535671234131
470816657.8058049,7705.0,251.71875,-14.477512185929925,0.0843062102794647,0.5320349335670471
470817857.8058049,9900.0,303.75,-37.168899655999454,0.373536080121994,0.5580508708953857
470822657.8058049,3201.0,182.81249999999997,28.630989836924343,0.0628449991345405,0.5730209350585938
470825657.8058049,3933.0,81.56249999999999,20.742379954487134,0.1745928823947906,0.7782627940177917
470832257.8058049,10471.0,130.5,-44.99388015045713,0.0752759203314781,0.6752656698226929
470832257.8058049,10589.0,128.79310344827587,-46.5718474134496,0.0651760175824165,0.7022050619125366
470832257.8058049,10590.0,131.89655172413794,-46.5718474134496,0.1475560069084167,0.9124011397361755
470832257.8058049,10704.0,130.17857142857142,-48.1412077943603,0.9596243500709534,0.9795262813568115
470837057.8058049,3550.0,85.78124999999999,24.62431835216408,0.1696999371051788,0.9223560690879822
470843657.8058049,10112.0,180.0,-40.22818472806108,0.0620892755687236,0.7618127465248108
470844257.8058049,5866.0,119.53125,2.388015463268772,0.1273926198482513,0.5219203233718872
470846057.8058049,960.0,149.3181818181818,57.39952353962294,0.6397794485092163,0.8248822093009949
470846657.8058049,4920.0,338.90625,12.024699180565818,0.0539176613092422,0.7306039929389954
470849057.8058049,3677.0,81.56249999999999,23.31795706533424,0.0772000029683113,0.5141353011131287
470852057.8058049,7330.0,275.625,-10.806922874860348,0.1172917410731315,0.7653406262397766
470852057.8058049,10516.0,265.5,-44.99388015045713,0.053904578089714,0.7033212184906006
470856257.8058049,6137.0,161.71875,0.0,0.0572557263076305,0.5353176593780518
470863457.8058049,4792.0,337.49999999999994,13.248014905676952,0.0737192183732986,0.802119791507721
470863457.8058049,4920.0,338.90625,12.024699180565818,0.8679107427597046,0.885984480381012
470874857.8058049,5156.0,282.65625,9.594068226860458,0.0665157288312912,0.7328776121139526
470874857.8058049,7337.0,295.3125,-10.806922874860348,0.0582677908241748,0.5645830035209656
470885657.8058049,11164.0,286.875,-54.340912303861245,0.1278533935546875,0.6262969970703125
470891657.8058049,1154.0,189.37499999999997,54.340912303861245,0.0753653869032859,0.5064306855201721
470892257.8058049,332.0,141.9230769230769,70.90666664467562,0.0618458092212677,0.5547512173652649
470892257.8058049,1154.0,189.37499999999997,54.340912303861245,0.2873200476169586,0.8835712671279907
470892857.8058049,3933.0,81.56249999999999,20.742379954487134,0.4716742634773254,0.5540843605995178
470893457.8058049,3677.0,81.56249999999999,23.31795706533424,0.2469566613435745,0.6946333050727844
470893457.8058049,3933.0,81.56249999999999,20.742379954487134,0.7933886051177979,0.8842260241508484
470897657.8058049,9129.0,295.3125,-28.630989836924357,0.0715706944465637,0.5261233448982239
470903657.8058049,821.0,276.75,60.43443884495228,0.1500430256128311,0.7269695401191711
470905457.8058049,3550.0,85.78124999999999,24.62431835216408,0.10739167034626,0.6921001076698303
470905457.8058049,3677.0,81.56249999999999,23.31795706533424,0.0548801086843013,0.6929638981819153
470905457.8058049,3679.0,87.18749999999999,23.31795706533424,0.1014452278614044,0.5040977597236633
470905457.8058049,3805.0,82.96875,22.02431283704216,0.1703616082668304,0.852677047252655
470905457.8058049,3934.0,84.37499999999999,20.74237995448715,0.2483500838279724,0.5580481886863708
470911457.8058049,10470.0,127.5,-44.99388015045713,0.0993225276470184,0.8545899391174316
470911457.8058049,10588.0,125.68965517241378,-46.5718474134496,0.1386719346046447,0.9647661447525024
470916857.8058049,4066.0,97.03125,19.47122063449069,0.1765200197696685,0.5029968619346619
470917457.8058049,4066.0,97.03125,19.47122063449069,0.1159187033772468,0.8405869603157043
470917457.8058049,4195.0,98.4375,18.209956864283,0.0699509009718895,0.6592740416526794
470921657.8058049,6956.0,305.15625,-7.180755781458288,0.1751418858766555,0.7343484163284302
470930057.8058049,10589.0,128.79310344827587,-46.5718474134496,0.0840362459421157,0.6312464475631714
470931257.8058049,9749.0,240.46874999999991,-35.68533471265205,0.4608954191207886,0.5710293054580688
470931857.8058049,9749.0,240.46874999999991,-35.68533471265205,0.2123140543699264,0.6592015027999878
470938457.8058049,3933.0,81.56249999999999,20.742379954487134,0.1361597031354904,0.7997612953186035
470939057.8058049,3933.0,81.56249999999999,20.742379954487134,0.1630342751741409,0.8047195076942444
470939657.8058049,1770.0,91.5,44.99388015045713,0.1215706169605255,0.6125474572181702
470939657.8058049,3677.0,81.56249999999999,23.31795706533424,0.2603849768638611,0.8534988760948181
470939657.8058049,3933.0,81.56249999999999,20.742379954487134,0.0797507762908935,0.9449772238731384
470943857.8058049,3251.0,323.4375,28.630989836924343,0.202220544219017,0.631321370601654
470946857.8058049,10983.0,344.42307692307696,-51.25580694880492,0.3092551529407501,0.5986928343772888
470948057.8058049,4870.0,198.28124999999997,12.024699180565818,0.1345452219247818,0.6063204407691956
470949257.8058049,1363.0,219.8076923076923,51.25580694880489,0.0572066791355609,0.798539400100708
470958257.8058049,10703.0,126.96428571428572,-48.1412077943603,0.4772224128246307,0.5502353310585022
470961857.8058049,1215.0,55.8,52.80185378173063,0.0702761486172676,0.7846658229827881
470963657.8058049,4323.0,99.84375,16.957763300004146,0.0948121175169944,0.7589824795722961
470965457.8058049,6553.0,250.31249999999997,-3.583321698471977,0.0816828161478042,0.6693115234375
470965457.8058049,6939.0,257.34375,-7.180755781458288,0.0777250602841377,0.6142430305480957
470969657.8058049,10347.0,126.29032258064515,-43.40685848593699,0.6422120332717896,0.9987072944641113
470969657.8058049,10348.0,129.19354838709677,-43.40685848593699,0.0820603519678115,0.5347492098808289
470971457.8058049,3601.0,229.21874999999997,24.62431835216408,0.1227689981460571,0.7672511339187622
470982857.8058049,2069.0,240.46874999999991,41.81031489577859,0.0587885305285453,0.5066177248954773
470983457.8058049,894.0,233.57142857142856,58.91977535280315,0.0610436722636222,0.8094233870506287
470996057.8058049,5851.0,77.34375,2.388015463268772,0.0737829208374023,0.6790350079536438
470997257.8058049,3677.0,81.56249999999999,23.31795706533424,0.1865266412496566,0.938861072063446
470997257.8058049,3804.0,80.15625,22.02431283704216,0.3163596093654632,0.6724876761436462
470997257.8058049,3933.0,81.56249999999999,20.742379954487134,0.1019883528351783,0.7833775281906128
470999057.8058049,11498.0,227.25,-60.4344388449523,0.0564198680222034,0.5132099390029907
471000257.8058049,5048.0,337.49999999999994,10.806922874860348,0.1331274658441543,0.5765566825866699
471000857.8058049,5048.0,337.49999999999994,10.806922874860348,0.1569996029138565,0.788051187992096
471000857.8058049,8731.0,257.34375,-24.62431835216408,0.8908015489578247,0.5291608572006226
471006857.8058049,4557.0,37.96875000000001,14.477512185929925,0.0610959008336067,0.5223813056945801
471012857.8058049,9001.0,296.71874999999994,-27.27961273597809,0.2689954340457916,0.7802532315254211
471012857.8058049,9129.0,295.3125,-28.630989836924357,0.1189825385808944,0.8206254243850708
471014057.8058049,9178.0,74.53125,-30.000000000000018,0.1992269158363342,0.8501901030540466
471017057.8058049,1799.0,178.5,44.99388015045713,0.0516562797129154,0.6663047075271606
471018257.8058049,4430.0,39.375,15.713861048008212,0.1507940292358398,0.9373505711555481
471018857.8058049,4430.0,39.375,15.713861048008212,0.3949283063411712,0.701745867729187
471020057.8058049,3545.0,71.71874999999999,24.62431835216408,0.0899388119578361,0.5804968476295471
471020657.8058049,4061.0,82.96875,19.47122063449069,0.9849645495414734,0.6906932592391968
471023657.8058049,8479.0,268.59375,-22.02431283704216,0.2609789371490478,0.9479998350143433
471024257.8058049,11069.0,293.4,-52.801853781730614,0.0633818805217742,0.5397383570671082
471026057.8058049,11734.0,309.7058823529412,-64.94808409550689,0.5262612104415894,0.7006686329841614
471029057.8058049,821.0,276.75,60.43443884495228,0.0561085492372512,0.708855152130127
471029657.8058049,959.0,145.22727272727272,57.39952353962294,0.0590076334774494,0.5227087736129761
471030257.8058049,3677.0,81.56249999999999,23.31795706533424,0.4776166677474975,0.7195671796798706
471030857.8058049,3677.0,81.56249999999999,23.31795706533424,0.7086788415908813,0.5115976333618164
471041057.8058049,1044.0,127.17391304347828,55.873350435251986,0.0983506739139556,0.9433155655860901
471041057.8058049,2007.0,66.09375,41.81031489577859,0.0782416015863418,0.694098711013794
471042857.8058049,1042.0,119.34782608695652,55.873350435251986,0.1831682324409485,0.552936851978302
471043457.8058049,4066.0,97.03125,19.47122063449069,0.0639185756444931,0.9390337467193604
471047057.8058049,7968.0,271.40624999999994,-16.957763300004146,0.099033735692501,0.7498761415481567
471050057.8058049,656.0,222.49999999999997,63.44828368030106,0.1732955873012542,0.5506018996238708
471052457.8058049,1431.0,91.66666666666669,49.702390326630685,0.1458277106285095,0.6258110404014587
471057857.8058049,6187.0,302.34374999999994,0.0,0.183521881699562,0.7345678806304932
471061457.8058049,4079.0,133.59375,19.47122063449069,0.0943500101566314,0.5510379076004028
471061457.8058049,10589.0,128.79310344827587,-46.5718474134496,0.1253737956285476,0.7289798855781555
471062057.8058049,4079.0,133.59375,19.47122063449069,0.0680176094174385,0.9022663235664368
471063857.8058049,2267.0,77.34375,38.68218745348943,0.8844990134239197,0.5670104622840881
471064457.8058049,3678.0,84.37499999999999,23.31795706533424,0.6956000328063965,0.5080588459968567
471064457.8058049,3805.0,82.96875,22.02431283704216,0.2828022241592407,0.8858304619789124
471065057.8058049,3678.0,84.37499999999999,23.31795706533424,0.2669831812381744,0.8500075340270996
471076457.8058049,3677.0,81.56249999999999,23.31795706533424,0.5703652501106262,0.8897035121917725
471077057.8058049,3805.0,82.96875,22.02431283704216,0.0835116431117057,0.5427893400192261
471081257.8058049,7713.0,274.21875,-14.477512185929925,0.0500308386981487,0.5062783360481262
471089657.8058049,5222.0,106.875,8.385538647081319,0.0672482326626777,0.7394537925720215
471092057.8058049,3751.0,289.6875,23.31795706533424,0.1123142540454864,0.6206673383712769
471092057.8058049,8491.0,302.34374999999994,-22.02431283704216,0.0532086379826068,0.500934362411499
471099857.8058049,2909.0,81.56249999999999,31.38816646434855,0.0934123769402504,0.744868278503418
471102257.8058049,7960.0,248.90625000000003,-16.957763300004146,0.1307324320077896,0.5597273707389832
471103457.8058049,10274.0,277.03124999999994,-41.81031489577862,0.1478780806064605,0.8186716437339783
471105257.8058049,9775.0,313.59375,-35.68533471265205,0.0806894749402999,0.7413835525512695
471111257.8058049,1023.0,45.0,55.873350435251986,0.0568748749792575,0.5136504173278809
471123257.8058049,384.0,131.78571428571428,69.4225464945822,0.3394059538841247,0.539656400680542
471123857.8058049,384.0,131.78571428571428,69.4225464945822,0.1428325474262237,0.5634223818778992
471128057.8058049,9269.0,330.46875,-30.000000000000018,0.0916588380932807,0.8259138464927673
471128657.8058049,9269.0,330.46875,-30.000000000000018,0.0522303134202957,0.80305016040802
471132857.8058049,3033.0,71.71874999999999,30.000000000000007,0.2734237611293793,0.7341712713241577
471134657.8058049,5344.0,91.40625,7.180755781458288,0.0544945411384105,0.9670461416244507
471136457.8058049,6157.0,217.96874999999991,0.0,0.2142244130373001,0.9604375958442688
471137057.8058049,6157.0,217.96874999999991,0.0,0.3267768323421478,0.9116623401641846
471141857.8058049,1563.0,165.53571428571428,48.14120779436029,0.0568117164075374,0.6291368007659912
471146657.8058049,11860.0,315.0,-67.93492864899142,0.093119703233242,0.8555155396461487
471147257.8058049,11070.0,296.99999999999994,-52.80185378173064,0.05314202606678,0.6121445298194885
471147257.8058049,11860.0,315.0,-67.93492864899142,0.1755615025758743,0.5669090151786804
471147857.8058049,11070.0,296.99999999999994,-52.80185378173064,0.0675931647419929,0.6583881974220276
471147857.8058049,11860.0,315.0,-67.93492864899142,0.0958118140697479,0.639772355556488
471148457.8058049,10942.0,202.49999999999997,-51.25580694880492,0.0786074101924896,0.6825439929962158
471164657.8058049,779.0,87.75,60.43443884495228,0.1225248947739601,0.7598955035209656
471167657.8058049,4061.0,82.96875,19.47122063449069,0.2940248847007751,0.5345912575721741
471168257.8058049,703.0,92.36842105263158,61.9438370231567,0.0552782975137233,0.7164719700813293
471168257.8058049,4061.0,82.96875,19.47122063449069,0.2494703978300094,0.6704375743865967
471174257.8058049,10588.0,125.68965517241378,-46.5718474134496,0.2329168915748596,0.5153122544288635
471174857.8058049,10347.0,126.29032258064515,-43.40685848593699,0.341578722000122,0.7911413908004761
471174857.8058049,10588.0,125.68965517241378,-46.5718474134496,0.1761815398931503,0.8300374150276184
471174857.8058049,10589.0,128.79310344827587,-46.5718474134496,0.4229686260223388,0.5766241550445557
471175457.8058049,10589.0,128.79310344827587,-46.5718474134496,0.1302544325590133,0.8858138918876648
471180257.8058049,3933.0,81.56249999999999,20.742379954487134,0.4427674412727356,0.7028666734695435
471180257.8058049,3934.0,84.37499999999999,20.74237995448715,0.3335012793540954,0.60263991355896
471180857.8058049,3677.0,81.56249999999999,23.31795706533424,0.067407377064228,0.8215927481651306
471180857.8058049,3933.0,81.56249999999999,20.742379954487134,0.1405452638864517,0.9979031085968018
471180857.8058049,3934.0,84.37499999999999,20.74237995448715,0.0851907730102539,0.7418229579925537
471185657.8058049,10588.0,125.68965517241378,-46.5718474134496,0.0714264586567878,0.5845508575439453
471190457.8058049,4312.0,68.90625,16.957763300004146,0.0710134208202362,0.7324569225311279
471193457.8058049,10379.0,219.1935483870967,-43.40685848593699,0.2146525979042053,0.6380714774131775
471194057.8058049,9365.0,239.0625,-31.388166464348544,0.0621255710721015,0.7734265923500061
471198257.8058049,10588.0,125.68965517241378,-46.5718474134496,0.1161865815520286,0.9621729850769043
471202457.8058049,3933.0,81.56249999999999,20.742379954487134,0.6703987121582031,0.7491036057472229
471203657.8058049,3678.0,84.37499999999999,23.31795706533424,0.1826096624135971,0.6406953930854797
471203657.8058049,4061.0,82.96875,19.47122063449069,0.7193565368652344,0.6885607838630676
471208457.8058049,10405.0,294.6774193548387,-43.40685848593699,0.0691554918885231,0.6071681976318359
471213857.8058049,3667.0,53.4375,23.31795706533424,0.1243175491690635,0.601058304309845
471216857.8058049,7189.0,240.46874999999991,-9.594068226860458,0.0571572035551071,0.7245836853981018
471216857.8058049,11782.0,216.56249999999997,-66.44353569089876,0.7889239192008972,0.5691722631454468
471218057.8058049,8094.0,264.375,-18.209956864283,0.2275128960609436,0.8499341607093811
471221657.8058049,1225.0,91.8,52.80185378173063,0.45943084359169,0.7464094758033752
471230057.8058049,7717.0,285.46875,-14.477512185929925,0.1491257697343826,0.5768043994903564
471239057.8058049,10347.0,126.29032258064515,-43.40685848593699,0.4510456323623657,0.599150538444519
471251057.8058049,11668.0,322.5,-63.448283680301046,0.0523637123405933,0.5948920249938965
471251657.8058049,11668.0,322.5,-63.448283680301046,0.5088273882865906,0.7940791249275208
471252257.8058049,11668.0,322.5,-63.448283680301046,0.3107181191444397,0.5683681964874268
471263057.8058049,11506.0,263.25,-60.4344388449523,0.3644182085990906,0.7630512118339539
471263657.8058049,6559.0,267.1875,-3.583321698471977,0.1768338531255722,0.517280638217926
471266657.8058049,10588.0,125.68965517241378,-46.5718474134496,0.4262158274650574,0.5626637935638428
471266657.8058049,11646.0,212.5,-63.448283680301046,0.7904508709907532,0.6068370938301086
471267857.8058049,1542.0,98.03571428571428,48.14120779436029,0.0617884807288646,0.5339716076850891
471272657.8058049,3324.0,170.15625,27.27961273597809,0.1943147927522659,0.528640627861023
471276257.8058049,8499.0,324.84375,-22.02431283704216,0.1626581400632858,0.5355057120323181
471281057.8058049,3804.0,80.15625,22.02431283704216,0.0875595137476921,0.7402965426445007
471282857.8058049,4067.0,99.84375,19.47122063449069,0.2315145134925842,0.7643268704414368
471283457.8058049,323.0,79.61538461538461,70.90666664467562,0.9183011054992676,0.6459783911705017
471283457.8058049,4067.0,99.84375,19.47122063449069,0.0982693880796432,0.9983558058738708
471284057.8058049,4452.0,101.25,15.713861048008212,0.0779287666082382,0.6655304431915283
471293657.8058049,3933.0,81.56249999999999,20.742379954487134,0.1102785021066665,0.9793611168861389
471293657.8058049,3934.0,84.37499999999999,20.74237995448715,0.6642380356788635,0.6333584785461426
471296657.8058049,8730.0,254.53125,-24.62431835216408,0.0870598256587982,0.5689454674720764
471297257.8058049,6555.0,255.93749999999991,-3.583321698471977,0.0791094005107879,0.5364930033683777
471299057.8058049,11916.0,311.7857142857143,-69.4225464945822,0.3996904194355011,0.5370170474052429
471300857.8058049,10262.0,243.28124999999991,-41.81031489577862,0.1796838641166687,0.7026556730270386
471302657.8058049,2043.0,167.34375,41.8103148957786,0.0590422861278057,0.515350878238678
471303257.8058049,2043.0,167.34375,41.8103148957786,0.0551962293684482,0.7404325008392334
471308657.8058049,10501.0,220.5,-44.99388015045713,0.0612036250531673,0.548705518245697
471321857.8058049,11395.0,135.0,-58.91977535280316,0.0843932926654815,0.8935523629188538
471322457.8058049,11395.0,135.0,-58.91977535280316,0.0597545243799686,0.8419679999351501
471330857.8058049,8084.0,236.25,-18.209956864283,0.0544077903032302,0.5578818917274475
471333257.8058049,11958.0,238.84615384615384,-70.90666664467562,0.0817149430513382,0.754441499710083
471333857.8058049,11958.0,238.84615384615384,-70.90666664467562,0.3620133996009826,0.7703613638877869
471334457.8058049,11161.0,275.62500000000006,-54.340912303861245,0.0617045909166336,0.9400582313537598
471340457.8058049,4451.0,98.4375,15.713861048008212,0.9905456304550172,0.9238347411155701
471342257.8058049,10378.0,216.29032258064515,-43.40685848593699,0.0637179911136627,0.5279145240783691
471342857.8058049,10252.0,215.15624999999991,-41.81031489577862,0.2525335550308227,0.8643987774848938
471342857.8058049,10378.0,216.29032258064515,-43.40685848593699,0.170950636267662,0.9647283554077148
471344057.8058049,9268.0,327.65624999999994,-30.000000000000018,0.0883828327059745,0.7166775465011597
471344657.8058049,9268.0,327.65624999999994,-30.000000000000018,0.1084407120943069,0.5462256073951721
471351257.8058049,3153.0,47.8125,28.630989836924343,0.4880723059177398,0.5520830154418945
471351257.8058049,4322.0,97.03125,16.957763300004146,0.0736829191446304,0.5980342626571655
471355457.8058049,11798.0,306.5625,-66.44353569089876,0.0949394777417182,0.5519960522651672
471357257.8058049,10871.0,318.33333333333337,-49.702390326630706,0.3673958480358124,0.8253676891326904
471362657.8058049,3933.0,81.56249999999999,20.742379954487134,0.0714286714792251,0.9015388488769531
471363257.8058049,3677.0,81.56249999999999,23.31795706533424,0.6539536118507385,0.515632152557373
471363257.8058049,3933.0,81.56249999999999,20.742379954487134,0.1914218217134475,0.9973582625389099
471366857.8058049,7198.0,265.78124999999994,-9.594068226860458,0.1842234432697296,0.6820535659790039
471367457.8058049,7071.0,267.1875,-8.385538647081319,0.2205812484025955,0.6919264197349548
471372257.8058049,530.0,284.0625,66.44353569089877,0.0576279424130916,0.6119901537895203
471373457.8058049,2779.0,77.34375,32.79716829582364,0.0545504875481128,0.8047218322753906
471374657.8058049,4195.0,98.4375,18.209956864283,0.0851187631487846,0.743510901927948
471374657.8058049,4322.0,97.03125,16.957763300004146,0.075346902012825,0.8626231551170349
471375257.8058049,4451.0,98.4375,15.713861048008212,0.9935123324394226,0.8950648903846741
471375857.8058049,5920.0,271.40624999999994,2.388015463268772,0.1631722748279571,0.8597257137298584
471375857.8058049,11912.0,286.0714285714286,-69.4225464945822,0.14826400578022,0.5300437211990356
471376457.8058049,11912.0,286.0714285714286,-69.4225464945822,0.235615998506546,0.7525833249092102
471377057.8058049,10378.0,216.29032258064515,-43.40685848593699,0.1291193515062332,0.5340096950531006
471377057.8058049,11912.0,286.0714285714286,-69.4225464945822,0.5849266648292542,0.7907915711402893
471379457.8058049,10961.0,268.2692307692308,-51.25580694880492,0.1645123660564422,0.7318572402000427
471380657.8058049,11595.0,319.7368421052631,-61.94383702315673,0.0738125964999198,0.7887147665023804
471381257.8058049,10347.0,126.29032258064515,-43.40685848593699,0.1092175990343093,0.8216311931610107
471381257.8058049,11736.0,320.29411764705884,-64.94808409550689,0.0675839409232139,0.9213526248931885
471387257.8058049,10252.0,215.15624999999991,-41.81031489577862,0.1908292174339294,0.7223717570304871
471387857.8058049,10252.0,215.15624999999991,-41.81031489577862,0.1290902346372604,0.6653246283531189
471388457.8058049,6825.0,295.3125,-5.979156796301311,0.1150592342019081,0.5047819018363953
471392057.8058049,7404.0,125.15625,-12.024699180565818,0.086021788418293,0.5285512804985046
471398057.8058049,634.0,112.5,63.44828368030106,0.240474671125412,0.6512593626976013
471398657.8058049,634.0,112.5,63.44828368030106,0.1449866145849228,0.7099741101264954
471399257.8058049,10377.0,213.3870967741935,-43.40685848593699,0.0738309174776077,0.6597727537155151
471406201.5322126,707.0,111.31578947368422,61.9438370231567,0.1061876639723777,0.8217499256134033
471417601.5322126,1035.0,91.95652173913044,55.873350435251986,0.3868283629417419,0.7358110547065735
471418201.5322126,1035.0,91.95652173913044,55.873350435251986,0.8054701089859009,0.600395917892456
471423001.5322126,10018.0,277.03124999999994,-38.68218745348943,0.0645919218659401,0.7312835454940796
471423601.5322126,6577.0,317.81249999999994,-3.583321698471977,0.1297011971473693,0.6466227769851685
471431401.5322126,4066.0,97.03125,19.47122063449069,0.4891562461853027,0.7120088338851929
471432001.5322126,4195.0,98.4375,18.209956864283,0.0604224428534507,0.6719779968261719
471433801.5322126,7594.0,298.125,-13.248014905676952,0.0643201395869255,0.58661949634552
471447001.5322126,11061.0,264.6,-52.80185378173064,0.5690078139305115,0.610721230506897
471447601.5322126,8359.0,289.6875,-20.74237995448715,0.0691201537847518,0.6056833863258362
471450001.5322126,10703.0,126.96428571428572,-48.1412077943603,0.680537760257721,0.6570938229560852
471451801.5322126,787.0,123.75,60.43443884495228,0.1214141175150871,0.58088618516922
471451801.5322126,799.0,177.75,60.43443884495228,0.0680717080831527,0.9289578199386597
471453001.5322126,1616.0,335.89285714285717,48.14120779436029,0.2069119960069656,0.8805184960365295
471453601.5322126,3933.0,81.56249999999999,20.742379954487134,0.1806723475456237,0.9948609471321106
471454201.5322126,3933.0,81.56249999999999,20.742379954487134,0.2109758406877517,0.8378469944000244
471455401.5322126,4322.0,97.03125,16.957763300004146,0.0958810076117515,0.9874968528747559
471457801.5322126,8475.0,257.34375,-22.02431283704216,0.0640097558498382,0.5945718288421631
471462601.5322126,1327.0,95.1923076923077,51.25580694880489,0.1278849691152572,0.5537719130516052
471464401.5322126,3805.0,82.96875,22.02431283704216,0.1861437708139419,0.6650447249412537
471473401.5322126,1575.0,204.10714285714283,48.14120779436029,0.0979675129055976,0.5122968554496765
471474001.5322126,2839.0,246.09374999999991,32.797168295823646,0.078890211880207,0.7045046091079712
471474601.5322126,629.0,87.5,63.44828368030106,0.0612383037805557,0.6439931392669678
471478201.5322126,3549.0,82.96875,24.62431835216408,0.1510630398988723,0.5792431831359863
471481201.5322126,9903.0,312.18749999999994,-37.168899655999454,0.0733683630824089,0.6754640340805054
471484201.5322126,10220.0,125.15625,-41.81031489577862,0.0622531585395336,0.5749772191047668
471490801.5322126,6811.0,255.93749999999991,-5.979156796301311,0.0572090186178684,0.7228628396987915
471491401.5322126,5136.0,226.40624999999997,9.594068226860458,0.0556229725480079,0.8683174252510071
471492601.5322126,9393.0,317.81249999999994,-31.388166464348544,0.0536061152815818,0.630415678024292
471503401.5322126,7072.0,270.0,-8.385538647081319,0.1078573167324066,0.6222305297851562
471510601.5322126,2001.0,49.21874999999999,41.8103148957786,0.1976533979177475,0.6016033887863159
471510601.5322126,3933.0,81.56249999999999,20.742379954487134,0.248481199145317,0.81655353307724
471511201.5322126,2001.0,49.21874999999999,41.8103148957786,0.1996248215436935,0.6516135334968567
471511201.5322126,3677.0,81.56249999999999,23.31795706533424,0.13775634765625,0.8522014021873474
471511201.5322126,3933.0,81.56249999999999,20.742379954487134,0.2735130488872528,0.988021969795227
471514201.5322126,8349.0,261.56249999999994,-20.742379954487134,0.1214819103479385,0.6463105082511902
471522601.5322126,3174.0,106.875,28.630989836924343,0.1119794398546218,0.6250846982002258
471522601.5322126,3933.0,81.56249999999999,20.742379954487134,0.0804363340139389,0.6354610919952393
471522601.5322126,4442.0,73.125,15.713861048008226,0.0505723841488361,0.5296476483345032
471523201.5322126,7013.0,104.0625,-8.385538647081319,0.5614453554153442,0.5438852906227112
471523801.5322126,4066.0,97.03125,19.47122063449069,0.3707407116889953,0.665490448474884
471523801.5322126,7013.0,104.0625,-8.385538647081319,0.2907747626304626,0.6298191547393799
471525001.5322126,11336.0,247.50000000000003,-57.39952353962295,0.0835079327225685,0.6831913590431213
471528001.5322126,11856.0,290.99999999999994,-67.93492864899142,0.0511732101440429,0.8010539412498474
471530401.5322126,1030.0,72.3913043478261,55.873350435251986,0.197196364402771,0.6215406060218811
471534001.5322126,4067.0,99.84375,19.47122063449069,0.0888904556632042,0.8572553396224976
471534001.5322126,4323.0,99.84375,16.957763300004146,0.62176913022995,0.5425819158554077
471536401.5322126,7823.0,222.18749999999997,-15.713861048008212,0.2426932901144027,0.5269896388053894
471538801.5322126,10560.0,38.793103448275865,-46.5718474134496,0.1185831204056739,0.6645549535751343
471541201.5322126,10589.0,128.79310344827587,-46.5718474134496,0.1047606021165847,0.8052653074264526
471541801.5322126,5744.0,135.0,3.583321698471977,0.0578984729945659,0.5024913549423218
471544201.5322126,438.0,111.0,67.93492864899142,0.0613678991794586,0.6398319602012634
471546601.5322126,5081.0,71.71874999999999,9.594068226860458,0.0542938932776451,0.9151129722595215
471558001.5322126,3677.0,81.56249999999999,23.31795706533424,0.2001765221357345,0.8222084641456604
471558001.5322126,3805.0,82.96875,22.02431283704216,0.4232011139392853,0.8859142661094666
471558001.5322126,4066.0,97.03125,19.47122063449069,0.3504516780376434,0.6794707179069519
471558001.5322126,4322.0,97.03125,16.957763300004146,0.5247529149055481,0.5885584950447083
471559801.5322126,9994.0,209.53124999999991,-38.68218745348943,0.0945087298750877,0.8283381462097168
471560401.5322126,10149.0,284.0625,-40.22818472806108,0.3781938552856445,0.5205551385879517
471561001.5322126,10149.0,284.0625,-40.22818472806108,0.0589452572166919,0.8180177211761475
471564001.5322126,10588.0,125.68965517241378,-46.5718474134496,0.3997069895267486,0.9345232844352722
471565201.5322126,1235.0,127.8,52.80185378173063,0.0995153933763504,0.7406298518180847
471565801.5322126,2085.0,285.46875,41.81031489577859,0.0738670527935028,0.5792072415351868
471567001.5322126,1423.0,65.0,49.70239032663069,0.0717722699046135,0.574315071105957
471571201.5322126,9361.0,227.81249999999997,-31.388166464348544,0.1681249737739563,0.5792855620384216
471571201.5322126,12097.0,265.5,-75.34073424154306,0.1773992478847503,0.6827948689460754
471571801.5322126,12097.0,265.5,-75.34073424154306,0.4334047436714172,0.5887168049812317
471601801.5322126,821.0,276.75,60.43443884495228,0.061902068555355,0.5701752305030823
471603001.5322126,3933.0,81.56249999999999,20.742379954487134,0.1213607043027877,0.9579217433929443
471603001.5322126,4061.0,82.96875,19.47122063449069,0.9680362343788148,0.5436167120933533
471603001.5322126,4189.0,81.56249999999999,18.209956864283,0.1640027016401291,0.9037022590637207
471610201.5322126,10347.0,126.29032258064515,-43.40685848593699,0.1073608919978141,0.9958849549293518
471610201.5322126,10588.0,125.68965517241378,-46.5718474134496,0.167826771736145,0.9480400085449219
471610801.5322126,1893.0,97.25806451612902,43.40685848593699,0.133924052119255,0.6063461303710938
471615001.5322126,3549.0,82.96875,24.62431835216408,0.089652881026268,0.5828918218612671
471615001.5322126,4452.0,101.25,15.713861048008212,0.0747898742556572,0.5176885724067688
471616801.5322126,11140.0,196.875,-54.340912303861245,0.5140346884727478,0.5531713366508484
471619801.5322126,9010.0,322.03124999999994,-27.27961273597809,0.1293927133083343,0.8535195589065552
471625201.5322126,4067.0,99.84375,19.47122063449069,0.2318988591432571,0.6054086685180664
471625801.5322126,562.0,97.94117647058825,64.94808409550687,0.054065715521574,0.6532427668571472
471626401.5322126,4066.0,97.03125,19.47122063449069,0.27384814620018,0.7892112135887146
471626401.5322126,5206.0,61.87499999999999,8.385538647081319,0.0537726916372776,0.7746602296829224
471626401.5322126,5219.0,98.4375,8.385538647081319,0.3990794122219085,0.6971381902694702
471630001.5322126,8615.0,289.6875,-23.31795706533424,0.0619244128465652,0.8079302906990051
471632401.5322126,10588.0,125.68965517241378,-46.5718474134496,0.4050050377845764,0.8350268602371216
471633001.5322126,10588.0,125.68965517241378,-46.5718474134496,0.2768559455871582,0.9745748043060303
471635401.5322126,5829.0,15.468750000000002,2.388015463268772,0.0656843855977058,0.9341266751289368
471636001.5322126,5829.0,15.468750000000002,2.388015463268772,0.077871136367321,0.9816552400588989
471636601.5322126,5829.0,15.468750000000002,2.388015463268772,0.3457534611225128,0.9906942248344421
471636601.5322126,5958.0,16.875,1.1937484371410818,0.2054959535598755,0.5232126712799072
471637201.5322126,3933.0,81.56249999999999,20.742379954487134,0.093043141067028,0.6177610158920288
471637801.5322126,4066.0,97.03125,19.47122063449069,0.407355397939682,0.7698571681976318
471638401.5322126,4061.0,82.96875,19.47122063449069,0.0697651207447052,0.8927584886550903
471638401.5322126,4322.0,97.03125,16.957763300004146,0.0632360279560089,0.9241595268249512
471638401.5322126,4323.0,99.84375,16.957763300004146,0.2186332941055297,0.8725796341896057
471639001.5322126,9730.0,187.03124999999991,-35.68533471265205,0.1127114221453666,0.5187999606132507
471640801.5322126,10032.0,316.40625,-38.68218745348943,0.1876522302627563,0.5914671421051025
471640801.5322126,10161.0,317.81249999999994,-40.22818472806108,0.6500146389007568,0.9493765830993652
471641401.5322126,11246.0,244.5652173913043,-55.87335043525198,0.2261316329240799,0.6304782032966614
471643801.5322126,11250.0,260.2173913043478,-55.87335043525198,0.3473604619503021,0.532550573348999
471645001.5322126,572.0,150.88235294117646,64.94808409550687,0.0530922226607799,0.5331144332885742
471645001.5322126,665.0,267.5,63.44828368030106,0.0601184889674186,0.8458811640739441
471645601.5322126,506.0,149.0625,66.44353569089877,0.1200760900974273,0.7107905745506287
471645601.5322126,572.0,150.88235294117646,64.94808409550687,0.0726866424083709,0.9418147206306458
471646201.5322126,506.0,149.0625,66.44353569089877,0.0917009264230728,0.9539880752563477
471649201.5322126,2550.0,153.28124999999997,35.68533471265204,0.0962883979082107,0.839558482170105
471649801.5322126,2550.0,153.28124999999997,35.68533471265204,0.1388665437698364,0.9664657711982727
471650401.5322126,10470.0,127.5,-44.99388015045713,0.0578310005366802,0.7562747597694397
471651601.5322126,10018.0,277.03124999999994,-38.68218745348943,0.089573249220848,0.5093945264816284
471673201.5322126,8079.0,222.1875,-18.209956864283,0.1079085171222686,0.5015419125556946
471673801.5322126,8079.0,222.1875,-18.209956864283,0.0548144914209842,0.6086090207099915
471675001.5322126,12006.0,228.74999999999997,-72.38756092964962,0.085717387497425,0.748893678188324
471682801.5322126,3933.0,81.56249999999999,20.742379954487134,0.0775155574083328,0.8379067778587341
471685801.5322126,10611.0,197.06896551724137,-46.5718474134496,0.1460108309984207,0.547069787979126
471693601.5322126,767.0,33.75,60.43443884495228,0.2158742249011993,0.538718581199646
471697801.5322126,11512.0,290.25,-60.4344388449523,0.2148316949605941,0.5743159055709839
471706801.5322126,3933.0,81.56249999999999,20.742379954487134,0.1313386112451553,0.9570435285568237
471708001.5322126,9227.0,212.34374999999997,-30.000000000000018,0.1656537652015686,0.5819365978240967
471709801.5322126,10134.0,241.875,-40.22818472806108,0.1400677263736724,0.9621157050132751
471714001.5322126,1299.0,358.2,52.80185378173063,0.0798248052597045,0.8724405765533447
471714601.5322126,1299.0,358.2,52.80185378173063,0.0788893550634384,0.7850801348686218
471717601.5322126,3677.0,81.56249999999999,23.31795706533424,0.1555116027593612,0.9059892296791077
471718201.5322126,3677.0,81.56249999999999,23.31795706533424,0.0858233571052551,0.542862594127655
471718801.5322126,4237.0,216.56249999999997,18.209956864283,0.0895387977361679,0.6402456760406494
471729001.5322126,3933.0,81.56249999999999,20.742379954487134,0.1159591302275657,0.8065795302391052
471729601.5322126,3933.0,81.56249999999999,20.742379954487134,0.0813788920640945,0.7643063068389893
471735001.5322126,10481.0,160.5,-44.99388015045713,0.1001926437020301,0.8228143453598022
471735601.5322126,10347.0,126.29032258064515,-43.40685848593699,0.3651698231697082,0.7276821732521057
471744001.5322126,10004.0,237.65624999999991,-38.68218745348943,0.2669610977172851,0.7940031886100769
471754201.5322126,8073.0,205.31249999999997,-18.209956864283,0.4035110771656036,0.6704391241073608
471754801.5322126,11789.0,255.9375,-66.44353569089876,0.1072269082069397,0.6065793037414551
471761401.5322126,5454.0,39.375,5.979156796301311,0.146111860871315,0.7257747054100037
471772801.5322126,4278.0,331.875,18.209956864283,0.1192326992750167,0.5983492136001587
471776401.5322126,10484.0,169.5,-44.99388015045713,0.1370877027511596,0.5110853314399719
471777601.5322126,6686.0,265.78124999999994,-4.780191847199163,0.2603463232517242,0.5700942873954773
471781801.5322126,4195.0,98.4375,18.209956864283,0.0585800968110561,0.948258101940155
471782401.5322126,2668.0,123.75,34.228866327812575,0.0798293948173523,0.9593642354011536
471783601.5322126,4410.0,344.53125,16.957763300004146,0.1710359156131744,0.9599186182022095
471785401.5322126,3933.0,81.56249999999999,20.742379954487134,0.078722059726715,0.7771073579788208
471786001.5322126,3933.0,81.56249999999999,20.742379954487134,0.0753208771347999,0.9727498888969421
471789001.5322126,6825.0,295.3125,-5.979156796301311,0.526505172252655,0.5058811902999878
471789001.5322126,9397.0,329.0625,-31.388166464348544,0.0518722161650657,0.9418104887008667
471789601.5322126,6825.0,295.3125,-5.979156796301311,0.3078544437885284,0.6860419511795044
471789601.5322126,9397.0,329.0625,-31.388166464348544,0.0643424987792968,0.8536118865013123
471793201.5322126,1224.0,88.2,52.80185378173063,0.137624442577362,0.5063340067863464
471793801.5322126,1224.0,88.2,52.80185378173063,0.2061317712068557,0.7320008277893066
471803401.5322126,10381.0,224.99999999999997,-43.40685848593699,0.0660512596368789,0.6093096733093262
471804001.5322126,10381.0,224.99999999999997,-43.40685848593699,0.1405427902936935,0.5185573697090149
471804001.5322126,10502.0,223.5,-44.99388015045713,0.090176485478878,0.6088435649871826
471811201.5322126,8852.0,236.25,-25.944479772370016,0.0943530946969986,0.5581600069999695
471816001.5322126,1324.0,84.8076923076923,51.25580694880489,0.0588659457862377,0.7520466446876526
471817801.5322126,5414.0,288.28125,7.180755781458288,0.6807812452316284,0.5506095886230469
471820201.5322126,5723.0,75.9375,3.583321698471977,0.1119910031557083,0.9583619236946106
471820801.5322126,5723.0,75.9375,3.583321698471977,0.1007102727890014,0.9618688225746155
471826201.5322126,10258.0,232.03124999999997,-41.81031489577862,0.1240472048521041,0.595435380935669
471826801.5322126,10258.0,232.03124999999997,-41.81031489577862,0.1234960854053497,0.8989564180374146
471829201.5322126,4280.0,337.49999999999994,18.209956864283,0.274120956659317,0.7555809020996094
471829801.5322126,2101.0,330.46875,41.81031489577859,0.0722017511725425,0.8727620244026184
471829801.5322126,4280.0,337.49999999999994,18.209956864283,0.1118869185447692,0.8960434198379517
471833401.5322126,8591.0,222.1875,-23.31795706533424,0.1232077106833458,0.5265852212905884
471838201.5322126,9745.0,229.21874999999997,-35.68533471265205,0.0884018763899803,0.506829559803009
471841801.5322126,4538.0,343.12499999999994,15.713861048008212,0.0936727970838546,0.9129015207290649
471848401.5322126,11062.0,268.2,-52.801853781730614,0.2843046486377716,0.6648820638656616
471853801.5322126,4409.0,341.71874999999994,16.957763300004146,0.2676917314529419,0.5178776383399963
471856801.5322126,4248.0,247.49999999999997,18.209956864283,0.1198159754276275,0.8208791017532349
471860401.5322126,10590.0,131.89655172413794,-46.5718474134496,0.3491015136241913,0.6190375089645386
471866401.5322126,4323.0,99.84375,16.957763300004146,0.0926019772887229,0.5340521335601807
471866401.5322126,4553.0,26.71875,14.477512185929925,0.0691522508859634,0.5563077330589294
471867001.5322126,4451.0,98.4375,15.713861048008212,0.9883970618247986,0.5798583626747131
471870601.5322126,10232.0,158.90624999999997,-41.81031489577862,0.0591693632304668,0.6873857975006104
471877201.5322126,3677.0,81.56249999999999,23.31795706533424,0.173845961689949,0.8102943301200867
471877801.5322126,3933.0,81.56249999999999,20.742379954487134,0.3164879381656647,0.9099360704421997
471878401.5322126,4452.0,101.25,15.713861048008212,0.0517496205866336,0.5293737053871155
471889801.5322126,3677.0,81.56249999999999,23.31795706533424,0.1572150737047195,0.974160373210907
471889801.5322126,3805.0,82.96875,22.02431283704216,0.0806551352143287,0.5605716109275818
471890401.5322126,10589.0,128.79310344827587,-46.5718474134496,0.053035344928503,0.5494057536125183
471900601.5322126,3933.0,81.56249999999999,20.742379954487134,0.3138361871242523,0.6347484588623047
471901201.5322126,7550.0,174.37499999999997,-13.248014905676952,0.1450517028570175,0.5035473704338074
471901801.5322126,7550.0,174.37499999999997,-13.248014905676952,0.1284997761249542,0.6836798787117004
471909001.5322126,2219.0,300.9375,40.228184728061095,0.1277173161506652,0.6423435211181641
471924001.5322126,3805.0,82.96875,22.02431283704216,0.0826090350747108,0.8316531181335449
471925201.5322126,8602.0,253.125,-23.31795706533424,0.8939061164855957,0.69000643491745
471925801.5322126,8346.0,253.125,-20.74237995448715,0.1259811818599701,0.6865570545196533
471927601.5322126,7474.0,322.03124999999994,-12.024699180565818,0.0629191100597381,0.7007086873054504
471933601.5322126,5958.0,16.875,1.1937484371410818,0.1024425402283668,0.7779646515846252
471934201.5322126,3805.0,82.96875,22.02431283704216,0.0619442127645015,0.6088215112686157
471934201.5322126,5958.0,16.875,1.1937484371410818,0.0805469006299972,0.9692589044570923
471938401.5322126,11669.0,327.50000000000006,-63.448283680301046,0.1045586168766021,0.7501716613769531
471943801.5322126,4920.0,338.90625,12.024699180565818,0.8278389573097229,0.6277261972427368
471945001.5322126,3933.0,81.56249999999999,20.742379954487134,0.1180510446429252,0.7142246961593628
471945001.5322126,3934.0,84.37499999999999,20.74237995448715,0.1973076909780502,0.5247707962989807
471945001.5322126,4060.0,80.15625,19.47122063449069,0.523344099521637,0.544035792350769
471945001.5322126,4061.0,82.96875,19.47122063449069,0.9385411739349364,0.5094010829925537
471945601.5322126,3805.0,82.96875,22.02431283704216,0.0818303003907203,0.517575204372406
471945601.5322126,3933.0,81.56249999999999,20.742379954487134,0.0835237726569175,0.9765670299530029
471945601.5322126,3940.0,101.25,20.742379954487134,0.0855666473507881,0.5359264612197876
471945601.5322126,4060.0,80.15625,19.47122063449069,0.0865572541952133,0.9381427764892578
471946201.5322126,3940.0,101.25,20.742379954487134,0.0935145691037178,0.7316495180130005
471954001.5322126,905.0,280.7142857142857,58.91977535280315,0.1106662005186081,0.5506625771522522
471954601.5322126,905.0,280.7142857142857,58.91977535280315,0.1023884192109108,0.6003163456916809
471957601.5322126,441.0,129.0,67.93492864899142,0.3807362616062164,0.5816303491592407
471957601.5322126,4067.0,99.84375,19.47122063449069,0.0550217851996421,0.7986574172973633
471957601.5322126,4322.0,97.03125,16.957763300004146,0.086428202688694,0.7403491139411926
471958801.5322126,10488.0,181.49999999999997,-44.99388015045713,0.1206182539463043,0.8738855123519897
471959401.5322126,10488.0,181.49999999999997,-44.99388015045713,0.1012058481574058,0.6483599543571472
471960001.5322126,8325.0,194.06249999999991,-20.74237995448715,0.0580893903970718,0.8185985088348389
471961201.5322126,8611.0,278.4375,-23.31795706533424,0.1733720600605011,0.5556458234786987
471961801.5322126,8612.0,281.24999999999994,-23.31795706533424,0.9094250798225404,0.706882894039154
471969001.5322126,3677.0,81.56249999999999,23.31795706533424,0.2823635339736938,0.855812132358551
471969001.5322126,3933.0,81.56249999999999,20.742379954487134,0.818012535572052,0.9641000032424927
471969601.5322126,3933.0,81.56249999999999,20.742379954487134,0.3696179687976837,0.6099433302879333
471974401.5322126,10705.0,133.39285714285717,-48.1412077943603,0.7711864709854126,0.5543766021728516
471987001.5322126,10588.0,125.68965517241378,-46.5718474134496,0.1675329208374023,0.6270846724510193
471988201.5322126,1112.0,31.875000000000004,54.340912303861245,0.3103357255458832,0.6285509467124939
471992401.5322126,3549.0,82.96875,24.62431835216408,0.0588481090962886,0.7130668759346008
472013741.5900578,1288.0,318.6,52.801853781730635,0.0731376782059669,0.5954020023345947
472016141.5900578,7957.0,240.46874999999991,-16.957763300004146,0.0599816814064979,0.7582995295524597
472016741.5900578,7957.0,240.46874999999991,-16.957763300004146,0.2376224100589752,0.960283100605011
472017341.5900578,10832.0,188.3333333333333,-49.702390326630706,0.1025577560067176,0.5101616382598877
472046741.5900578,2358.0,333.28124999999994,38.68218745348943,0.0806584060192108,0.6436769366264343
472051541.5900578,10025.0,296.71874999999994,-38.68218745348943,0.3976514935493469,0.6197922825813293
472056941.5900578,950.0,108.4090909090909,57.39952353962294,0.0580617040395736,0.7201173305511475
472056941.5900578,1325.0,88.26923076923076,51.25580694880489,0.1959111392498016,0.6829206347465515
472058141.5900578,1964.0,303.38709677419354,43.406858485936986,0.0529376380145549,0.7251312136650085
472065341.5900578,11659.0,277.5,-63.448283680301046,0.136392131447792,0.5430000424385071
472065941.5900578,10937.0,185.19230769230768,-51.25580694880492,0.1104105785489082,0.5916072130203247
472065941.5900578,11659.0,277.5,-63.448283680301046,0.0518346950411796,0.7751015424728394
472071941.5900578,3933.0,81.56249999999999,20.742379954487134,0.132882073521614,0.8291871547698975
472074941.5900578,9385.0,295.3125,-31.388166464348544,0.1340822875499725,0.5897297859191895
472080341.5900578,5287.0,289.6875,8.385538647081319,0.2595800161361694,0.5717201828956604
472084541.5900578,1889.0,85.64516129032258,43.406858485936986,0.2293364256620407,0.5395601987838745
472089341.5900578,10347.0,126.29032258064515,-43.40685848593699,0.131703034043312,0.8599351644515991
472089941.5900578,10347.0,126.29032258064515,-43.40685848593699,0.1194423884153366,0.9804984927177429
472095341.5900578,3933.0,81.56249999999999,20.742379954487134,0.3175382912158966,0.9846134185791016
472095941.5900578,148.0,45.0,76.81353334098655,0.0812529176473617,0.6737182140350342
472095941.5900578,3933.0,81.56249999999999,20.742379954487134,0.117353968322277,0.8898050785064697
472097741.5900578,8726.0,243.28124999999991,-24.62431835216408,0.1517042219638824,0.9297093152999878
472099541.5900578,11684.0,44.99999999999999,-64.94808409550689,0.1818602830171585,0.9250739812850952
472101941.5900578,7046.0,196.87499999999997,-8.385538647081319,0.0548607893288135,0.8382736444473267
472107341.5900578,3934.0,84.37499999999999,20.74237995448715,0.3559061884880066,0.6604781150817871
472110341.5900578,6184.0,293.90625,0.0,0.0620719641447067,0.9617199301719666
472118141.5900578,3549.0,82.96875,24.62431835216408,0.0598167777061462,0.6875600218772888
472120541.5900578,9521.0,319.21875,-32.79716829582364,0.0622944831848144,0.8564441204071045
472123541.5900578,10703.0,126.96428571428572,-48.1412077943603,0.9884458780288696,0.7482848763465881
472128941.5900578,3677.0,81.56249999999999,23.31795706533424,0.1269952803850174,0.8960495591163635
472128941.5900578,3933.0,81.56249999999999,20.742379954487134,0.0961651876568794,0.9989180564880371
472128941.5900578,4061.0,82.96875,19.47122063449069,0.979562282562256,0.6434878706932068
472129541.5900578,4066.0,97.03125,19.47122063449069,0.1708471626043319,0.570912778377533
472131341.5900578,9111.0,244.68749999999997,-28.630989836924357,0.059391800314188,0.5092290043830872
472134341.5900578,9846.0,151.875,-37.168899655999454,0.0603240467607975,0.545179545879364
472136141.5900578,7315.0,233.43750000000003,-10.806922874860348,0.0739739090204238,0.7743818759918213
472137941.5900578,5178.0,344.53125,9.594068226860458,0.1130649596452713,0.9175131320953369
472138541.5900578,6335.0,357.18749999999994,-1.1937484371410818,0.0565549060702323,0.9745691418647766
472139741.5900578,3933.0,81.56249999999999,20.742379954487134,0.7364031076431274,0.51637202501297
472140941.5900578,4066.0,97.03125,19.47122063449069,0.1437150239944458,0.8031789064407349
472140941.5900578,4070.0,108.28125,19.47122063449069,0.0850841775536537,0.8527424335479736
472141541.5900578,4067.0,99.84375,19.47122063449069,0.0631030052900314,0.5667632222175598
472143941.5900578,11871.0,22.500000000000004,-69.4225464945822,0.0579843893647193,0.8421170711517334
472145741.5900578,8958.0,175.78125,-27.27961273597809,0.090671457350254,0.55182284116745
472146341.5900578,9214.0,175.78125,-30.000000000000018,0.2069315165281295,0.7159701585769653
472151741.5900578,1656.0,100.86206896551724,46.57184741344958,0.0530934110283851,0.8487534523010254
472158941.5900578,11769.0,143.4375,-66.44353569089876,0.1364037543535232,0.5837101936340332
472160741.5900578,3876.0,282.65625,22.02431283704216,0.0840046480298042,0.5494028329849243
472163741.5900578,3933.0,81.56249999999999,20.742379954487134,0.0586820803582668,0.8838802576065063
472164941.5900578,7200.0,271.40624999999994,-9.594068226860458,0.0558307059109211,0.5670349597930908
472169741.5900578,9847.0,154.6875,-37.168899655999454,0.1236418783664703,0.6169229745864868
472175741.5900578,4196.0,101.25,18.209956864283,0.0692324787378311,0.7128763198852539
472175741.5900578,4451.0,98.4375,15.713861048008212,0.956761598587036,0.9673905372619629
472181741.5900578,7686.0,198.28124999999997,-14.477512185929925,0.0856955125927925,0.6244191527366638
472182941.5900578,2872.0,338.90625,32.79716829582364,0.1333865076303482,0.5453876256942749
472188341.5900578,10967.0,289.0384615384616,-51.25580694880492,0.3064730763435364,0.6458192467689514
472188341.5900578,11655.0,257.49999999999994,-63.448283680301046,0.1151139140129089,0.5465525984764099
472192541.5900578,10610.0,193.96551724137927,-46.5718474134496,0.0710390955209732,0.6607017517089844
472193141.5900578,10610.0,193.96551724137927,-46.5718474134496,0.0555063262581825,0.8420871496200562
472198541.5900578,4323.0,99.84375,16.957763300004146,0.8237518668174744,0.768796443939209
472199141.5900578,356.0,308.0769230769231,70.90666664467562,0.0594542548060417,0.5776934623718262
472201541.5900578,11323.0,194.31818181818176,-57.39952353962295,0.0684065148234367,0.6835758090019226
472206941.5900578,922.0,353.5714285714285,58.91977535280315,0.1125878617167472,0.5142614245414734
472208741.5900578,1884.0,71.12903225806451,43.406858485936986,0.7192556262016296,0.5947867035865784
472209341.5900578,3426.0,95.625,25.94447977237,0.0728707388043403,0.5122323632240295
472209341.5900578,4562.0,52.03125,14.477512185929925,0.2280707508325576,0.5126038193702698
472210541.5900578,5124.0,192.65624999999997,9.594068226860458,0.1878986060619354,0.9001156687736511
472210541.5900578,10850.0,248.33333333333331,-49.702390326630706,0.0811225920915603,0.642549991607666
472211141.5900578,5124.0,192.65624999999997,9.594068226860458,0.0522532612085342,0.9469471573829651
472212341.5900578,11232.0,189.78260869565216,-55.87335043525198,0.120584137737751,0.5958406329154968
472218941.5900578,5175.0,336.09375,9.594068226860458,0.0756237506866455,0.8515578508377075
472231541.5900578,3549.0,82.96875,24.62431835216408,0.0921183228492736,0.7803870439529419
472232141.5900578,3550.0,85.78124999999999,24.62431835216408,0.0727479830384254,0.6741516590118408
472232141.5900578,3805.0,82.96875,22.02431283704216,0.0928158834576606,0.8556951284408569
472238141.5900578,10588.0,125.68965517241378,-46.5718474134496,0.7018899321556091,0.620385468006134
472242941.5900578,4067.0,99.84375,19.47122063449069,0.1185808926820755,0.6335822343826294
472243541.5900578,3806.0,85.78124999999999,22.02431283704216,0.1042270362377166,0.7641419172286987
472243541.5900578,4062.0,85.78124999999999,19.47122063449069,0.6084952354431152,0.5108064413070679
472263941.5900578,4920.0,338.90625,12.024699180565818,0.0612556971609592,0.6364231109619141
472266941.5900578,3677.0,81.56249999999999,23.31795706533424,0.1202790066599845,0.8627832531929016
472266941.5900578,3933.0,81.56249999999999,20.742379954487134,0.2328781932592392,0.8409104347229004
472272941.5900578,8599.0,244.68749999999997,-23.31795706533424,0.073943093419075,0.7926920652389526
472275341.5900578,3240.0,292.5,28.630989836924343,0.1144829466938972,0.5428816080093384
472275341.5900578,3888.0,316.40625,22.02431283704216,0.0923784673213958,0.9735323786735535
472277141.5900578,3933.0,81.56249999999999,20.742379954487134,0.0813824236392974,0.7465829849243164
472278941.5900578,1309.0,32.88461538461537,51.25580694880489,0.1167749017477035,0.601178765296936
472279541.5900578,9620.0,236.25,-34.22886632781257,0.2632556855678558,0.865520179271698
472280141.5900578,8705.0,184.21874999999997,-24.62431835216408,0.1330485343933105,0.712703287601471
472281941.5900578,11610.0,32.5,-63.448283680301046,0.0614273101091384,0.585188627243042
472284341.5900578,10703.0,126.96428571428572,-48.1412077943603,0.7944584488868713,0.6188483238220215
472284941.5900578,10703.0,126.96428571428572,-48.1412077943603,0.0802648663520813,0.9793049693107605
472288541.5900578,4061.0,82.96875,19.47122063449069,0.1446297317743301,0.8249664902687073
472292141.5900578,11710.0,182.6470588235294,-64.94808409550689,0.1677834838628769,0.7302043437957764
472297541.5900578,4149.0,330.46875,19.47122063449069,0.1111641675233841,0.6744343042373657
472298141.5900578,4776.0,292.5,13.248014905676952,0.233667105436325,0.5685900449752808
472301741.5900578,4066.0,97.03125,19.47122063449069,0.1017841249704361,0.6159865260124207
472309541.5900578,4135.0,291.09375,19.47122063449069,0.1506451070308685,0.6662958860397339
472310141.5900578,5048.0,337.49999999999994,10.806922874860348,0.0671240538358688,0.6889634132385254
472310741.5900578,5192.0,22.5,8.385538647081319,0.0588543936610221,0.5117061138153076
472310741.5900578,5319.0,21.093749999999993,7.180755781458288,0.3944543004035949,0.8366970419883728
472311941.5900578,3550.0,85.78124999999999,24.62431835216408,0.0600584298372268,0.6909477710723877
472311941.5900578,3805.0,82.96875,22.02431283704216,0.072355255484581,0.824286937713623
472311941.5900578,4067.0,99.84375,19.47122063449069,0.1340617686510086,0.7216712236404419
472312541.5900578,4067.0,99.84375,19.47122063449069,0.1333408206701278,0.7630050778388977
472319741.5900578,2999.0,334.6875,31.38816646434855,0.5605871081352234,0.578769862651825
472322141.5900578,3804.0,80.15625,22.02431283704216,0.2594311833381653,0.6995206475257874
472323341.5900578,4196.0,101.25,18.209956864283,0.2578763365745544,0.8308667540550232
472323341.5900578,4323.0,99.84375,16.957763300004146,0.2112999558448791,0.5670488476753235
472323341.5900578,4451.0,98.4375,15.713861048008212,0.9989860653877258,0.9240689277648926
472323941.5900578,4451.0,98.4375,15.713861048008212,0.9976524710655212,0.8774685263633728
472325741.5900578,11037.0,178.20000000000002,-52.801853781730614,0.8701939582824707,0.8240192532539368
472328741.5900578,12171.0,309.375,-78.28414760510762,0.0514074154198169,0.6120439767837524
472335341.5900578,3933.0,81.56249999999999,20.742379954487134,0.079865388572216,0.8065720796585083
472340741.5900578,10588.0,125.68965517241378,-46.5718474134496,0.1547750681638717,0.6261128783226013
472347341.5900578,4322.0,97.03125,16.957763300004146,0.0922457575798034,0.7351558208465576
472352141.5900578,10703.0,126.96428571428572,-48.1412077943603,0.3892320394515991,0.6804310083389282
472352741.5900578,10703.0,126.96428571428572,-48.1412077943603,0.3663776814937591,0.8149139285087585
472353341.5900578,1952.0,268.5483870967742,43.406858485936986,0.2515983879566192,0.610153079032898
472353941.5900578,1952.0,268.5483870967742,43.406858485936986,0.4638262093067169,0.8511129021644592
472354541.5900578,1952.0,268.5483870967742,43.406858485936986,0.0794703364372253,0.8616204261779785
472356341.5900578,5195.0,30.937499999999996,8.385538647081319,0.1255842447280883,0.5255622267723083
472363541.5900578,11320.0,182.04545454545453,-57.39952353962295,0.084357738494873,0.5822474956512451
472364141.5900578,11320.0,182.04545454545453,-57.39952353962295,0.144357219338417,0.6684975028038025
472372541.5900578,11165.0,290.625,-54.340912303861245,0.0529703833162784,0.5143880844116211
472373141.5900578,12006.0,228.74999999999997,-72.38756092964962,0.1550659537315368,0.6330669522285461
472377941.5900578,5048.0,337.49999999999994,10.806922874860348,0.441509872674942,0.5725212693214417
472379141.5900578,6086.0,18.28125,0.0,0.0928409770131111,0.5094250440597534
472380341.5900578,3933.0,81.56249999999999,20.742379954487134,0.1018173247575759,0.7638750672340393
472392341.5900578,4707.0,98.4375,13.248014905676952,0.2350671738386154,0.5281636714935303
472395941.5900578,4538.0,343.12499999999994,15.713861048008212,0.0880083367228508,0.5972800254821777
472401941.5900578,1096.0,330.6521739130435,55.873350435251986,0.2656746208667755,0.5298243165016174
472401941.5900578,4920.0,338.90625,12.024699180565818,0.0536432340741157,0.83846515417099
472402541.5900578,1096.0,330.6521739130435,55.873350435251986,0.0658283904194831,0.8065364956855774
472410341.5900578,10590.0,131.89655172413794,-46.5718474134496,0.827384889125824,0.6782718896865845
472414541.5900578,3933.0,81.56249999999999,20.742379954487134,0.0915735960006713,0.9348183870315552
472415141.5900578,3549.0,82.96875,24.62431835216408,0.0696603804826736,0.5549347400665283
472415141.5900578,3550.0,85.78124999999999,24.62431835216408,0.1782013922929763,0.5197101831436157
472415141.5900578,3933.0,81.56249999999999,20.742379954487134,0.0868396237492561,0.9990160465240479
472415741.5900578,1112.0,31.875000000000004,54.340912303861245,0.1253171116113662,0.6416983008384705
472415741.5900578,4067.0,99.84375,19.47122063449069,0.1401364803314209,0.802522599697113
472423541.5900578,1714.0,280.8620689655172,46.5718474134496,0.0522355288267135,0.5864049792289734
472427141.5900578,3804.0,80.15625,22.02431283704216,0.1400206685066223,0.5388029217720032
472430141.5900578,6822.0,286.87499999999994,-5.979156796301311,0.0954403802752494,0.8329578042030334
472433141.5900578,10588.0,125.68965517241378,-46.5718474134496,0.2382488399744033,0.5422365069389343
472446341.5900578,3124.0,327.65624999999994,30.000000000000007,0.0529172830283641,0.5948308706283569
472459541.5900578,5176.0,338.90625,9.594068226860458,0.717049777507782,0.6471638679504395
472461941.5900578,3679.0,87.18749999999999,23.31795706533424,0.1538693159818649,0.8785543441772461
472462541.5900578,6426.0,254.53125,-2.388015463268772,0.0955022126436233,0.5397621989250183
472472141.5900578,2408.0,112.5,37.16889965599945,0.0613916367292404,0.5416449308395386
472473341.5900578,560.0,87.3529411764706,64.94808409550687,0.1558148860931396,0.8146688938140869
472473941.5900578,9982.0,175.78125,-38.68218745348943,0.0958741009235382,0.77768874168396
472474541.5900578,9982.0,175.78125,-38.68218745348943,0.0857330411672592,0.9274806380271912
472475141.5900578,10125.0,216.56249999999997,-40.22818472806108,0.1167108193039894,0.6144293546676636
472475141.5900578,10378.0,216.29032258064515,-43.40685848593699,0.3286700844764709,0.6429033279418945
472475741.5900578,10378.0,216.29032258064515,-43.40685848593699,0.1294555813074112,0.9696143865585327
472482941.5900578,4302.0,40.781249999999986,16.957763300004146,0.0707890689373016,0.6279235482215881
472483541.5900578,4302.0,40.781249999999986,16.957763300004146,0.145685613155365,0.658362627029419
472489541.5900578,6784.0,180.0,-5.979156796301311,0.6913827061653137,0.7016099095344543
472490141.5900578,4604.0,170.15625,14.477512185929925,0.0584196485579013,0.541218101978302
472490141.5900578,6784.0,180.0,-5.979156796301311,0.089028887450695,0.5002006888389587
472490141.5900578,10132.0,236.25,-40.22818472806108,0.1304100751876831,0.8515689969062805
472490741.5900578,10132.0,236.25,-40.22818472806108,0.1096280887722969,0.8826368451118469
472495541.5900578,2663.0,109.6875,34.228866327812575,0.0678125321865081,0.5725622773170471
472500941.5900578,10349.0,132.09677419354838,-43.40685848593699,0.0916946306824684,0.677069902420044
472501541.5900578,10589.0,128.79310344827587,-46.5718474134496,0.0575688406825065,0.9661522507667542
472501541.5900578,10590.0,131.89655172413794,-46.5718474134496,0.1578565686941146,0.5785619616508484
472518941.5900578,540.0,340.3125,66.44353569089877,0.1363841295242309,0.5147541165351868
472519541.5900578,7708.0,260.15625,-14.47751218592994,0.0687608271837234,0.5025228261947632
472535141.5900578,7134.0,85.78124999999999,-9.594068226860458,0.0683228075504303,0.8909551501274109
472539341.5900578,3014.0,18.281250000000004,30.000000000000007,0.0570262745022773,0.5121464729309082
472539341.5900578,4667.0,347.34375,14.477512185929925,0.0794495493173599,0.591213583946228
472539941.5900578,3142.0,16.875,28.630989836924343,0.0674519091844558,0.6819493174552917
472543541.5900578,10398.0,274.35483870967744,-43.40685848593699,0.0739137455821037,0.5774388909339905
472544141.5900578,8093.0,261.56249999999994,-18.209956864283,0.2580579221248626,0.8916409611701965
472554341.5900578,11134.0,174.375,-54.340912303861245,0.0729817003011703,0.5158268809318542
472560941.5900578,1849.0,328.5,44.99388015045713,0.0693965032696724,0.624049961566925
472562141.5900578,476.0,339.0,67.93492864899142,0.0574470981955528,0.6573643684387207
472563341.5900578,3677.0,81.56249999999999,23.31795706533424,0.3658913671970367,0.8960245847702026
472563341.5900578,3678.0,84.37499999999999,23.31795706533424,0.0522453524172306,0.9609452486038208
472563341.5900578,3805.0,82.96875,22.02431283704216,0.0924260541796684,0.8706805109977722
472563941.5900578,3677.0,81.56249999999999,23.31795706533424,0.2724246680736542,0.9632177948951721
472563941.5900578,3805.0,82.96875,22.02431283704216,0.0793538689613342,0.8841261863708496
472564541.5900578,3024.0,46.40624999999999,30.000000000000007,0.4494484364986419,0.5844180583953857
472565141.5900578,10518.0,271.5,-44.99388015045713,0.2417922019958496,0.5112783312797546
472568741.5900578,10231.0,156.09374999999997,-41.81031489577862,0.0570427551865577,0.563122570514679
472569341.5900578,8170.0,119.53125,-19.47122063449069,0.0518780834972858,0.5352208614349365
472577141.5900578,9113.0,250.31249999999997,-28.630989836924357,0.2161270231008529,0.5399091839790344
472586141.5900578,4452.0,101.25,15.713861048008212,0.0550586879253387,0.9490872025489807
472586741.5900578,4452.0,101.25,15.713861048008212,0.0510032847523689,0.9634785652160645
472587341.5900578,2201.0,250.31249999999997,40.228184728061095,0.2879686653614044,0.9535497426986694
472589141.5900578,11503.0,249.75,-60.4344388449523,0.2650915384292602,0.561538577079773
472592141.5900578,10347.0,126.29032258064515,-43.40685848593699,0.2323420196771621,0.8031874895095825
472596341.5900578,1397.0,337.5,51.25580694880489,0.0712408870458602,0.8838103413581848
472596941.5900578,1397.0,337.5,51.25580694880489,0.5616762638092041,0.6315863728523254
472597541.5900578,1397.0,337.5,51.25580694880489,0.3839501738548279,0.7056370377540588
472597541.5900578,2003.0,54.84375,41.81031489577859,0.0785167291760444,0.5473690629005432
472597541.5900578,4323.0,99.84375,16.957763300004146,0.8139348030090332,0.9423697590827942
472598141.5900578,466.0,279.0,67.93492864899142,0.0832408368587493,0.6074439883232117
472598141.5900578,3933.0,81.56249999999999,20.742379954487134,0.4051582217216491,0.891333818435669
472598741.5900578,466.0,279.0,67.93492864899142,0.1058917492628097,0.7145087122917175
472620608.2537848,2496.0,1.40625,35.68533471265204,0.42159503698349,0.8316696286201477
472621208.2537848,2496.0,1.40625,35.68533471265204,0.3281198740005493,0.8052466511726379
472626008.2537848,10811.0,118.33333333333334,-49.702390326630706,0.1454891711473465,0.7798302173614502
472627208.2537848,9739.0,212.34374999999997,-35.685334712652065,0.5516554117202759,0.5430617332458496
472632608.2537848,4323.0,99.84375,16.957763300004146,0.1352466493844986,0.6539048552513123
472636208.2537848,10272.0,271.40624999999994,-41.81031489577862,0.0804001539945602,0.7194245457649231
472637408.2537848,10590.0,131.89655172413794,-46.5718474134496,0.7881438732147217,0.5737605094909668
472638608.2537848,9192.0,113.90625,-30.000000000000018,0.0865411087870597,0.5099787712097168
472638608.2537848,10347.0,126.29032258064515,-43.40685848593699,0.7068339586257935,0.9500839710235596
472638608.2537848,10588.0,125.68965517241378,-46.5718474134496,0.1153476610779762,0.5340003967285156
472646408.2537848,8836.0,191.25,-25.944479772370016,0.1615848988294601,0.6960324048995972
472651208.2537848,601.0,304.4117647058824,64.94808409550687,0.0557390041649341,0.7728056907653809
472651208.2537848,3880.0,293.90625,22.02431283704216,0.0801908448338508,0.500133216381073
472651208.2537848,3881.0,296.71874999999994,22.02431283704216,0.7864857316017151,0.6115466356277466
472653008.2537848,2108.0,350.15625,41.8103148957786,0.0889951735734939,0.7142431735992432
472660208.2537848,10938.0,188.6538461538461,-51.25580694880492,0.0621514804661273,0.631219744682312
472669208.2537848,8352.0,270.0,-20.742379954487134,0.0656687468290329,0.5490292310714722
472674608.2537848,5158.0,288.28125,9.594068226860458,0.1675319671630859,0.5098983645439148
472679408.2537848,5890.0,187.03124999999991,2.388015463268772,0.0614664442837238,0.5800613760948181
472684208.2537848,10588.0,125.68965517241378,-46.5718474134496,0.0638967454433441,0.7303813695907593
472684808.2537848,5891.0,189.84374999999991,2.388015463268772,0.1204876974225044,0.7021320462226868
472685408.2537848,5891.0,189.84374999999991,2.388015463268772,0.0541204027831554,0.6516294479370117
472691408.2537848,9720.0,158.90624999999997,-35.685334712652065,0.0638061538338661,0.8916001915931702
472695008.2537848,8166.0,108.28125,-19.47122063449069,0.0856567323207855,0.6699351072311401
472695008.2537848,10588.0,125.68965517241378,-46.5718474134496,0.1360879689455032,0.9825809597969055
472703408.2537848,8327.0,199.68749999999997,-20.742379954487134,0.055863257497549,0.8917713761329651
472703408.2537848,11782.0,216.56249999999997,-66.44353569089876,0.4489661753177643,0.601683497428894
472721408.2537848,4411.0,347.34375,16.957763300004146,0.0540670193731784,0.7472983598709106
472722608.2537848,2489.0,340.3125,37.16889965599945,0.1930233389139175,0.9072315692901611
472723208.2537848,2489.0,340.3125,37.16889965599945,0.1541715711355209,0.9979221224784851
472723808.2537848,1622.0,355.17857142857144,48.14120779436029,0.067362867295742,0.566773533821106
472729808.2537848,7287.0,154.6875,-10.806922874860348,0.1018460467457771,0.6927852630615234
472738208.2537848,10120.0,202.49999999999991,-40.22818472806108,0.0581253580749034,0.7498838305473328
472751408.2537848,10690.0,85.17857142857143,-48.1412077943603,0.1413947790861129,0.770376443862915
472756808.2537848,1209.0,34.2,52.801853781730635,0.0508265979588031,0.5405992865562439
472756808.2537848,4920.0,338.90625,12.024699180565818,0.0600445568561553,0.6884879469871521
472758008.2537848,4323.0,99.84375,16.957763300004146,0.4572317004203796,0.824191689491272
472758608.2537848,4323.0,99.84375,16.957763300004146,0.1801691800355911,0.8755158185958862
472764008.2537848,10608.0,187.75862068965515,-46.5718474134496,0.0643244907259941,0.5649920105934143
472766408.2537848,1084.0,283.69565217391306,55.873350435252,0.3206503689289093,0.5464882850646973
472769408.2537848,3933.0,81.56249999999999,20.742379954487134,0.2679483294486999,0.5509732961654663
472772408.2537848,10860.0,281.6666666666667,-49.702390326630706,0.0544743277132511,0.880813717842102
472782608.2537848,8474.0,254.53125,-22.02431283704216,0.3926312029361725,0.7646965980529785
472798808.2537848,5761.0,182.81249999999997,3.583321698471977,0.5362464785575867,0.6978327631950378
472799408.2537848,5761.0,182.81249999999997,3.583321698471977,0.1162234246730804,0.6495324969291687
472801808.2537848,3378.0,322.03124999999994,27.27961273597809,0.0507321543991565,0.5088539123535156
472809608.2537848,7402.0,119.53125,-12.024699180565818,0.0657970383763313,0.6225281357765198
472814408.2537848,3550.0,85.78124999999999,24.62431835216408,0.8395568132400513,0.9150017499923706
472814408.2537848,3934.0,84.37499999999999,20.74237995448715,0.9620842933654784,0.9164451956748962
472815008.2537848,3805.0,82.96875,22.02431283704216,0.0976988151669502,0.7234806418418884
472815008.2537848,3934.0,84.37499999999999,20.74237995448715,0.9756887555122375,0.9245614409446716
472817408.2537848,9344.0,180.0,-31.388166464348544,0.0662576779723167,0.7340487837791443
472818608.2537848,10272.0,271.40624999999994,-41.81031489577862,0.2446113526821136,0.5000089406967163
472821008.2537848,10703.0,126.96428571428572,-48.1412077943603,0.8342484831809998,0.6628860831260681
472821608.2537848,10471.0,130.5,-44.99388015045713,0.0783758237957954,0.9995684027671814
472821608.2537848,10703.0,126.96428571428572,-48.1412077943603,0.8487749099731445,0.9987347722053528
472821608.2537848,10704.0,130.17857142857142,-48.1412077943603,0.6907621026039124,0.9563868641853333
472822208.2537848,10703.0,126.96428571428572,-48.1412077943603,0.1965667754411697,0.6170565485954285
472824608.2537848,5048.0,337.49999999999994,10.806922874860348,0.0539661720395088,0.5372906923294067
472825208.2537848,5048.0,337.49999999999994,10.806922874860348,0.0580627433955669,0.520929217338562
472826408.2537848,3906.0,5.625,20.742379954487134,0.284175157546997,0.7356575727462769
472827008.2537848,3200.0,180.0,28.630989836924343,0.0687206089496612,0.5657032132148743
472833008.2537848,5895.0,201.09374999999997,2.388015463268772,0.0759843215346336,0.6380112171173096
472837808.2537848,4036.0,12.656249999999998,19.47122063449069,0.0505259372293949,0.8164457082748413
472837808.2537848,4545.0,4.21875,14.477512185929925,0.0808633714914321,0.9602084755897522
472845608.2537848,3619.0,279.84375,24.62431835216408,0.2023579478263855,0.9510740041732788
472846208.2537848,7457.0,274.21875,-12.024699180565818,0.7469525933265686,0.6555841565132141
472867208.2537848,10349.0,132.09677419354838,-43.40685848593699,0.0871001631021499,0.6518252491950989
472870808.2537848,3880.0,293.90625,22.02431283704216,0.133472591638565,0.7434809803962708
472872008.2537848,2298.0,164.53125,38.68218745348943,0.8309343457221985,0.8525860905647278
472872608.2537848,2298.0,164.53125,38.68218745348943,0.6705314517021179,0.8999162316322327
472873208.2537848,2298.0,164.53125,38.68218745348943,0.1165387332439422,0.6141088008880615
472873808.2537848,292.0,213.74999999999997,72.38756092964962,0.0542210154235363,0.8720827698707581
472877408.2537848,2427.0,165.9375,37.16889965599945,0.1046074032783508,0.6499649882316589
472881008.2537848,6308.0,281.24999999999994,-1.1937484371410818,0.0818351209163665,0.6067723035812378
472881608.2537848,4409.0,341.71874999999994,16.957763300004146,0.1529771238565445,0.6614683866500854
472881608.2537848,6308.0,281.24999999999994,-1.1937484371410818,0.1872418373823166,0.9743403792381287
472882208.2537848,4409.0,341.71874999999994,16.957763300004146,0.4242885112762451,0.9809616208076477
472882208.2537848,4410.0,344.53125,16.957763300004146,0.0627561062574386,0.9996059536933899
472882208.2537848,4538.0,343.12499999999994,15.713861048008212,0.0930617526173591,0.9658286571502686
472882208.2537848,6820.0,281.24999999999994,-5.979156796301311,0.2051372975111007,0.7204051613807678
472884608.2537848,4323.0,99.84375,16.957763300004146,0.1792182177305221,0.5033858418464661
472888208.2537848,11111.0,88.125,-54.340912303861245,0.0501977428793907,0.6506707072257996
472890008.2537848,10347.0,126.29032258064515,-43.40685848593699,0.6457623839378357,0.9237937331199646
472891208.2537848,6052.0,281.24999999999994,1.1937484371410818,0.0500341542065143,0.8911205530166626
472898408.2537848,9988.0,192.65624999999997,-38.68218745348943,0.0659011527895927,0.8097149729728699
472899008.2537848,9065.0,115.31249999999996,-28.630989836924357,0.3077024519443512,0.9086069464683533
472900808.2537848,10588.0,125.68965517241378,-46.5718474134496,0.236279010772705,0.6842906475067139
472907408.2537848,2219.0,300.9375,40.228184728061095,0.0563016012310981,0.6982226371765137
472911608.2537848,10588.0,125.68965517241378,-46.5718474134496,0.1810283064842224,0.5607272386550903
472912208.2537848,10588.0,125.68965517241378,-46.5718474134496,0.610578715801239,0.7097062468528748
472912808.2537848,10588.0,125.68965517241378,-46.5718474134496,0.3484504222869873,0.8018099069595337
472916408.2537848,4920.0,338.90625,12.024699180565818,0.0879039838910102,0.5318571925163269
472917608.2537848,3934.0,84.37499999999999,20.74237995448715,0.1309880018234253,0.5797993540763855
472918208.2537848,3934.0,84.37499999999999,20.74237995448715,0.1622050255537033,0.7783923149108887
472923008.2537848,5731.0,98.4375,3.583321698471977,0.0669296160340309,0.514511227607727
472923608.2537848,5731.0,98.4375,3.583321698471977,0.5611236691474915,0.5462782979011536
472929008.2537848,3806.0,85.78124999999999,22.02431283704216,0.8174546360969543,0.7347363233566284
472929608.2537848,2427.0,165.9375,37.16889965599945,0.0922172367572784,0.8601449131965637
472941008.2537848,3933.0,81.56249999999999,20.742379954487134,0.0916057080030441,0.5511612892150879
472949408.2537848,5048.0,337.49999999999994,10.806922874860348,0.352267324924469,0.7903725504875183
472950008.2537848,4792.0,337.49999999999994,13.248014905676952,0.0500516481697559,0.7864558696746826
472950008.2537848,5047.0,334.6875,10.806922874860348,0.0883240923285484,0.9408106207847595
472950008.2537848,5048.0,337.49999999999994,10.806922874860348,0.4233250617980957,0.993324339389801
472950008.2537848,5049.0,340.3125,10.806922874860348,0.1121351271867752,0.8866545557975769
472959008.2537848,10589.0,128.79310344827587,-46.5718474134496,0.0798557177186012,0.9528186917304993
472962008.2537848,3499.0,300.9375,25.94447977237,0.9901111721992492,0.6132328510284424
472963208.2537848,441.0,129.0,67.93492864899142,0.0624892264604568,0.5682862997055054
472963808.2537848,441.0,129.0,67.93492864899142,0.0975916534662246,0.673198401927948
472965608.2537848,10113.0,182.81249999999997,-40.22818472806108,0.0590596124529838,0.6433131694793701
472972208.2537848,3236.0,281.24999999999994,28.630989836924343,0.0556118488311767,0.767858624458313
472973408.2537848,4666.0,344.53125,14.477512185929925,0.0707050040364265,0.750957727432251
472974008.2537848,5048.0,337.49999999999994,10.806922874860348,0.0926076471805572,0.7361282706260681
472974608.2537848,3934.0,84.37499999999999,20.74237995448715,0.1477500051259994,0.5153573751449585
472974608.2537848,4061.0,82.96875,19.47122063449069,0.914439022541046,0.7239776849746704
472978808.2537848,10365.0,178.5483870967742,-43.40685848593699,0.3320577144622803,0.5052789449691772
472980008.2537848,3805.0,82.96875,22.02431283704216,0.1498903334140777,0.646987795829773
472980008.2537848,4061.0,82.96875,19.47122063449069,0.6807116270065308,0.8075370192527771
472980608.2537848,3805.0,82.96875,22.02431283704216,0.1117369085550308,0.9731280207633972
472980608.2537848,4061.0,82.96875,19.47122063449069,0.8276865482330322,0.7328826785087585
472980608.2537848,11636.0,162.5,-63.448283680301046,0.1271626949310302,0.5037530660629272
472983008.2537848,4792.0,337.49999999999994,13.248014905676952,0.2430402785539627,0.7402855157852173
472983608.2537848,4792.0,337.49999999999994,13.248014905676952,0.5713449716567993,0.9999896287918091
472983608.2537848,4793.0,340.3125,13.248014905676952,0.1410751044750213,0.9999998807907104
472983608.2537848,4919.0,336.09375,12.024699180565818,0.6878935694694519,0.9999984502792358
472983608.2537848,4920.0,338.90625,12.024699180565818,0.0805849581956863,0.6890971064567566
472983608.2537848,5048.0,337.49999999999994,10.806922874860348,0.239416167140007,0.9999663829803467
472983608.2537848,5049.0,340.3125,10.806922874860348,0.9796565771102904,0.998672366142273
472983608.2537848,5175.0,336.09375,9.594068226860458,0.1293572336435318,1.0
472984208.2537848,4663.0,336.09375,14.477512185929925,0.0691361278295517,0.9999998807907104
472984208.2537848,4664.0,338.90625,14.477512185929925,0.1000171899795532,0.9320852756500244
472984208.2537848,4792.0,337.49999999999994,13.248014905676952,0.364849716424942,0.9999998807907104
472984208.2537848,4793.0,340.3125,13.248014905676952,0.1153483837842941,1.0
472984208.2537848,4919.0,336.09375,12.024699180565818,0.7173047065734863,0.999971866607666
472984208.2537848,4920.0,338.90625,12.024699180565818,0.08720613270998,0.847658634185791
472984208.2537848,5048.0,337.49999999999994,10.806922874860348,0.082776054739952,0.9999991655349731
472984208.2537848,5049.0,340.3125,10.806922874860348,0.8477704524993896,0.9999978542327881
472984208.2537848,5176.0,338.90625,9.594068226860458,0.9999995231628418,0.9936366081237793
472984208.2537848,5177.0,341.71874999999994,9.594068226860458,0.5172607898712158,0.9276162385940552
472984208.2537848,5304.0,337.49999999999994,8.385538647081319,0.99888676404953,0.6926694512367249
472984808.2537848,4663.0,336.09375,14.477512185929925,0.0610310398042202,0.9999942779541016
472984808.2537848,4664.0,338.90625,14.477512185929925,0.0823579281568527,0.9994949102401733
472984808.2537848,4792.0,337.49999999999994,13.248014905676952,0.2685520350933075,0.9996384382247925
472984808.2537848,4793.0,340.3125,13.248014905676952,0.0756929442286491,0.9999998807907104
472984808.2537848,4919.0,336.09375,12.024699180565818,0.7810155153274536,0.9999876022338867
472984808.2537848,4920.0,338.90625,12.024699180565818,0.0858267769217491,0.7332546710968018
472984808.2537848,5048.0,337.49999999999994,10.806922874860348,0.1002375483512878,0.9999234676361084
472984808.2537848,5049.0,340.3125,10.806922874860348,0.8994167447090149,0.9999998807907104
472984808.2537848,5176.0,338.90625,9.594068226860458,0.9999417066574096,0.9406777620315552
472985408.2537848,4792.0,337.49999999999994,13.248014905676952,0.1604463309049606,0.9973379969596863
472985408.2537848,4919.0,336.09375,12.024699180565818,0.6057531237602234,0.999955415725708
472985408.2537848,4920.0,338.90625,12.024699180565818,0.0877494215965271,0.7004727721214294
472985408.2537848,5048.0,337.49999999999994,10.806922874860348,0.1154236271977424,0.9898608922958374
472986008.2537848,1296.0,347.4,52.80185378173063,0.0973327979445457,0.622650146484375
472986008.2537848,5176.0,338.90625,9.594068226860458,0.9807273149490356,0.7645460963249207
472989608.2537848,10911.0,95.1923076923077,-51.25580694880492,0.0823853909969329,0.6243495941162109
472990208.2537848,11196.0,48.91304347826088,-55.87335043525198,0.0585446618497371,0.5887100696563721
472993208.2537848,10703.0,126.96428571428572,-48.1412077943603,0.8906546831130981,0.6759912371635437
472995608.2537848,4792.0,337.49999999999994,13.248014905676952,0.0968291983008384,0.9755597710609436
472995608.2537848,4919.0,336.09375,12.024699180565818,0.1836859136819839,0.8056804537773132
472995608.2537848,7457.0,274.21875,-12.024699180565818,0.1214444041252136,0.8408808708190918
472996208.2537848,4410.0,344.53125,16.957763300004146,0.0511814877390861,0.5536482334136963
472996208.2537848,4792.0,337.49999999999994,13.248014905676952,0.0972721502184867,0.9931908249855042
472996208.2537848,4793.0,340.3125,13.248014905676952,0.1366194784641266,0.9921851754188538
472996208.2537848,5048.0,337.49999999999994,10.806922874860348,0.1538087427616119,0.9141221046447754
472998008.2537848,1217.0,63.0,52.80185378173063,0.068583607673645,0.5287593603134155
473004608.2537848,11777.0,188.43749999999997,-66.44353569089876,0.1078933626413345,0.508573055267334
473004608.2537848,11944.0,141.9230769230769,-70.90666664467562,0.0854104310274124,0.6227706074714661
473005208.2537848,11711.0,187.9411764705882,-64.94808409550689,0.4414266943931579,0.5682504177093506
473005208.2537848,11777.0,188.43749999999997,-66.44353569089876,0.0658348053693771,0.5478475689888
473005208.2537848,11944.0,141.9230769230769,-70.90666664467562,0.0929592102766037,0.6040520071983337
473008208.2537848,3892.0,327.65624999999994,22.02431283704216,0.6766958832740784,0.5992657542228699
473027408.2537848,8317.0,171.56249999999997,-20.742379954487134,0.1475406736135482,0.6183031797409058
473029208.2537848,5048.0,337.49999999999994,10.806922874860348,0.0759708434343338,0.9860296845436096
473029808.2537848,5048.0,337.49999999999994,10.806922874860348,0.1200871765613555,0.9997674822807312
473034608.2537848,10378.0,216.29032258064515,-43.40685848593699,0.0612746700644493,0.8645296096801758
473040608.2537848,2852.0,282.65625,32.79716829582364,0.1230997219681739,0.791742742061615
473040608.2537848,2981.0,284.0625,31.38816646434855,0.1202609464526176,0.8960841298103333
473040608.2537848,4919.0,336.09375,12.024699180565818,0.0713131949305534,0.6032782793045044
473041208.2537848,5175.0,336.09375,9.594068226860458,0.1219230219721794,0.8746790885925293
473041808.2537848,2361.0,341.71874999999994,38.68218745348943,0.1044577360153198,0.5159386396408081
473041808.2537848,5175.0,336.09375,9.594068226860458,0.054317720234394,0.5705093741416931
473042408.2537848,1885.0,74.03225806451613,43.406858485936986,0.8438394665718079,0.686228334903717
473043008.2537848,4920.0,338.90625,12.024699180565818,0.6365049481391907,0.5043415427207947
473045408.2537848,8710.0,198.28124999999997,-24.62431835216408,0.1003013253211975,0.6253384947776794
473046008.2537848,8710.0,198.28124999999997,-24.62431835216408,0.0595293268561363,0.6614434123039246
473049008.2537848,11483.0,159.75,-60.4344388449523,0.2950094938278198,0.5892558097839355
473052008.2537848,4793.0,340.3125,13.248014905676952,0.0622810684144496,0.7331769466400146
473052608.2537848,4792.0,337.49999999999994,13.248014905676952,0.1167788654565811,0.5229834318161011
473052608.2537848,4793.0,340.3125,13.248014905676952,0.0977967008948326,0.9220057129859924
473052608.2537848,4919.0,336.09375,12.024699180565818,0.3927819430828094,0.9503764510154724
473052608.2537848,4920.0,338.90625,12.024699180565818,0.246007964015007,0.7293148636817932
473052608.2537848,5048.0,337.49999999999994,10.806922874860348,0.1917943060398101,0.673705518245697
473053208.2537848,4793.0,340.3125,13.248014905676952,0.1765386462211609,0.9851021766662598
473053208.2537848,4919.0,336.09375,12.024699180565818,0.4155256152153015,0.9999985694885254
473053208.2537848,4920.0,338.90625,12.024699180565818,0.4072977006435394,0.8986220359802246
473053208.2537848,5048.0,337.49999999999994,10.806922874860348,0.072258248925209,0.9228910207748413
473064608.2537848,5175.0,336.09375,9.594068226860458,0.1024177893996238,0.9720401167869568
473067008.2537848,511.0,177.1875,66.44353569089877,0.0898767337203025,0.5128630995750427
473073008.2537848,11470.0,101.25,-60.4344388449523,0.9191081523895264,0.5083600282669067
473073608.2537848,11470.0,101.25,-60.4344388449523,0.8483629822731018,0.6773839592933655
473076608.2537848,4919.0,336.09375,12.024699180565818,0.0633800104260444,0.9632494449615479
473076608.2537848,4920.0,338.90625,12.024699180565818,0.1979953646659851,0.8180317282676697
473076608.2537848,5048.0,337.49999999999994,10.806922874860348,0.9276209473609924,0.9404639005661011
473077208.2537848,4410.0,344.53125,16.957763300004146,0.1527458131313324,0.5583623647689819
473084408.2537848,6146.0,187.03124999999991,0.0,0.0675918906927108,0.8337363004684448
473089808.2537848,4061.0,82.96875,19.47122063449069,0.8930734992027283,0.5268280506134033
473090408.2537848,2171.0,165.9375,40.228184728061095,0.1069123521447181,0.951227605342865
473091608.2537848,11333.0,235.22727272727272,-57.39952353962295,0.1765665262937545,0.5119665861129761
473094608.2537848,10703.0,126.96428571428572,-48.1412077943603,0.9893827438354492,0.5986987948417664
473100008.2537848,4936.0,22.500000000000004,10.806922874860348,0.0571207739412784,0.7324578166007996
473102408.2537848,7580.0,258.75,-13.248014905676952,0.0938329100608825,0.5246268510818481
473114408.2537848,8473.0,251.71875,-22.02431283704216,0.5931610465049744,0.6079037189483643
473118008.2537848,4323.0,99.84375,16.957763300004146,0.3105685710906982,0.5137847065925598
473124608.2537848,4478.0,174.37499999999997,15.713861048008212,0.6184059381484985,0.6293515563011169
473127008.2537848,11111.0,88.125,-54.340912303861245,0.0861473456025123,0.7586172223091125
473128808.2537848,9725.0,172.96875,-35.68533471265205,0.0585285909473896,0.7208443284034729
473132408.2537848,2619.0,347.34375,35.68533471265204,0.0572111681103706,0.5042455196380615
473132408.2537848,3636.0,327.65624999999994,24.62431835216408,0.0553547069430351,0.591963529586792
473132408.2537848,4666.0,344.53125,14.477512185929925,0.2585768401622772,0.7890287637710571
473134808.2537848,3933.0,81.56249999999999,20.742379954487134,0.3283848166465759,0.6159272789955139
473140208.2537848,11705.0,156.17647058823528,-64.94808409550689,0.1418485939502716,0.5861239433288574
473149208.2537848,7941.0,195.46874999999997,-16.957763300004146,0.1377919018268585,0.7488033175468445
473154608.2537848,1062.0,197.6086956521739,55.873350435251986,0.3100122809410095,0.6679300665855408
473155208.2537848,5048.0,337.49999999999994,10.806922874860348,0.086301065981388,0.9074327945709229
473155208.2537848,5153.0,274.21875,9.594068226860458,0.2881094515323639,0.5191898941993713
473155208.2537848,5291.0,300.9375,8.385538647081319,0.1296335160732269,0.7303599119186401
473155808.2537848,5153.0,274.21875,9.594068226860458,0.1523286402225494,0.5650373101234436
473156408.2537848,7338.0,298.125,-10.806922874860348,0.6273956298828125,0.829319953918457
473163008.2537848,6366.0,85.78124999999999,-2.388015463268772,0.121634840965271,0.7798473834991455
473163008.2537848,9959.0,111.09375,-38.68218745348943,0.5694674849510193,0.5655156970024109
473175008.2537848,4066.0,97.03125,19.47122063449069,0.1746951341629028,0.5198029279708862
473182208.2537848,3874.0,277.03124999999994,22.02431283704216,0.1951221674680709,0.7084673643112183
473182808.2537848,3874.0,277.03124999999994,22.02431283704216,0.2037409394979477,0.598167359828949
473182808.2537848,7562.0,208.125,-13.248014905676952,0.0759380459785461,0.5553692579269409
473187008.2537848,6884.0,102.65625,-7.180755781458288,0.0973027274012565,0.8721083402633667
473187008.2537848,11766.0,126.5625,-66.44353569089876,0.1335597783327102,0.6631954312324524
473187608.2537848,11307.0,128.86363636363637,-57.39952353962295,0.4947170317173004,0.8256449699401855
473193008.2537848,1189.0,320.625,54.340912303861245,0.5547115206718445,0.6054293513298035
473197808.2537848,4066.0,97.03125,19.47122063449069,0.3891716003417969,0.9178240299224854
473197808.2537848,4067.0,99.84375,19.47122063449069,0.1333686709403991,0.9795330166816711
473197808.2537848,4194.0,95.625,18.209956864283,0.7279907464981079,0.7471910119056702
473197808.2537848,4195.0,98.4375,18.209956864283,0.0539346896111965,0.9051036834716797
473197808.2537848,4322.0,97.03125,16.957763300004146,0.2744248807430267,0.9370899200439453
473203208.2537848,2255.0,43.59375,38.68218745348943,0.0519946441054344,0.7751771211624146
473203808.2537848,4061.0,82.96875,19.47122063449069,0.9858916401863098,0.8480629324913025
473206808.2537848,11709.0,177.3529411764706,-64.94808409550689,0.093355193734169,0.6120200753211975
473209808.2537848,7386.0,74.53125,-12.024699180565818,0.0835255086421966,0.7775513529777527
473212208.2537848,5922.0,277.03124999999994,2.388015463268772,0.3092982470989227,0.7692407965660095
473214713.76826423,4451.0,98.4375,15.713861048008212,0.7869709730148315,0.6232998967170715
473223113.76826423,6565.0,284.0625,-3.583321698471977,0.9113467931747437,0.873314619064331
473223713.76826423,4538.0,343.12499999999994,15.713861048008212,0.0646035224199295,0.6734488606452942
473223713.76826423,4665.0,341.71874999999994,14.47751218592994,0.170635387301445,0.944667398929596
473224913.76826423,4665.0,341.71874999999994,14.47751218592994,0.0650970116257667,0.9980560541152954
473224913.76826423,4666.0,344.53125,14.477512185929925,0.5602266192436218,0.560092568397522
473226113.76826423,4061.0,82.96875,19.47122063449069,0.6783989667892456,0.6769295930862427
473226713.76826423,3933.0,81.56249999999999,20.742379954487134,0.5651772022247314,0.5028492212295532
473226713.76826423,4061.0,82.96875,19.47122063449069,0.7965268492698669,0.7217189073562622
473228513.76826423,10222.0,130.78124999999997,-41.81031489577862,0.0872354805469513,0.6783621907234192
473232113.76826423,11303.0,112.5,-57.39952353962295,0.111463651061058,0.5709580183029175
473232713.76826423,10507.0,238.50000000000003,-44.99388015045713,0.0659567862749099,0.556678056716919
473232713.76826423,11212.0,111.52173913043478,-55.87335043525201,0.0589915253221988,0.7903810143470764
473232713.76826423,11776.0,182.81249999999997,-66.44353569089876,0.0715831145644187,0.5254378914833069
473233313.76826423,10507.0,238.50000000000003,-44.99388015045713,0.1065502688288688,0.7641089558601379
473233313.76826423,11776.0,182.81249999999997,-66.44353569089876,0.0903102532029151,0.71525639295578
473233913.76826423,5007.0,222.18749999999997,10.806922874860348,0.2561335861682892,0.7222171425819397
473236313.76826423,4409.0,341.71874999999994,16.957763300004146,0.1322101503610611,0.9386448264122009
473236313.76826423,4665.0,341.71874999999994,14.47751218592994,0.122096374630928,0.7406275272369385
473236913.76826423,4410.0,344.53125,16.957763300004146,0.2181861400604248,0.611445963382721
473236913.76826423,4665.0,341.71874999999994,14.47751218592994,0.1870802193880081,0.999794065952301
473236913.76826423,4794.0,343.12499999999994,13.248014905676952,0.9171479940414428,0.9538335204124451
473237513.76826423,4794.0,343.12499999999994,13.248014905676952,0.8525812029838562,0.5062844157218933
473241713.76826423,11509.0,276.75,-60.4344388449523,0.0667362287640571,0.6067010760307312
473243513.76826423,10588.0,125.68965517241378,-46.5718474134496,0.1952290087938308,0.566900908946991
473244113.76826423,10347.0,126.29032258064515,-43.40685848593699,0.3166702389717102,0.7390131950378418
473244113.76826423,10588.0,125.68965517241378,-46.5718474134496,0.3597558438777923,0.9958978295326233
473244113.76826423,10703.0,126.96428571428572,-48.1412077943603,0.985176920890808,0.6686620116233826
473244713.76826423,10347.0,126.29032258064515,-43.40685848593699,0.3313284814357757,0.9999409914016724
473244713.76826423,10588.0,125.68965517241378,-46.5718474134496,0.256926953792572,0.9994685053825378
473244713.76826423,10703.0,126.96428571428572,-48.1412077943603,0.9200915694236756,0.9741763472557068
473245313.76826423,10703.0,126.96428571428572,-48.1412077943603,0.2636078596115112,0.8535054922103882
473259113.76826423,4665.0,341.71874999999994,14.47751218592994,0.1501253843307495,0.8104221820831299
473259713.76826423,4665.0,341.71874999999994,14.47751218592994,0.0787427052855491,0.9012014865875244
473261513.76826423,2327.0,246.09374999999991,38.68218745348945,0.0616238117218017,0.7700566053390503
473266313.76826423,3805.0,82.96875,22.02431283704216,0.1628047972917556,0.807231605052948
473271113.76826423,4410.0,344.53125,16.957763300004146,0.0598749294877052,0.7092064023017883
473274113.76826423,8324.0,191.25,-20.742379954487134,0.2801145017147064,0.8260459303855896
473274113.76826423,8448.0,181.40624999999997,-22.02431283704216,0.175103560090065,0.5960503220558167
473274113.76826423,9450.0,119.53125,-32.79716829582364,0.0514947213232517,0.8181294798851013
473274713.76826423,8324.0,191.25,-20.742379954487134,0.2683505713939667,0.8719773888587952
473277113.76826423,10347.0,126.29032258064515,-43.40685848593699,0.3854552507400512,0.7943084836006165
473277113.76826423,10588.0,125.68965517241378,-46.5718474134496,0.2266700267791748,0.9919905066490173
473277113.76826423,10703.0,126.96428571428572,-48.1412077943603,0.9835024476051332,0.9234126210212708
473277713.76826423,10347.0,126.29032258064515,-43.40685848593699,0.143574371933937,0.7464012503623962
473277713.76826423,10588.0,125.68965517241378,-46.5718474134496,0.234514057636261,0.8282497525215149
473277713.76826423,10703.0,126.96428571428572,-48.1412077943603,0.9406748414039612,0.6482864022254944
473278313.76826423,10703.0,126.96428571428572,-48.1412077943603,0.9657828211784364,0.6251614093780518
473294513.76826423,3805.0,82.96875,22.02431283704216,0.1568089723587036,0.6492589712142944
473295113.76826423,2243.0,9.84375,38.68218745348945,0.1494484990835189,0.5703603625297546
473295113.76826423,3805.0,82.96875,22.02431283704216,0.0910459235310554,0.6813358068466187
473300513.76826423,11197.0,52.826086956521735,-55.87335043525201,0.0885531455278396,0.7386251091957092
473301113.76826423,10221.0,127.96874999999996,-41.81031489577862,0.1774790436029434,0.5017042756080627
473301713.76826423,10221.0,127.96874999999996,-41.81031489577862,0.082955002784729,0.6549587249755859
473301713.76826423,10347.0,126.29032258064515,-43.40685848593699,0.1768079698085785,0.9858919978141785
473301713.76826423,10470.0,127.5,-44.99388015045713,0.175420805811882,0.8603134155273438
473304113.76826423,4786.0,320.625,13.248014905676952,0.0523236282169818,0.7676020860671997
473304713.76826423,4539.0,345.9375,15.713861048008212,0.1016126200556755,0.5164368152618408
473305313.76826423,4539.0,345.9375,15.713861048008212,0.1047120913863182,0.5037975311279297
473309513.76826423,9497.0,251.71875,-32.79716829582367,0.215108260512352,0.6194468140602112
473316113.76826423,4539.0,345.9375,15.713861048008212,0.0868535712361335,0.7998287081718445
473316113.76826423,4665.0,341.71874999999994,14.47751218592994,0.0711893737316131,0.9478190541267395
473316713.76826423,4538.0,343.12499999999994,15.713861048008212,0.19916433095932,0.5851989388465881
473316713.76826423,4666.0,344.53125,14.477512185929925,0.3372637033462524,0.6270868182182312
473317313.76826423,4538.0,343.12499999999994,15.713861048008212,0.0631354078650474,0.6290152072906494
473320313.76826423,12064.0,331.3636363636364,-73.86549608859849,0.0892157554626464,0.5491903424263
473323313.76826423,4322.0,97.03125,16.957763300004146,0.1034752056002616,0.796604335308075
473323313.76826423,8681.0,116.71875,-24.62431835216408,0.3543513119220733,0.768661618232727
473323313.76826423,10347.0,126.29032258064515,-43.40685848593699,0.1262783408164978,0.7058833241462708
473323913.76826423,8681.0,116.71875,-24.62431835216408,0.0878200829029083,0.7617106437683105
473324513.76826423,8426.0,119.53125,-22.02431283704216,0.0505035333335399,0.9078530669212341
473327513.76826423,4282.0,343.12499999999994,18.209956864283,0.0708561688661575,0.8093955516815186
473327513.76826423,4410.0,344.53125,16.957763300004146,0.0588821358978748,0.6628320813179016
473327513.76826423,4539.0,345.9375,15.713861048008212,0.069572776556015,0.6166253685951233
473328113.76826423,4147.0,324.84375,19.47122063449069,0.4997497797012329,0.6594481468200684
473328113.76826423,4409.0,341.71874999999994,16.957763300004146,0.1108936965465545,0.6029031872749329
473329913.76826423,1185.0,305.625,54.340912303861245,0.3444782197475433,0.9007916450500488
473329913.76826423,4322.0,97.03125,16.957763300004146,0.0730321109294891,0.6321238875389099
473335313.76826423,10204.0,80.15625,-41.81031489577862,0.094185896217823,0.5301651954650879
473335313.76826423,10588.0,125.68965517241378,-46.5718474134496,0.1676349937915802,0.632771909236908
473335313.76826423,10703.0,126.96428571428572,-48.1412077943603,0.9696617722511292,0.7382318377494812
473341313.76826423,2758.0,18.281250000000004,32.797168295823646,0.2498070895671844,0.9158526659011841
473350913.76826423,2511.0,43.59374999999999,35.68533471265204,0.1697469800710678,0.6046757698059082
473358713.76826423,8450.0,187.03124999999991,-22.02431283704216,0.090080015361309,0.7002007365226746
473360513.76826423,6432.0,271.40624999999994,-2.388015463268772,0.058357261121273,0.8096030354499817
473365913.76826423,11546.0,87.63157894736842,-61.94383702315673,0.0984007865190506,0.5692999362945557
473366513.76826423,11546.0,87.63157894736842,-61.94383702315673,0.0688537061214447,0.6543003916740417
473368313.76826423,7905.0,94.21875,-16.957763300004146,0.0529657825827598,0.9981118440628052
473368913.76826423,7905.0,94.21875,-16.957763300004146,0.074763186275959,0.954108715057373
473369513.76826423,4066.0,97.03125,19.47122063449069,0.2418704479932785,0.8901177048683167
473369513.76826423,8799.0,87.18749999999999,-25.944479772370016,0.2089317888021469,0.6384308338165283
473374913.76826423,3805.0,82.96875,22.02431283704216,0.1057039052248001,0.5824731588363647
473374913.76826423,3933.0,81.56249999999999,20.742379954487134,0.0527186542749404,0.6853417754173279
473375513.76826423,3933.0,81.56249999999999,20.742379954487134,0.1990935206413269,0.5478082299232483
473383913.76826423,1270.0,253.8,52.80185378173063,0.1130144000053405,0.7960094809532166
473384513.76826423,1270.0,253.8,52.80185378173063,0.0587959103286266,0.8602603077888489
473385713.76826423,162.0,184.99999999999997,76.81353334098655,0.0613028407096862,0.9586394429206848
473386313.76826423,4067.0,99.84375,19.47122063449069,0.528618335723877,0.691818118095398
473391113.76826423,10700.0,117.32142857142856,-48.1412077943603,0.0724060982465744,0.8064273595809937
473395313.76826423,7969.0,274.21875,-16.957763300004146,0.2109257280826568,0.6967907547950745
473395313.76826423,8349.0,261.56249999999994,-20.742379954487134,0.6640701293945312,0.6715095043182373
473403713.76826423,3805.0,82.96875,22.02431283704216,0.1334629356861114,0.6374294757843018
473407313.76826423,7841.0,272.8125,-15.713861048008212,0.9528238773345948,0.5281171202659607
473407313.76826423,8097.0,272.8125,-18.209956864283,0.8815639615058899,0.8342815041542053
473416313.76826423,10590.0,131.89655172413794,-46.5718474134496,0.8204630613327026,0.513737678527832
473416913.76826423,11882.0,93.21428571428572,-69.4225464945822,0.0513220652937889,0.6932812929153442
473418713.76826423,4409.0,341.71874999999994,16.957763300004146,0.0761401578783989,0.5199682712554932
473418713.76826423,4538.0,343.12499999999994,15.713861048008212,0.5439342260360718,0.548419177532196
473424113.76826423,11731.0,293.8235294117647,-64.94808409550689,0.058904230594635,0.5836552977561951
473425913.76826423,11121.0,125.625,-54.340912303861245,0.6061357855796814,0.762108564376831
473430713.76826423,1630.0,20.172413793103452,46.57184741344958,0.1006544828414917,0.661916196346283
473430713.76826423,4409.0,341.71874999999994,16.957763300004146,0.0816714763641357,0.5098848938941956
473430713.76826423,4410.0,344.53125,16.957763300004146,0.0793775990605354,0.8521762490272522
473438513.76826423,10222.0,130.78124999999997,-41.81031489577862,0.1054191291332244,0.6887120604515076
473438513.76826423,10590.0,131.89655172413794,-46.5718474134496,0.2827425003051758,0.5378894805908203
473439113.76826423,10470.0,127.5,-44.99388015045713,0.0604525730013847,0.5539901256561279
473439113.76826423,10589.0,128.79310344827587,-46.5718474134496,0.1225715950131416,0.9411109089851379
473439113.76826423,10590.0,131.89655172413794,-46.5718474134496,0.159029871225357,0.9820377826690674
473443913.76826423,330.0,128.0769230769231,70.90666664467562,0.1116871610283851,0.5676215291023254
473444513.76826423,2263.0,66.09375,38.68218745348943,0.1151154488325119,0.570576548576355
473449913.76826423,10347.0,126.29032258064515,-43.40685848593699,0.2352550476789474,0.6637366414070129
473449913.76826423,10588.0,125.68965517241378,-46.5718474134496,0.1860478818416595,0.9812532067298889
473449913.76826423,11206.0,88.04347826086958,-55.87335043525198,0.1430597305297851,0.9900788068771362
473450513.76826423,10347.0,126.29032258064515,-43.40685848593699,0.1365401744842529,0.9417390823364258
473450513.76826423,10588.0,125.68965517241378,-46.5718474134496,0.08195361495018,0.9877963066101074
473450513.76826423,11206.0,88.04347826086958,-55.87335043525198,0.0633386000990867,0.9813210368156433
473461913.76826423,6917.0,195.46874999999997,-7.180755781458288,0.075065754354,0.8111343383789062
473463713.76826423,8106.0,298.125,-18.209956864283,0.0562885031104087,0.6795192360877991
473466113.76826423,834.0,335.25,60.43443884495228,0.3093087673187256,0.5246297121047974
473467313.76826423,834.0,335.25,60.43443884495228,0.1147558689117431,0.756820559501648
473473313.76826423,10347.0,126.29032258064515,-43.40685848593699,0.8031139373779297,0.8367586731910706
473475113.76826423,4389.0,285.46875,16.957763300004146,0.1296862363815307,0.7295669913291931
473475713.76826423,1707.0,259.13793103448273,46.57184741344958,0.0815734341740608,0.5816625356674194
473475713.76826423,2462.0,264.375,37.16889965599945,0.2875164151191711,0.5530489683151245
473476913.76826423,672.0,302.5,63.44828368030106,0.2162308692932129,0.5967608094215393
473476913.76826423,4410.0,344.53125,16.957763300004146,0.0686058029532432,0.7450214624404907
473484713.76826423,10347.0,126.29032258064515,-43.40685848593699,0.5245781540870667,0.972724199295044
473484713.76826423,10588.0,125.68965517241378,-46.5718474134496,0.3083553910255432,0.7747856974601746
473484713.76826423,10590.0,131.89655172413794,-46.5718474134496,0.6533192992210388,0.5352668762207031
473484713.76826423,10703.0,126.96428571428572,-48.1412077943603,0.9960097074508668,0.9076966047286987
473487113.76826423,7085.0,306.56249999999994,-8.385538647081319,0.1555434614419937,0.8101782202720642
473487713.76826423,4282.0,343.12499999999994,18.209956864283,0.361604243516922,0.8649999499320984
473487713.76826423,4409.0,341.71874999999994,16.957763300004146,0.0732959136366844,0.9269348382949829
473488313.76826423,904.0,276.42857142857144,58.91977535280315,0.1742093563079834,0.5410812497138977
473488313.76826423,4282.0,343.12499999999994,18.209956864283,0.0799496993422508,0.6249700784683228
473488913.76826423,904.0,276.42857142857144,58.91977535280315,0.3841061592102051,0.6809154748916626
473494313.76826423,8656.0,46.40625,-24.62431835216408,0.0549585372209548,0.563555896282196
473494913.76826423,3933.0,81.56249999999999,20.742379954487134,0.2850503623485565,0.63355952501297
473500313.76826423,1539.0,88.39285714285714,48.14120779436029,0.0777069106698036,0.5479676127433777
473504513.76826423,10488.0,181.49999999999997,-44.99388015045713,0.8880777955055237,0.5651384592056274
473505113.76826423,11476.0,128.25,-60.4344388449523,0.0513749457895755,0.6047344207763672
473522513.76826423,4538.0,343.12499999999994,15.713861048008212,0.1149706095457077,0.6097767949104309
473523113.76826423,4409.0,341.71874999999994,16.957763300004146,0.902349591255188,0.5457865595817566
473529113.76826423,3677.0,81.56249999999999,23.31795706533424,0.1198014393448829,0.7858478426933289
473530313.76826423,10588.0,125.68965517241378,-46.5718474134496,0.1780807077884674,0.884545087814331
473535113.76826423,312.0,3.4615384615384612,70.90666664467562,0.0528777092695236,0.5323526859283447
473535113.76826423,3803.0,77.34375,22.02431283704216,0.7439889907836914,0.5454321503639221
473535713.76826423,312.0,3.4615384615384612,70.90666664467562,0.0596882104873657,0.9029673337936401
473536313.76826423,5506.0,185.62499999999997,5.979156796301311,0.0523741580545902,0.6180936694145203
473536913.76826423,10252.0,215.15624999999991,-41.81031489577862,0.1603699624538421,0.5112248063087463
473537513.76826423,10377.0,213.3870967741935,-43.40685848593699,0.2119390368461609,0.7530977129936218
473537513.76826423,10378.0,216.29032258064515,-43.40685848593699,0.0554063320159912,0.8854982256889343
473540513.76826423,3805.0,82.96875,22.02431283704216,0.0615151822566986,0.5651705861091614
473540513.76826423,3934.0,84.37499999999999,20.74237995448715,0.0767823085188865,0.5254653096199036
473540513.76826423,4061.0,82.96875,19.47122063449069,0.3371848165988922,0.7478350400924683
473540513.76826423,10588.0,125.68965517241378,-46.5718474134496,0.2587940990924835,0.6861650943756104
473541113.76826423,3805.0,82.96875,22.02431283704216,0.0726994574069976,0.5033460855484009
473541113.76826423,3934.0,84.37499999999999,20.74237995448715,0.0826826021075248,0.5992071032524109
473550713.76826423,11627.0,117.5,-63.448283680301046,0.3996665775775909,0.5419458746910095
473550713.76826423,11698.0,119.11764705882352,-64.94808409550689,0.912889003753662,0.717217206954956
473551313.76826423,11698.0,119.11764705882352,-64.94808409550689,0.7136377096176147,0.510331392288208
473556113.76826423,4282.0,343.12499999999994,18.209956864283,0.0691005513072013,0.9990144968032837
473556113.76826423,4409.0,341.71874999999994,16.957763300004146,0.1991091966629028,0.8383683562278748
473556113.76826423,4538.0,343.12499999999994,15.713861048008212,0.0654605031013488,0.8319321274757385
473556113.76826423,4539.0,345.9375,15.713861048008212,0.2656569480895996,0.9814074039459229
473556713.76826423,988.0,263.8636363636364,57.39952353962294,0.060329545289278,0.6279288530349731
473556713.76826423,4035.0,9.843750000000002,19.47122063449069,0.1838294565677642,0.583154559135437
473556713.76826423,4282.0,343.12499999999994,18.209956864283,0.0638717710971832,0.9824549555778503
473556713.76826423,4409.0,341.71874999999994,16.957763300004146,0.6095402240753174,0.9143633246421814
473556713.76826423,4410.0,344.53125,16.957763300004146,0.0581601001322269,0.7470852136611938
473556713.76826423,4538.0,343.12499999999994,15.713861048008212,0.1049754172563552,0.580721378326416
473556713.76826423,4539.0,345.9375,15.713861048008212,0.3764160871505737,0.9400642514228821
473557313.76826423,988.0,263.8636363636364,57.39952353962294,0.0553344152867794,0.9106734991073608
473557313.76826423,4035.0,9.843750000000002,19.47122063449069,0.1882484853267669,0.8939531445503235
473557313.76826423,4409.0,341.71874999999994,16.957763300004146,0.378019630908966,0.5974113941192627
473557313.76826423,4538.0,343.12499999999994,15.713861048008212,0.0503033325076103,0.5690937638282776
473558513.76826423,1329.0,102.1153846153846,51.25580694880489,0.3436703383922577,0.9866889119148254
473565113.76826423,10347.0,126.29032258064515,-43.40685848593699,0.1238413080573082,0.5035804510116577
473566313.76826423,6313.0,295.3125,-1.1937484371410818,0.0711782723665237,0.5073067545890808
473568113.76826423,526.0,261.5625,66.44353569089877,0.24042309820652,0.6456453800201416
473568113.76826423,4538.0,343.12499999999994,15.713861048008212,0.0881055295467376,0.5330706834793091
473568713.76826423,526.0,261.5625,66.44353569089877,0.1019210517406463,0.648090124130249
473568713.76826423,4538.0,343.12499999999994,15.713861048008212,0.0551023669540882,0.9745879769325256
473568713.76826423,4539.0,345.9375,15.713861048008212,0.3343450725078583,0.9894726872444153
473569913.76826423,1085.0,287.60869565217394,55.873350435252,0.223588228225708,0.5077648162841797
473579513.76826423,4409.0,341.71874999999994,16.957763300004146,0.0959965139627456,0.7873238921165466
473579513.76826423,4665.0,341.71874999999994,14.47751218592994,0.0947364941239357,0.6954914927482605
473585513.76826423,9678.0,40.781249999999986,-35.68533471265205,0.0814290642738342,0.5928981900215149
473586113.76826423,8553.0,115.31249999999996,-23.31795706533424,0.2137732207775116,0.636349081993103
473589713.76826423,8352.0,270.0,-20.742379954487134,0.0663038119673729,0.5862536430358887
473596313.76826423,12045.0,175.9090909090909,-73.86549608859849,0.0979485511779785,0.5749695301055908
473599313.76826423,10348.0,129.19354838709677,-43.40685848593699,0.0564696006476879,0.8438265323638916
473599313.76826423,10588.0,125.68965517241378,-46.5718474134496,0.1172200590372085,0.9773049354553223
473599313.76826423,10590.0,131.89655172413794,-46.5718474134496,0.0661350861191749,0.5126935243606567
473601113.76826423,4666.0,344.53125,14.477512185929925,0.0730004012584686,0.5369272828102112
473601713.76826423,4538.0,343.12499999999994,15.713861048008212,0.1040643900632858,0.5359609127044678
473601713.76826423,4665.0,341.71874999999994,14.47751218592994,0.8827905058860779,0.9558495283126831
473601713.76826423,4666.0,344.53125,14.477512185929925,0.4054888784885406,0.7685621976852417
473601713.76826423,4794.0,343.12499999999994,13.248014905676952,0.4954060614109039,0.5267555713653564
473602313.76826423,4282.0,343.12499999999994,18.209956864283,0.0887020006775856,0.6998704671859741
473602313.76826423,4409.0,341.71874999999994,16.957763300004146,0.1433344036340713,0.7012054324150085
473602313.76826423,4665.0,341.71874999999994,14.47751218592994,0.7591874003410339,0.9985554814338684
473602313.76826423,4794.0,343.12499999999994,13.248014905676952,0.7977671027183533,0.6375458836555481
473622113.76826423,8540.0,78.75,-23.31795706533424,0.160423532128334,0.6346374750137329
473629313.76826423,9989.0,195.46874999999997,-38.68218745348943,0.0938254296779632,0.5185222029685974
473633513.76826423,10347.0,126.29032258064515,-43.40685848593699,0.4762818813323974,0.9871515035629272
473633513.76826423,10349.0,132.09677419354838,-43.40685848593699,0.0630673542618751,0.5179916620254517
473633513.76826423,10588.0,125.68965517241378,-46.5718474134496,0.2543404400348663,0.9931545257568359
473633513.76826423,10589.0,128.79310344827587,-46.5718474134496,0.1814979761838913,0.87444669008255
473633513.76826423,10590.0,131.89655172413794,-46.5718474134496,0.1553446650505066,0.8977183699607849
473634113.76826423,2217.0,295.3125,40.228184728061095,0.0889123156666755,0.6350616216659546
473634113.76826423,10347.0,126.29032258064515,-43.40685848593699,0.1002272889018058,0.9958731532096863
473634713.76826423,3492.0,281.24999999999994,25.94447977237,0.2022429704666137,0.5118126273155212
473636513.76826423,4410.0,344.53125,16.957763300004146,0.0659859031438827,0.7731584906578064
473637113.76826423,4410.0,344.53125,16.957763300004146,0.0581794157624244,0.7289656400680542
473637113.76826423,4538.0,343.12499999999994,15.713861048008212,0.0570733733475208,0.855229377746582
473647313.76826423,1498.0,315.0,49.70239032663069,0.1176899224519729,0.6196682453155518
473647313.76826423,9250.0,277.03124999999994,-30.000000000000018,0.7123894095420837,0.6105180978775024
473647913.76826423,4263.0,289.6875,18.209956864283015,0.0633832141757011,0.7149827480316162
473656313.76826423,5857.0,94.21875,2.388015463268772,0.0554733127355575,0.6725417375564575
473656313.76826423,10590.0,131.89655172413794,-46.5718474134496,0.1278154402971267,0.5637495517730713
473659313.76826423,4283.0,345.9375,18.209956864283,0.0663889572024345,0.7828629016876221
473660513.76826423,2645.0,59.0625,34.228866327812575,0.1899319291114807,0.5708010196685791
473662913.76826423,7304.0,202.49999999999991,-10.806922874860348,0.0859334841370582,0.8737809062004089
473665313.76826423,10803.0,91.66666666666669,-49.702390326630706,0.1096644252538681,0.6508572697639465
473665913.76826423,10803.0,91.66666666666669,-49.702390326630706,0.1629370599985122,0.9724655151367188
473667113.76826423,3805.0,82.96875,22.02431283704216,0.0975380912423133,0.5347148180007935
473667713.76826423,10347.0,126.29032258064515,-43.40685848593699,0.3177699148654938,0.9463447332382202
473677913.76826423,3806.0,85.78124999999999,22.02431283704216,0.2157346755266189,0.5694926977157593
473678513.76826423,8539.0,75.9375,-23.31795706533424,0.0875827744603157,0.9223191738128662
473678513.76826423,10590.0,131.89655172413794,-46.5718474134496,0.8463202714920044,0.7185724973678589
473679113.76826423,10590.0,131.89655172413794,-46.5718474134496,0.8712040781974792,0.9617197513580322
473681513.76826423,2364.0,350.15625,38.68218745348945,0.0575410462915897,0.6131706237792969
473681513.76826423,4666.0,344.53125,14.477512185929925,0.0502837263047695,0.5175513029098511
473682113.76826423,4409.0,341.71874999999994,16.957763300004146,0.2098980844020843,0.5507863163948059
473688713.76826423,11208.0,95.8695652173913,-55.87335043525198,0.0625684559345245,0.5273153781890869
473689313.76826423,11208.0,95.8695652173913,-55.87335043525198,0.1078015640377998,0.7614831924438477
473694113.76826423,1830.0,271.5,44.99388015045713,0.247436374425888,0.6560978889465332
473694113.76826423,2990.0,309.375,31.38816646434855,0.1775588095188141,0.5634803175926208
473711513.76826423,7392.0,91.40625,-12.024699180565818,0.1973349153995514,0.735078752040863
473712113.76826423,7393.0,94.21875,-12.024699180565818,0.0506979972124099,0.5099970698356628
473713313.76826423,10221.0,127.96874999999996,-41.81031489577862,0.0896407216787338,0.5626517534255981
473719913.76826423,11610.0,32.5,-63.448283680301046,0.3298090100288391,0.7194103002548218
473719913.76826423,11681.0,29.11764705882352,-64.94808409550689,0.3228115737438202,0.7228214740753174
473720513.76826423,11610.0,32.5,-63.448283680301046,0.2793276309967041,0.7832672595977783
473720513.76826423,11681.0,29.11764705882352,-64.94808409550689,0.2218301445245742,0.7371841073036194
473721113.76826423,11100.0,46.875,-54.340912303861245,0.0707533210515976,0.7468892335891724
473726513.76826423,3862.0,243.28124999999991,22.02431283704216,0.1045590415596962,0.5470589399337769
473736113.76826423,10221.0,127.96874999999996,-41.81031489577862,0.3703348636627197,0.5051057934761047
473736113.76826423,10590.0,131.89655172413794,-46.5718474134496,0.1894773244857788,0.6167271733283997
473737913.76826423,10140.0,258.75,-40.22818472806111,0.9942850470542908,0.7257959842681885
473743313.76826423,11750.0,36.5625,-66.44353569089876,0.0558829456567764,0.6751047968864441
473743313.76826423,11814.0,39.00000000000001,-67.93492864899142,0.873076856136322,0.5087786316871643
473746913.76826423,10221.0,127.96874999999996,-41.81031489577862,0.1143900901079177,0.6955536603927612
473747513.76826423,10347.0,126.29032258064515,-43.40685848593699,0.2154871523380279,0.9617618322372437
473748113.76826423,10347.0,126.29032258064515,-43.40685848593699,0.0651022046804428,0.9675004482269287
473758913.76826423,10221.0,127.96874999999996,-41.81031489577862,0.0592230334877967,0.5548734068870544
473758913.76826423,10470.0,127.5,-44.99388015045713,0.0567890331149101,0.7424685955047607
473758913.76826423,10589.0,128.79310344827587,-46.5718474134496,0.3131297826766968,0.7774180769920349
473759513.76826423,10589.0,128.79310344827587,-46.5718474134496,0.1075645014643669,0.8093236684799194
473762513.76826423,4794.0,343.12499999999994,13.248014905676952,0.4890993237495422,0.7654990553855896
473770913.76826423,11462.0,65.25,-60.4344388449523,0.122054673731327,0.5924124121665955
473773313.76826423,897.0,246.42857142857147,58.91977535280315,0.5592723488807678,0.9964697360992432
473776313.76826423,1825.0,256.5,44.99388015045713,0.0592923387885093,0.9027212858200073
473776913.76826423,6789.0,194.06249999999991,-5.979156796301311,0.4750851392745971,0.6132937073707581
473781713.76826423,10588.0,125.68965517241378,-46.5718474134496,0.8283424973487854,0.8775532841682434
473782313.76826423,10347.0,126.29032258064515,-43.40685848593699,0.5963908433914185,0.9356550574302673
473782313.76826423,10588.0,125.68965517241378,-46.5718474134496,0.106698140501976,0.9955677390098572
473782313.76826423,10703.0,126.96428571428572,-48.1412077943603,0.9717779755592346,0.673762321472168
473784713.76826423,1825.0,256.5,44.99388015045713,0.0649661570787429,0.7136059999465942
473793713.76826423,10347.0,126.29032258064515,-43.40685848593699,0.5006386637687683,0.5993973016738892
473794913.76826423,2982.0,286.87499999999994,31.38816646434855,0.0719474107027053,0.805202841758728
473800913.76826423,11309.0,137.04545454545453,-57.39952353962295,0.2950656712055206,0.6028968691825867
473800913.76826423,11396.0,139.28571428571428,-58.91977535280316,0.0650214403867721,0.5749082565307617
473804513.76826423,4451.0,98.4375,15.713861048008212,0.9572952389717102,0.5066088438034058
473805113.76826423,10590.0,131.89655172413794,-46.5718474134496,0.8490647673606873,0.6993258595466614
473805713.76826423,5008.0,224.99999999999997,10.806922874860348,0.1452837139368057,0.6737598776817322
473807513.76826423,523.0,244.68749999999997,66.44353569089877,0.9342446327209472,0.7787010073661804
473809913.76826423,4195.0,98.4375,18.209956864283,0.08548004925251,0.8055062890052795
473810513.76826423,6916.0,192.65624999999997,-7.180755781458288,0.1133043467998504,0.7063859105110168
473816513.76826423,10347.0,126.29032258064515,-43.40685848593699,0.2061372399330139,0.9353027939796448
473816513.76826423,10349.0,132.09677419354838,-43.40685848593699,0.0640633851289749,0.5255513191223145
473816513.76826423,10590.0,131.89655172413794,-46.5718474134496,0.1018741875886917,0.570563018321991
473828362.1027873,10348.0,129.19354838709677,-43.40685848593699,0.0680684521794319,0.7516120076179504
473828362.1027873,10589.0,128.79310344827587,-46.5718474134496,0.1071730107069015,0.9654921293258667
473831362.1027873,4538.0,343.12499999999994,15.713861048008212,0.0518732853233814,0.609054684638977
473834362.1027873,10347.0,126.29032258064515,-43.40685848593699,0.2686685621738434,0.5180912613868713
473834962.1027873,10347.0,126.29032258064515,-43.40685848593699,0.0866734683513641,0.6080288887023926
473837962.1027873,11985.0,71.25,-72.38756092964962,0.0692648440599441,0.6756508946418762
473838562.1027873,10347.0,126.29032258064515,-43.40685848593699,0.8534039855003357,0.7202089428901672
473841562.1027873,1953.0,271.45161290322585,43.406858485936986,0.2593196332454681,0.5332737565040588
473842162.1027873,1953.0,271.45161290322585,43.406858485936986,0.151312917470932,0.8899035453796387
473842762.1027873,2490.0,343.12499999999994,37.16889965599945,0.1724263727664947,0.7487258911132812
473843962.1027873,857.0,74.99999999999999,58.91977535280315,0.077291652560234,0.673466682434082
473849962.1027873,7398.0,108.28125,-12.024699180565818,0.4137488007545471,0.5210912823677063
473850562.1027873,7398.0,108.28125,-12.024699180565818,0.092551365494728,0.5597569942474365
473850562.1027873,10347.0,126.29032258064515,-43.40685848593699,0.0948778539896011,0.9426397681236267
473850562.1027873,10588.0,125.68965517241378,-46.5718474134496,0.1085042282938957,0.822193443775177
473852962.1027873,2220.0,303.75,40.228184728061095,0.1190066039562225,0.6781315803527832
473855962.1027873,1008.0,345.6818181818182,57.39952353962294,0.1522388756275177,0.5783361792564392
473861962.1027873,10349.0,132.09677419354838,-43.40685848593699,0.078660100698471,0.7403387427330017
473862562.1027873,7268.0,101.25,-10.806922874860348,0.1462692022323608,0.6960784196853638
473865562.1027873,464.0,267.00000000000006,67.93492864899142,0.1231374815106391,0.6690915822982788
473873362.1027873,7266.0,95.625,-10.806922874860348,0.0850902497768402,0.5274000763893127
473887762.1027873,1738.0,355.34482758620686,46.57184741344958,0.3428392112255096,0.6197631359100342
473888362.1027873,1738.0,355.34482758620686,46.57184741344958,0.1806592047214508,0.537051796913147
473891362.1027873,11457.0,42.75,-60.4344388449523,0.3617062866687774,0.7332463264465332
473891962.1027873,11457.0,42.75,-60.4344388449523,0.1393624991178512,0.8249979615211487
473897962.1027873,1855.0,346.5,44.99388015045713,0.2055948674678802,0.6196271777153015
473899162.1027873,5409.0,274.21875,7.180755781458288,0.1179715245962143,0.5648122429847717
473899762.1027873,1273.0,264.6,52.801853781730635,0.1329426169395446,0.5398908257484436
473899762.1027873,4410.0,344.53125,16.957763300004146,0.0562731921672821,0.6574384570121765
473899762.1027873,5932.0,305.15625,2.388015463268772,0.0655226036906242,0.7239195704460144
473899762.1027873,6438.0,288.28125,-2.388015463268772,0.0960178971290588,0.6995006799697876
473900362.1027873,4519.0,289.6875,15.713861048008212,0.0985853895545005,0.5648081302642822
473902162.1027873,209.0,265.5,75.34073424154306,0.153331384062767,0.5339525938034058
473902762.1027873,5282.0,275.625,8.385538647081319,0.1765576601028442,0.5024253726005554
473903962.1027873,5428.0,327.65624999999994,7.180755781458288,0.0581238940358161,0.5353759527206421
473905162.1027873,4666.0,344.53125,14.477512185929925,0.1166731342673301,0.6661254167556763
473905162.1027873,8486.0,288.28125,-22.02431283704216,0.0754748806357383,0.590804398059845
473905762.1027873,4275.0,323.4375,18.209956864283,0.0767820253968238,0.5553154349327087
473905762.1027873,4653.0,307.96875,14.477512185929925,0.0685653984546661,0.659935712814331
473906362.1027873,2857.0,296.71874999999994,32.79716829582364,0.0683271065354347,0.5894155502319336
473907562.1027873,10470.0,127.5,-44.99388015045713,0.0993754342198371,0.9840467572212219
473907562.1027873,10589.0,128.79310344827587,-46.5718474134496,0.3943825364112854,0.9789405465126038
473907562.1027873,10590.0,131.89655172413794,-46.5718474134496,0.7194071412086487,0.8047306537628174
473907562.1027873,10703.0,126.96428571428572,-48.1412077943603,0.9907562136650084,0.9943488240242004
473908162.1027873,10588.0,125.68965517241378,-46.5718474134496,0.0549140833318233,0.5957068800926208
473908162.1027873,10589.0,128.79310344827587,-46.5718474134496,0.2595495879650116,0.8434669971466064
473908162.1027873,10703.0,126.96428571428572,-48.1412077943603,0.9551370739936828,0.9999616146087646
473908162.1027873,10704.0,130.17857142857142,-48.1412077943603,0.6892549991607666,0.6267041563987732
473909362.1027873,819.0,267.75,60.43443884495228,0.1005874872207641,0.836979866027832
473909962.1027873,4538.0,343.12499999999994,15.713861048008212,0.0784497708082199,0.5033562779426575
473915362.1027873,11156.0,256.875,-54.340912303861245,0.0692010223865509,0.6616959571838379
473917762.1027873,6989.0,36.5625,-8.385538647081319,0.1102485433220863,0.8085581660270691
473919562.1027873,582.0,203.8235294117647,64.94808409550687,0.0569327175617218,0.5516523718833923
473920162.1027873,582.0,203.8235294117647,64.94808409550687,0.5513421297073364,0.8322892785072327
473920162.1027873,5136.0,226.40624999999997,9.594068226860458,0.2329929172992706,0.5331381559371948
473920762.1027873,582.0,203.8235294117647,64.94808409550687,0.301096647977829,0.8561235666275024
473921962.1027873,608.0,341.4705882352941,64.94808409550687,0.1218776851892471,0.678415060043335
473923762.1027873,3034.0,74.53125,30.000000000000007,0.0723162665963172,0.8919179439544678
473927362.1027873,9793.0,2.8125000000000004,-37.168899655999454,0.0572556890547275,0.8326968550682068
473932162.1027873,6427.0,257.34375,-2.388015463268772,0.0775162950158119,0.516268789768219
473932762.1027873,4410.0,344.53125,16.957763300004146,0.6320897340774536,0.7930057048797607
473932762.1027873,6427.0,257.34375,-2.388015463268772,0.0542980320751667,0.7940898537635803
473933362.1027873,4154.0,344.53125,19.47122063449069,0.2731799185276031,0.7498872876167297
473939362.1027873,7246.0,39.375,-10.806922874860348,0.1135585978627204,0.5321711897850037
473939362.1027873,7374.0,40.781249999999986,-12.024699180565818,0.068762794137001,0.7816340923309326
473939962.1027873,8162.0,97.03125,-19.47122063449069,0.1387412846088409,0.5339769721031189
473940562.1027873,3677.0,81.56249999999999,23.31795706533424,0.071052499115467,0.5164760947227478
473951962.1027873,10559.0,35.68965517241379,-46.5718474134496,0.0799917876720428,0.5980096459388733
473963362.1027873,8662.0,63.28125,-24.62431835216408,0.0566508471965789,0.6646612882614136
473965162.1027873,7940.0,192.65624999999997,-16.957763300004146,0.0589862540364265,0.5276996493339539
473972362.1027873,7587.0,278.4375,-13.248014905676952,0.5382933616638184,0.6426374912261963
473975362.1027873,4066.0,97.03125,19.47122063449069,0.0921511724591255,0.9950348138809204
473975362.1027873,4322.0,97.03125,16.957763300004146,0.0558579005300998,0.8042744994163513
473976562.1027873,9478.0,198.28125,-32.79716829582364,0.3720938861370086,0.7674339413642883
473976562.1027873,9607.0,199.68749999999997,-34.2288663278126,0.106466457247734,0.8535810708999634
473976562.1027873,11894.0,170.35714285714286,-69.4225464945822,0.1056929156184196,0.5878599882125854
473977162.1027873,7191.0,246.09374999999991,-9.594068226860458,0.0502562560141086,0.5352505445480347
473977762.1027873,5919.0,268.59375,2.388015463268772,0.0804429128766059,0.5123328566551208
473978362.1027873,4538.0,343.12499999999994,15.713861048008212,0.082811139523983,0.89104825258255
473978362.1027873,6816.0,270.0,-5.979156796301311,0.1056738495826721,0.8055002093315125
473978962.1027873,4538.0,343.12499999999994,15.713861048008212,0.0634006932377815,0.705328106880188
473980762.1027873,741.0,272.3684210526316,61.9438370231567,0.2375333160161972,0.6016929745674133
473985562.1027873,11926.0,17.30769230769231,-70.90666664467562,0.0808852240443229,0.5568501353263855
473987962.1027873,10347.0,126.29032258064515,-43.40685848593699,0.0904022008180618,0.7301575541496277
473989762.1027873,1484.0,268.33333333333337,49.702390326630685,0.2543879151344299,0.7446468472480774
474001762.1027873,4410.0,344.53125,16.957763300004146,0.0607933029532432,0.539942741394043
474003562.1027873,3933.0,81.56249999999999,20.742379954487134,0.1849815398454666,0.6563474535942078
474003562.1027873,4451.0,98.4375,15.713861048008212,0.9962115287780762,0.6178430914878845
474007162.1027873,10435.0,22.499999999999996,-44.99388015045713,0.0935928747057914,0.8086350560188293
474008962.1027873,3038.0,85.78124999999999,30.000000000000007,0.0578993298113346,0.5739023089408875
474012562.1027873,6935.0,246.09374999999991,-7.180755781458288,0.0514258183538913,0.5789637565612793
474014362.1027873,4061.0,82.96875,19.47122063449069,0.7469602823257446,0.6402149200439453
474015562.1027873,4061.0,82.96875,19.47122063449069,0.2125416696071624,0.56923907995224
474020362.1027873,3549.0,82.96875,24.62431835216408,0.1175657287240028,0.9126791954040527
474020362.1027873,3550.0,85.78124999999999,24.62431835216408,0.295543223619461,0.7207984924316406
474020962.1027873,3549.0,82.96875,24.62431835216408,0.0933455303311348,0.5088523030281067
474020962.1027873,3677.0,81.56249999999999,23.31795706533424,0.1228863298892974,0.5708951950073242
474020962.1027873,3933.0,81.56249999999999,20.742379954487134,0.424864113330841,0.9998906850814819
474020962.1027873,4041.0,26.71875,19.47122063449069,0.1357041895389557,0.6701623201370239
474021562.1027873,3677.0,81.56249999999999,23.31795706533424,0.0793064385652542,0.8053740859031677
474021562.1027873,3678.0,84.37499999999999,23.31795706533424,0.0893417000770568,0.7385996580123901
474021562.1027873,3932.0,78.75,20.742379954487134,0.0561679266393184,0.9873155355453491
474025162.1027873,4409.0,341.71874999999994,16.957763300004146,0.1342788189649582,0.5727283954620361
474026362.1027873,3549.0,82.96875,24.62431835216408,0.0722591876983642,0.5512603521347046
474026362.1027873,3933.0,81.56249999999999,20.742379954487134,0.3208648264408111,0.8380582928657532
474026962.1027873,3549.0,82.96875,24.62431835216408,0.0677369087934494,0.6238117218017578
474026962.1027873,3677.0,81.56249999999999,23.31795706533424,0.1233871281147003,0.6048000454902649
474026962.1027873,3933.0,81.56249999999999,20.742379954487134,0.2345179617404937,0.9760158061981201
474027562.1027873,3677.0,81.56249999999999,23.31795706533424,0.1089212819933891,0.9054031372070312
474031762.1027873,3549.0,82.96875,24.62431835216408,0.1132129654288292,0.930283784866333
474031762.1027873,3677.0,81.56249999999999,23.31795706533424,0.0746798440814018,0.5725232362747192
474031762.1027873,3933.0,81.56249999999999,20.742379954487134,0.095860444009304,0.7321038842201233
474032962.1027873,3933.0,81.56249999999999,20.742379954487134,0.5477087497711182,0.8996412754058838
474033562.1027873,1133.0,110.625,54.340912303861245,0.0663441494107246,0.754791259765625
474033562.1027873,3932.0,78.75,20.742379954487134,0.1551694869995117,0.6196061968803406
474037162.1027873,3933.0,81.56249999999999,20.742379954487134,0.0650146454572677,0.9566618204116821
474038362.1027873,4712.0,112.5,13.248014905676952,0.1051495671272277,0.5645886659622192
474038362.1027873,4968.0,112.5,10.806922874860348,0.1363741606473922,0.9007411003112793
474038962.1027873,4060.0,80.15625,19.47122063449069,0.1070575565099716,0.6122221350669861
474038962.1027873,4189.0,81.56249999999999,18.209956864283,0.0696727707982063,0.947545051574707
474038962.1027873,4323.0,99.84375,16.957763300004146,0.2399317771196365,0.5464524030685425
474039562.1027873,8925.0,82.96875,-27.27961273597809,0.107662059366703,0.6880494952201843
474042562.1027873,3933.0,81.56249999999999,20.742379954487134,0.0576876699924469,0.9087973237037659
474043162.1027873,3549.0,82.96875,24.62431835216408,0.1287535429000854,0.7379796504974365
474043162.1027873,3677.0,81.56249999999999,23.31795706533424,0.1687556952238083,0.5194951295852661
474043162.1027873,3933.0,81.56249999999999,20.742379954487134,0.1262643933296203,0.994208812713623
474043162.1027873,4440.0,67.5,15.713861048008212,0.0764504820108413,0.6317007541656494
474043762.1027873,3933.0,81.56249999999999,20.742379954487134,0.1126017421483993,0.8626384139060974
474049162.1027873,3421.0,81.56249999999999,25.94447977237,0.1025501191616058,0.7429397106170654
474049762.1027873,3677.0,81.56249999999999,23.31795706533424,0.0882192850112915,0.9066526889801025
474049762.1027873,3805.0,82.96875,22.02431283704216,0.1162406876683235,0.632766604423523
474049762.1027873,3933.0,81.56249999999999,20.742379954487134,0.1628346443176269,0.9197022318840027
474049762.1027873,7263.0,87.18749999999999,-10.806922874860348,0.4342826008796692,0.5132981538772583
474050362.1027873,3677.0,81.56249999999999,23.31795706533424,0.2214007079601287,0.9900173544883728
474050362.1027873,3805.0,82.96875,22.02431283704216,0.0560663565993309,0.5981870293617249
474050362.1027873,3933.0,81.56249999999999,20.742379954487134,0.2881928384304046,0.9998738765716553
474050962.1027873,3677.0,81.56249999999999,23.31795706533424,0.1237046644091606,0.8808364272117615
474050962.1027873,4061.0,82.96875,19.47122063449069,0.7463616132736206,0.7542897462844849
474054562.1027873,4323.0,99.84375,16.957763300004146,0.2913722693920135,0.7320156097412109
474055162.1027873,3933.0,81.56249999999999,20.742379954487134,0.198170006275177,0.9777317643165588
474055162.1027873,4061.0,82.96875,19.47122063449069,0.3890055119991302,0.7950776219367981
474055762.1027873,3677.0,81.56249999999999,23.31795706533424,0.0875664874911308,0.9059712290763855
474055762.1027873,3804.0,80.15625,22.02431283704216,0.1199933141469955,0.5903268456459045
474055762.1027873,3805.0,82.96875,22.02431283704216,0.3642457127571106,0.5670841336250305
474055762.1027873,3933.0,81.56249999999999,20.742379954487134,0.1743097901344299,0.9623444080352783
474055762.1027873,4061.0,82.96875,19.47122063449069,0.8978881239891052,0.8868882060050964
474058162.1027873,5412.0,282.65625,7.180755781458288,0.0670070797204971,0.8692097663879395
474059362.1027873,4283.0,345.9375,18.209956864283,0.0735453367233276,0.6394895315170288
474064162.1027873,11758.0,81.5625,-66.44353569089876,0.0628912970423698,0.5152608156204224
474066562.1027873,3933.0,81.56249999999999,20.742379954487134,0.2567464709281921,0.8642293214797974
474066562.1027873,4189.0,81.56249999999999,18.209956864283,0.0822945013642311,0.9035137891769409
474067162.1027873,3677.0,81.56249999999999,23.31795706533424,0.1865347027778625,0.5171554684638977
474070162.1027873,529.0,278.4375,66.44353569089877,0.0876431539654731,0.5066165924072266
474075562.1027873,9649.0,317.81249999999994,-34.2288663278126,0.0506412759423255,0.7937817573547363
474077362.1027873,4187.0,75.9375,18.209956864283,0.0512873940169811,0.5296742916107178
474082162.1027873,766.0,29.25,60.43443884495228,0.076009914278984,0.756441056728363
474082762.1027873,3933.0,81.56249999999999,20.742379954487134,0.0783062577247619,0.6853843331336975
474082762.1027873,4061.0,82.96875,19.47122063449069,0.2963158786296844,0.6668919920921326
474083362.1027873,3933.0,81.56249999999999,20.742379954487134,0.0826965048909187,0.6598511934280396
474087562.1027873,11779.0,199.68749999999997,-66.44353569089876,0.2627316415309906,0.593292772769928
474089362.1027873,3933.0,81.56249999999999,20.742379954487134,0.0606006681919097,0.9434298872947693
474093562.1027873,4781.0,306.56249999999994,13.248014905676952,0.0599042326211929,0.883438229560852
474094162.1027873,5984.0,90.0,1.1937484371410818,0.0835528746247291,0.5201115608215332
474094762.1027873,4067.0,99.84375,19.47122063449069,0.0919800624251365,0.853196382522583
474095362.1027873,4061.0,82.96875,19.47122063449069,0.0978284403681755,0.8234580159187317
474100162.1027873,4067.0,99.84375,19.47122063449069,0.0628694221377372,0.7461550831794739
474100762.1027873,3933.0,81.56249999999999,20.742379954487134,0.0765862613916397,0.7639028429985046
474100762.1027873,4061.0,82.96875,19.47122063449069,0.9719972014427184,0.8817753195762634
474101362.1027873,3933.0,81.56249999999999,20.742379954487134,0.0516452342271804,0.9475491642951965
474103762.1027873,9885.0,261.56249999999994,-37.168899655999454,0.9738735556602478,0.7776059508323669
474105562.1027873,4317.0,82.96875,16.957763300004146,0.1168412864208221,0.5097909569740295
474106162.1027873,3933.0,81.56249999999999,20.742379954487134,0.1415283679962158,0.9716894030570984
474106162.1027873,3934.0,84.37499999999999,20.74237995448715,0.0900261998176574,0.7638020515441895
474106162.1027873,7135.0,88.59375,-9.594068226860458,0.2270432263612747,0.6000060439109802
474106762.1027873,3933.0,81.56249999999999,20.742379954487134,0.1665046960115432,0.978257954120636
474109762.1027873,11880.0,80.35714285714286,-69.4225464945822,0.0728488713502883,0.5489950180053711
474111562.1027873,3806.0,85.78124999999999,22.02431283704216,0.3852677047252655,0.8408235311508179
474111562.1027873,4067.0,99.84375,19.47122063449069,0.0579969361424446,0.8832564353942871
474112162.1027873,3934.0,84.37499999999999,20.74237995448715,0.2925633788108825,0.6326292157173157
474112162.1027873,4067.0,99.84375,19.47122063449069,0.0715487599372863,0.9690065383911133
474116362.1027873,738.0,258.1578947368421,61.943837023156725,0.0651114657521247,0.6152202486991882
474116362.1027873,1167.0,238.12500000000003,54.340912303861245,0.5973244905471802,0.6472565531730652
474117562.1027873,3933.0,81.56249999999999,20.742379954487134,0.1906424164772033,0.8188133835792542
474117562.1027873,4061.0,82.96875,19.47122063449069,0.9164991974830629,0.6362265944480896
474118762.1027873,3933.0,81.56249999999999,20.742379954487134,0.5715519189834595,0.5258026123046875
474119362.1027873,10590.0,131.89655172413794,-46.5718474134496,0.751468300819397,0.8851840496063232
474119962.1027873,10590.0,131.89655172413794,-46.5718474134496,0.4063519537448883,0.8826040625572205
474123562.1027873,3933.0,81.56249999999999,20.742379954487134,0.0743917375802993,0.5924006104469299
474124162.1027873,3933.0,81.56249999999999,20.742379954487134,0.0755024924874305,0.8924499154090881
474127762.1027873,2100.0,327.65624999999994,41.81031489577859,0.0532787814736366,0.6268793344497681
474128362.1027873,2159.0,132.1875,40.228184728061095,0.0520586669445037,0.6449741125106812
474130762.1027873,4061.0,82.96875,19.47122063449069,0.0509369224309921,0.7150912880897522
474134362.1027873,7134.0,85.78124999999999,-9.594068226860458,0.2931301593780517,0.5636965036392212
474135562.1027873,5602.0,97.03125,4.780191847199163,0.051961712539196,0.5739797949790955
474140962.1027873,4061.0,82.96875,19.47122063449069,0.6997805237770081,0.555894136428833
474141562.1027873,3549.0,82.96875,24.62431835216408,0.1007425114512443,0.9844365119934082
474141562.1027873,3550.0,85.78124999999999,24.62431835216408,0.0778204053640365,0.980453372001648
474141562.1027873,3677.0,81.56249999999999,23.31795706533424,0.1128544881939888,0.826437771320343
474141562.1027873,3805.0,82.96875,22.02431283704216,0.1142376288771629,0.5214757919311523
474141562.1027873,3933.0,81.56249999999999,20.742379954487134,0.1641113609075546,0.8193920254707336
474141562.1027873,4061.0,82.96875,19.47122063449069,0.4229554235935211,0.8787675499916077
474145762.1027873,3548.0,80.15625,24.62431835216408,0.0578191392123699,0.5572298765182495
474145762.1027873,3804.0,80.15625,22.02431283704216,0.1180908605456352,0.7230634689331055
474145762.1027873,4060.0,80.15625,19.47122063449069,0.4622875154018402,0.7789585590362549
474146362.1027873,3933.0,81.56249999999999,20.742379954487134,0.1011195853352546,0.6245152950286865
474146962.1027873,3933.0,81.56249999999999,20.742379954487134,0.1030783131718635,0.582205593585968
474147562.1027873,3933.0,81.56249999999999,20.742379954487134,0.111746147274971,0.8733064532279968
474155962.1027873,7979.0,302.34374999999994,-16.95776330000413,0.229195237159729,0.5931466817855835
474158362.1027873,3677.0,81.56249999999999,23.31795706533424,0.0857298001646995,0.6835417747497559
474158362.1027873,3933.0,81.56249999999999,20.742379954487134,0.2753971517086029,0.9897116422653198
474158362.1027873,4061.0,82.96875,19.47122063449069,0.8322973251342773,0.9974602460861206
474158362.1027873,4441.0,70.31249999999999,15.713861048008212,0.0569788441061973,0.5668050646781921
474158362.1027873,4696.0,67.5,13.248014905676952,0.2094128727912902,0.7119090557098389
474158362.1027873,4824.0,68.90625,12.024699180565818,0.7008800506591797,0.5322586894035339
474158962.1027873,3678.0,84.37499999999999,23.31795706533424,0.0717835947871208,0.9569328427314758
474158962.1027873,3805.0,82.96875,22.02431283704216,0.0633540600538253,0.694383442401886
474158962.1027873,3806.0,85.78124999999999,22.02431283704216,0.0836808979511261,0.7109881639480591
474158962.1027873,3933.0,81.56249999999999,20.742379954487134,0.0666416883468627,0.9992271661758423
474158962.1027873,3934.0,84.37499999999999,20.74237995448715,0.130930408835411,0.8970785140991211
474158962.1027873,4061.0,82.96875,19.47122063449069,0.8804141283035278,0.9999945163726807
474158962.1027873,4824.0,68.90625,12.024699180565818,0.9122231602668762,0.6873239874839783
474164362.1027873,5993.0,115.31249999999996,1.1937484371410818,0.050184603780508,0.5821937322616577
474165562.1027873,11101.0,50.625,-54.340912303861245,0.4104054868221283,0.5408188104629517
474168562.1027873,6752.0,90.0,-5.979156796301311,0.2625363767147064,0.6773130893707275
474172762.1027873,8348.0,258.75,-20.74237995448715,0.1100419387221336,0.8134456872940063
474173962.1027873,3933.0,81.56249999999999,20.742379954487134,0.0543969124555587,0.7308114767074585
474174562.1027873,3677.0,81.56249999999999,23.31795706533424,0.1413162797689438,0.5387012362480164
474174562.1027873,3933.0,81.56249999999999,20.742379954487134,0.2005738615989685,0.9941369295120239
474179362.1027873,8762.0,344.53125,-24.62431835216408,0.0614730454981327,0.6128186583518982
474180562.1027873,3677.0,81.56249999999999,23.31795706533424,0.2483812570571899,0.8437603712081909
474181162.1027873,4062.0,85.78124999999999,19.47122063449069,0.0663378164172172,0.703865110874176
474185962.1027873,3026.0,52.03125,30.000000000000007,0.0576852150261402,0.6413143277168274
474185962.1027873,3933.0,81.56249999999999,20.742379954487134,0.0821634605526924,0.5584835410118103
474191962.1027873,3933.0,81.56249999999999,20.742379954487134,0.564286470413208,0.6987345814704895
474191962.1027873,4067.0,99.84375,19.47122063449069,0.0773262977600097,0.8425801992416382
474192562.1027873,3933.0,81.56249999999999,20.742379954487134,0.3503797054290771,0.8513557314872742
474192562.1027873,4067.0,99.84375,19.47122063449069,0.0733277946710586,0.9396204352378845
474193162.1027873,6622.0,85.78124999999999,-4.780191847199163,0.1003331691026687,0.935441255569458
474195562.1027873,3730.0,230.62499999999991,23.31795706533424,0.2985018789768219,0.5097825527191162
474197362.1027873,3549.0,82.96875,24.62431835216408,0.0624272115528583,0.9013877511024475
474197362.1027873,3805.0,82.96875,22.02431283704216,0.0840751379728317,0.5554120540618896
474197362.1027873,3933.0,81.56249999999999,20.742379954487134,0.0965886041522026,0.9987555742263794
474198562.1027873,3933.0,81.56249999999999,20.742379954487134,0.0938578471541404,0.9517406821250916
474198562.1027873,4067.0,99.84375,19.47122063449069,0.0523654259741306,0.5798825621604919
474202762.1027873,3933.0,81.56249999999999,20.742379954487134,0.1152808591723442,0.9598684310913086
474203362.1027873,3933.0,81.56249999999999,20.742379954487134,0.118781566619873,0.897584855556488
474203362.1027873,4061.0,82.96875,19.47122063449069,0.4131880700588226,0.6258884072303772
474203962.1027873,3933.0,81.56249999999999,20.742379954487134,0.0616274178028106,0.800317108631134
474204562.1027873,4067.0,99.84375,19.47122063449069,0.062161486595869,0.5470884442329407
474210562.1027873,4066.0,97.03125,19.47122063449069,0.0538326129317283,0.6208462119102478
474214762.1027873,6355.0,54.84375,-2.388015463268772,0.0679475143551826,0.8904778957366943
474221362.1027873,3291.0,77.34375,27.27961273597809,0.0622380301356315,0.7979885935783386
474221962.1027873,3292.0,80.15625,27.27961273597809,0.0504846088588237,0.781765878200531
474221962.1027873,5853.0,82.96875,2.388015463268772,0.067004844546318,0.5717501044273376
474226162.1027873,4452.0,101.25,15.713861048008212,0.1313487440347671,0.9148980975151062
474226762.1027873,4823.0,66.09375,12.024699180565818,0.1561863273382187,0.635684072971344
474229162.1027873,6806.0,241.875,-5.979156796301311,0.1824473589658737,0.6833743453025818
474229762.1027873,893.0,229.2857142857143,58.91977535280315,0.619026780128479,0.552233099937439
474230362.1027873,893.0,229.2857142857143,58.91977535280315,0.7926556468009949,0.8620985746383667
474230962.1027873,893.0,229.2857142857143,58.91977535280315,0.0590460561215877,0.9190515279769897
474232162.1027873,1770.0,91.5,44.99388015045713,0.1316587924957275,0.6257328391075134
474232162.1027873,1891.0,91.4516129032258,43.406858485936986,0.287845253944397,0.7336251735687256
474232162.1027873,3665.0,47.8125,23.31795706533424,0.3046371638774872,0.5904912948608398
474232162.1027873,4067.0,99.84375,19.47122063449069,0.0819505676627159,0.6151015162467957
474235762.1027873,10026.0,299.53125,-38.68218745348943,0.0549254082143306,0.9518662691116333
474236362.1027873,12109.0,14.999999999999998,-76.81353334098657,0.915024995803833,0.9402909278869629
474236962.1027873,12109.0,14.999999999999998,-76.81353334098657,0.5099961161613464,0.8831853866577148
474238162.1027873,4061.0,82.96875,19.47122063449069,0.8726162314414978,0.7141090631484985
474239362.1027873,2979.0,278.4375,31.38816646434855,0.0926011204719543,0.642576277256012
474239362.1027873,3806.0,85.78124999999999,22.02431283704216,0.2617812752723694,0.9784210324287415
474239962.1027873,2979.0,278.4375,31.38816646434855,0.1655513644218444,0.5733567476272583
474239962.1027873,6671.0,223.59374999999997,-4.780191847199163,0.2917536795139313,0.6806930303573608
474242962.1027873,4061.0,82.96875,19.47122063449069,0.4995479583740234,0.9143012762069702
474244162.1027873,4061.0,82.96875,19.47122063449069,0.561715304851532,0.7195610404014587
474244162.1027873,4066.0,97.03125,19.47122063449069,0.1733803004026413,0.9992263317108154
474244162.1027873,4067.0,99.84375,19.47122063449069,0.0613094493746757,0.9993183612823486
474245362.1027873,8937.0,116.71875,-27.27961273597809,0.1434425115585327,0.6808494329452515
474247162.1027873,9764.0,282.65625,-35.68533471265205,0.0518199913203716,0.9547686576843262
474248962.1027873,4067.0,99.84375,19.47122063449069,0.0539549365639686,0.6066198348999023
474250762.1027873,3678.0,84.37499999999999,23.31795706533424,0.2828640639781952,0.6346487402915955
474252562.1027873,3106.0,277.03124999999994,30.000000000000007,0.0518957339227199,0.5149804353713989
474252562.1027873,3362.0,277.03124999999994,27.27961273597809,0.6146706342697144,0.5154926776885986
474253162.1027873,1484.0,268.33333333333337,49.702390326630685,0.2458619177341461,0.8248933553695679
474253162.1027873,3234.0,275.625,28.630989836924343,0.0612924396991729,0.8604979515075684
474253162.1027873,3362.0,277.03124999999994,27.27961273597809,0.4627612829208374,0.6309807300567627
474253762.1027873,3920.0,45.0,20.74237995448715,0.0555410347878932,0.7344537973403931
474254362.1027873,4322.0,97.03125,16.957763300004146,0.0580164194107055,0.9264326095581055
474254362.1027873,7263.0,87.18749999999999,-10.806922874860348,0.121750421822071,0.6258014440536499
474254962.1027873,4452.0,101.25,15.713861048008212,0.1293648034334182,0.8391152024269104
474260362.1027873,4954.0,73.125,10.806922874860348,0.0666799396276474,0.6653748154640198
474262762.1027873,6157.0,217.96874999999991,0.0,0.1390347182750702,0.848650336265564
474263362.1027873,6157.0,217.96874999999991,0.0,0.0903947055339813,0.6973564624786377
474265162.1027873,4538.0,343.12499999999994,15.713861048008212,0.137159988284111,0.7321826815605164
474268762.1027873,12102.0,310.5,-75.34073424154306,0.13643179833889,0.6756874322891235
474269362.1027873,12102.0,310.5,-75.34073424154306,0.2571532726287842,0.6653611063957214
474272362.1027873,4066.0,97.03125,19.47122063449069,0.0674754530191421,0.6120609641075134
474272362.1027873,4451.0,98.4375,15.713861048008212,0.8143185377120972,0.7131394147872925
474272362.1027873,4452.0,101.25,15.713861048008212,0.1066149771213531,0.7878491282463074
474277762.1027873,3933.0,81.56249999999999,20.742379954487134,0.0647701099514961,0.5951776504516602
474278362.1027873,3933.0,81.56249999999999,20.742379954487134,0.0511945411562919,0.989293098449707
474278362.1027873,3934.0,84.37499999999999,20.74237995448715,0.1226961761713028,0.5356128811836243
474280762.1027873,11511.0,285.75,-60.4344388449523,0.0512385293841362,0.5012203454971313
474281362.1027873,11511.0,285.75,-60.4344388449523,0.2024692893028259,0.5432144403457642
474283762.1027873,4196.0,101.25,18.209956864283,0.1329677402973175,0.8696078062057495
474288562.1027873,2002.0,52.03125,41.81031489577859,0.0535984449088573,0.7187404632568359
474289162.1027873,7270.0,106.875,-10.806922874860348,0.1451583206653595,0.5027182698249817
474289762.1027873,4067.0,99.84375,19.47122063449069,0.1608792245388031,0.6974623799324036
474290362.1027873,4322.0,97.03125,16.957763300004146,0.1910156011581421,0.9085602760314941
474294562.1027873,3678.0,84.37499999999999,23.31795706533424,0.0759237930178642,0.6364628672599792
474294562.1027873,3806.0,85.78124999999999,22.02431283704216,0.1154960468411445,0.7833495140075684
474295162.1027873,3549.0,82.96875,24.62431835216408,0.0746603012084961,0.5189338326454163
474295162.1027873,3806.0,85.78124999999999,22.02431283704216,0.1545667350292205,0.6847244501113892
474296362.1027873,6999.0,64.6875,-8.385538647081319,0.1652121841907501,0.6562729477882385
474301162.1027873,5602.0,97.03125,4.780191847199163,0.0523372627794742,0.7164226770401001
474301162.1027873,5858.0,97.03125,2.388015463268772,0.5036925077438354,0.8403427600860596
474301762.1027873,3804.0,80.15625,22.02431283704216,0.3279869258403778,0.5743882060050964
474302362.1027873,3804.0,80.15625,22.02431283704216,0.0901920348405838,0.6958824396133423
474306562.1027873,3933.0,81.56249999999999,20.742379954487134,0.1785310953855514,0.8165139555931091
474307162.1027873,8033.0,92.8125,-18.209956864283,0.07466621696949,0.5233786106109619
474308362.1027873,3217.0,227.81249999999997,28.630989836924343,0.1407831460237503,0.856492280960083
474308962.1027873,3217.0,227.81249999999997,28.630989836924343,0.1733189821243286,0.9836395382881165
474311962.1027873,3549.0,82.96875,24.62431835216408,0.0638208836317062,0.5731932520866394
474312562.1027873,3677.0,81.56249999999999,23.31795706533424,0.2301567047834396,0.7037074565887451
474318562.1027873,1219.0,70.2,52.80185378173063,0.158417746424675,0.6426302790641785
474319762.1027873,1379.0,275.1923076923077,51.25580694880489,0.166615754365921,0.6922963857650757
474320362.1027873,1379.0,275.1923076923077,51.25580694880489,0.052217710763216,0.7719484567642212
474322762.1027873,3549.0,82.96875,24.62431835216408,0.1909373551607132,0.6048126220703125
474323362.1027873,3549.0,82.96875,24.62431835216408,0.0896186605095863,0.9157488346099854
474323362.1027873,3677.0,81.56249999999999,23.31795706533424,0.128386452794075,0.9996505975723267
474323362.1027873,4061.0,82.96875,19.47122063449069,0.7151914238929749,0.847795307636261
474323362.1027873,6611.0,54.84375,-4.780191847199163,0.0524993278086185,0.822856068611145
474323962.1027873,3549.0,82.96875,24.62431835216408,0.0668475627899169,0.9846823215484619
474324562.1027873,4061.0,82.96875,19.47122063449069,0.2505603730678558,0.6116399168968201
474326362.1027873,10998.0,37.8,-52.80185378173064,0.0520718730986118,0.6874197125434875
474328762.1027873,4196.0,101.25,18.209956864283,0.102274365723133,0.6365203857421875
474328762.1027873,4322.0,97.03125,16.957763300004146,0.0726443529129028,0.6726595163345337
474329362.1027873,3933.0,81.56249999999999,20.742379954487134,0.0806454867124557,0.9384354948997498
474329962.1027873,3933.0,81.56249999999999,20.742379954487134,0.126082181930542,0.6995100378990173
474329962.1027873,8275.0,53.4375,-20.742379954487134,0.0513933971524238,0.8401374816894531
474330562.1027873,4066.0,97.03125,19.47122063449069,0.07011479139328,0.6828555464744568
474330562.1027873,4314.0,74.53125,16.957763300004146,0.20514015853405,0.7026975750923157
474332362.1027873,1708.0,262.2413793103448,46.57184741344958,0.0702451840043068,0.6964433193206787
474332362.1027873,2445.0,216.56249999999997,37.16889965599945,0.0558526702225208,0.8718041181564331
474335362.1027873,3934.0,84.37499999999999,20.74237995448715,0.2011086791753769,0.7831298112869263
474335362.1027873,4196.0,101.25,18.209956864283,0.0911061614751815,0.5663138628005981
474335362.1027873,7010.0,95.625,-8.385538647081319,0.0660997554659843,0.5544091463088989
474340762.1027873,4322.0,97.03125,16.957763300004146,0.0897195935249328,0.5578468441963196
474341362.1027873,4066.0,97.03125,19.47122063449069,0.1611465364694595,0.8932584524154663
474341362.1027873,4067.0,99.84375,19.47122063449069,0.0822186097502708,0.9873886108398438
474341962.1027873,4066.0,97.03125,19.47122063449069,0.07991923391819,0.7265165448188782
474341962.1027873,7256.0,67.5,-10.806922874860348,0.3216545879840851,0.7124645113945007
474342562.1027873,4702.0,84.37499999999999,13.248014905676952,0.1622040867805481,0.5060325860977173
474342562.1027873,7256.0,67.5,-10.806922874860348,0.1603381335735321,0.7208190560340881
474343762.1027873,5009.0,227.81249999999997,10.806922874860348,0.0548755414783954,0.5156856179237366
474345562.1027873,4567.0,66.09375,14.477512185929925,0.0842122212052345,0.7339461445808411
474346162.1027873,4567.0,66.09375,14.477512185929925,0.121340312063694,0.5825474262237549
474346162.1027873,4823.0,66.09375,12.024699180565818,0.0649871379137039,0.9677333831787109
474346162.1027873,4958.0,84.37499999999999,10.806922874860348,0.076604463160038,0.5762649774551392
474354562.1027873,10347.0,126.29032258064515,-43.40685848593699,0.7456907629966736,0.5021688938140869
474355162.1027873,8836.0,191.25,-25.944479772370016,0.2007101327180862,0.9082444906234741
474358162.1027873,4061.0,82.96875,19.47122063449069,0.5713824033737183,0.8733812570571899
474361162.1027873,11909.0,266.78571428571433,-69.4225464945822,0.1041623055934906,0.5389577746391296
474362962.1027873,3549.0,82.96875,24.62431835216408,0.0513286925852298,0.6815552115440369
474362962.1027873,3677.0,81.56249999999999,23.31795706533424,0.0737465620040893,0.9163837432861328
474362962.1027873,3933.0,81.56249999999999,20.742379954487134,0.1183907911181449,0.9827013611793518
474364162.1027873,4451.0,98.4375,15.713861048008212,0.8744276165962219,0.6570532321929932
474364162.1027873,4812.0,35.15625,12.024699180565818,0.1554556190967559,0.5851718783378601
474367162.1027873,5275.0,255.93749999999991,8.385538647081319,0.0828433409333229,0.5245205760002136
474367762.1027873,4282.0,343.12499999999994,18.209956864283,0.0826389491558075,0.5820051431655884
474368962.1027873,3933.0,81.56249999999999,20.742379954487134,0.0823833346366882,0.5620949864387512
474368962.1027873,4062.0,85.78124999999999,19.47122063449069,0.2992015182971954,0.7338953018188477
474369562.1027873,4062.0,85.78124999999999,19.47122063449069,0.2024435549974441,0.6648637056350708
474373162.1027873,7737.0,341.71874999999994,-14.47751218592994,0.0726863741874694,0.6105769276618958
474373162.1027873,10868.0,308.3333333333333,-49.702390326630706,0.0666507482528686,0.5734518766403198
474375562.1027873,3550.0,85.78124999999999,24.62431835216408,0.0612953081727027,0.8378910422325134
474379762.1027873,2291.0,144.84375,38.68218745348943,0.0906597673892974,0.9444674849510193
474380362.1027873,3933.0,81.56249999999999,20.742379954487134,0.1066237613558769,0.9642583727836609
474380962.1027873,3277.0,37.96875,27.27961273597809,0.0721013098955154,0.7969345450401306
474382762.1027873,10589.0,128.79310344827587,-46.5718474134496,0.0693844184279441,0.9713788032531738
474386962.1027873,3677.0,81.56249999999999,23.31795706533424,0.1300067901611328,0.8908867835998535
474386962.1027873,3933.0,81.56249999999999,20.742379954487134,0.0971734300255775,0.9969347715377808
474391162.1027873,1941.0,236.6129032258065,43.40685848593699,0.1540018022060394,0.8513858914375305
474392362.1027873,4184.0,67.5,18.209956864283,0.0726662650704383,0.6534071564674377
474392362.1027873,4312.0,68.90625,16.957763300004146,0.0805066674947738,0.8216658234596252
474392362.1027873,4440.0,67.5,15.713861048008212,0.223114401102066,0.9973310232162476
474392962.1027873,3933.0,81.56249999999999,20.742379954487134,0.1559819281101226,0.5015785098075867
474392962.1027873,4440.0,67.5,15.713861048008212,0.2706760168075561,0.9777705073356628
474394162.1027873,10347.0,126.29032258064515,-43.40685848593699,0.5146942138671875,0.5633296966552734
474397762.1027873,3933.0,81.56249999999999,20.742379954487134,0.16986183822155,0.5664810538291931
474398362.1027873,3806.0,85.78124999999999,22.02431283704216,0.0999208018183708,0.5435130596160889
474398362.1027873,4061.0,82.96875,19.47122063449069,0.5964604020118713,0.7361796498298645
474398362.1027873,4190.0,84.37499999999999,18.209956864283,0.482012927532196,0.622402548789978
474400162.1027873,5008.0,224.99999999999997,10.806922874860348,0.0532503724098205,0.9182945489883423
474400162.1027873,5136.0,226.40624999999997,9.594068226860458,0.3046895861625671,0.8892316818237305
474400762.1027873,5136.0,226.40624999999997,9.594068226860458,0.2887050211429596,0.8849917054176331
474401362.1027873,3991.0,244.68749999999997,20.74237995448715,0.0504662208259105,0.53128582239151
474403762.1027873,682.0,352.49999999999994,63.44828368030106,0.0775101035833358,0.7073329091072083
474403762.1027873,3677.0,81.56249999999999,23.31795706533424,0.0995136573910713,0.6755539178848267
474404362.1027873,3933.0,81.56249999999999,20.742379954487134,0.3669322729110718,0.6894605755805969
474404362.1027873,3934.0,84.37499999999999,20.74237995448715,0.2087530195713043,0.9100295901298523
474404962.1027873,4066.0,97.03125,19.47122063449069,0.1091087162494659,0.711316704750061
474405562.1027873,10589.0,128.79310344827587,-46.5718474134496,0.173738420009613,0.5571969151496887
474409162.1027873,4066.0,97.03125,19.47122063449069,0.1684225797653198,0.6789185404777527
474409762.1027873,2264.0,68.90625,38.68218745348943,0.0619813092052936,0.5894660949707031
474409762.1027873,7135.0,88.59375,-9.594068226860458,0.0873448401689529,0.5515236854553223
474412762.1027873,2569.0,206.71874999999997,35.68533471265204,0.2387838363647461,0.9731036424636841
474414562.1027873,3677.0,81.56249999999999,23.31795706533424,0.1328717321157455,0.5531610250473022
474414562.1027873,3933.0,81.56249999999999,20.742379954487134,0.1086380854249,0.7437059879302979
474414562.1027873,4061.0,82.96875,19.47122063449069,0.7455668449401855,0.9375289678573608
474415162.1027873,3677.0,81.56249999999999,23.31795706533424,0.2786042988300323,0.5262527465820312
474415162.1027873,3933.0,81.56249999999999,20.742379954487134,0.0885283052921295,0.9881690740585327
474415162.1027873,4061.0,82.96875,19.47122063449069,0.9647418856620787,0.9933258295059204
474415762.1027873,3549.0,82.96875,24.62431835216408,0.1536918431520462,0.505431056022644
474415762.1027873,3804.0,80.15625,22.02431283704216,0.1328016072511673,0.9846739768981934
474415762.1027873,3933.0,81.56249999999999,20.742379954487134,0.1299309283494949,0.9991242289543152
474416362.1027873,3934.0,84.37499999999999,20.74237995448715,0.0698517560958862,0.5211644172668457
474416362.1027873,8026.0,73.125,-18.209956864283015,0.0582177080214023,0.5685709118843079
474418162.1027873,10157.0,306.56249999999994,-40.22818472806108,0.0566749572753906,0.6616931557655334
474421162.1027873,4066.0,97.03125,19.47122063449069,0.3887724280357361,0.5215863585472107
474421762.1027873,4451.0,98.4375,15.713861048008212,0.9109439849853516,0.6814408302307129
474422962.1027873,6555.0,255.93749999999991,-3.583321698471977,0.08804552257061,0.5744896531105042
474426245.68644154,4322.0,97.03125,16.957763300004146,0.1166432201862335,0.8683715462684631
474428645.68644154,10471.0,130.5,-44.99388015045713,0.1352661103010177,0.555962860584259
474429845.68644154,8476.0,260.15625,-22.02431283704216,0.6430470943450928,0.6627443432807922
474429845.68644154,11375.0,49.285714285714285,-58.91977535280316,0.1677874475717544,0.5296884179115295
474432245.68644154,4323.0,99.84375,16.957763300004146,0.304365336894989,0.5408404469490051
474434645.68644154,6807.0,244.68749999999997,-5.979156796301311,0.069322369992733,0.8046894073486328
474440045.68644154,11231.0,185.86956521739128,-55.87335043525198,0.0513382516801357,0.7913283705711365
474440645.68644154,10669.0,17.678571428571427,-48.1412077943603,0.0950937718152999,0.6805111765861511
474441245.68644154,4792.0,337.49999999999994,13.248014905676952,0.4158180654048919,0.7167579531669617
474442445.68644154,4282.0,343.12499999999994,18.209956864283,0.1296887248754501,0.6262790560722351
474442445.68644154,4538.0,343.12499999999994,15.713861048008212,0.1240153089165687,0.6831770539283752
474443045.68644154,11530.0,11.842105263157896,-61.94383702315673,0.0585826635360717,0.9278942942619324
474443045.68644154,11606.0,12.5,-63.448283680301046,0.6586852073669434,0.7655502557754517
474443645.68644154,11606.0,12.5,-63.448283680301046,0.9594519138336182,0.6169556379318237
474446645.68644154,2852.0,282.65625,32.79716829582364,0.0523328520357608,0.5737200975418091
474447845.68644154,4538.0,343.12499999999994,15.713861048008212,0.3791837990283966,0.7268406748771667
474447845.68644154,4666.0,344.53125,14.477512185929925,0.8380076885223389,0.5536032319068909
474449045.68644154,2156.0,123.75,40.228184728061095,0.1039638444781303,0.6766859292984009
474456245.68644154,11963.0,273.4615384615385,-70.90666664467562,0.1224711015820503,0.7773913741111755
474458645.68644154,6180.0,282.65625,0.0,0.2207670658826828,0.6798604726791382
474459845.68644154,4430.0,39.375,15.713861048008212,0.1955977231264114,0.6125972867012024
474465845.68644154,11275.0,358.0434782608695,-55.87335043525198,0.0659766420722007,0.5775437355041504
474467645.68644154,10347.0,126.29032258064515,-43.40685848593699,0.8485891819000244,0.7749571800231934
474476645.68644154,4538.0,343.12499999999994,15.713861048008212,0.0776398405432701,0.7686223983764648
474476645.68644154,4666.0,344.53125,14.477512185929925,0.0705096051096916,0.7943758368492126
474482645.68644154,1980.0,349.8387096774194,43.406858485936986,0.1328904181718826,0.7030819058418274
474483845.68644154,4322.0,97.03125,16.957763300004146,0.4210802018642425,0.8876272439956665
474487445.68644154,9676.0,35.15624999999999,-35.68533471265205,0.8846134543418884,0.5715367794036865
474487445.68644154,9805.0,36.5625,-37.168899655999454,0.1033993959426879,0.525294840335846
474489245.68644154,10779.0,11.666666666666666,-49.702390326630706,0.0505889505147933,0.6266074180603027
474492245.68644154,648.0,182.49999999999997,63.44828368030106,0.2100568562746048,0.8820648789405823
474494645.68644154,2001.0,49.21874999999999,41.8103148957786,0.051136527210474,0.5947110056877136
474494645.68644154,4322.0,97.03125,16.957763300004146,0.5608893036842346,0.890322208404541
474499445.68644154,6457.0,341.71874999999994,-2.388015463268772,0.0527501739561557,0.5439122915267944
474500045.68644154,8031.0,87.18749999999999,-18.209956864283,0.4403823912143707,0.9311090111732483
474500645.68644154,10693.0,94.82142857142856,-48.1412077943603,0.0676765069365501,0.5234464406967163
474501245.68644154,10693.0,94.82142857142856,-48.1412077943603,0.0593609623610973,0.8305633664131165
474511445.68644154,8760.0,338.90625,-24.62431835216408,0.0513532683253288,0.5175333023071289
474513845.68644154,10347.0,126.29032258064515,-43.40685848593699,0.5074840784072876,0.9397026300430298
474514445.68644154,5264.0,224.99999999999997,8.385538647081319,0.314116507768631,0.58119797706604
474515045.68644154,1151.0,178.125,54.340912303861245,0.0602621994912624,0.5089278221130371
474515645.68644154,652.0,202.49999999999997,63.44828368030106,0.1948808133602142,0.5846707224845886
474516845.68644154,1160.0,211.87499999999997,54.340912303861245,0.0898647233843803,0.5119415521621704
474520445.68644154,9351.0,199.68749999999997,-31.388166464348544,0.083120122551918,0.7960288524627686
474520445.68644154,9478.0,198.28125,-32.79716829582364,0.4828061461448669,0.9079803228378296
474521045.68644154,11346.0,288.40909090909093,-57.39952353962295,0.0537979677319526,0.9410482048988342
474522245.68644154,5696.0,0.0,3.583321698471977,0.0595544017851352,0.7344686388969421
474522245.68644154,6947.0,279.84375,-7.180755781458288,0.6030129790306091,0.5982694029808044
474524045.68644154,8679.0,111.09375,-24.62431835216408,0.4331639111042022,0.6842253804206848
474528845.68644154,3805.0,82.96875,22.02431283704216,0.0628304854035377,0.8189862966537476
474539045.68644154,4409.0,341.71874999999994,16.957763300004146,0.1087250709533691,0.517029881477356
474551045.68644154,2001.0,49.21874999999999,41.8103148957786,0.0562714040279388,0.5509641766548157
474551045.68644154,2328.0,248.90625000000003,38.68218745348943,0.5036682486534119,0.530766487121582
474551045.68644154,4262.0,286.87499999999994,18.209956864283,0.2371946275234222,0.8169119954109192
474552245.68644154,2175.0,177.1875,40.228184728061095,0.8042993545532227,0.5312142968177795
474554045.68644154,9885.0,261.56249999999994,-37.168899655999454,0.1832898706197738,0.7359587550163269
474558845.68644154,11528.0,2.3684210526315783,-61.94383702315673,0.0673430189490318,0.5663970112800598
474560645.68644154,170.0,265.0,76.81353334098655,0.3201662898063659,0.5142474174499512
474563045.68644154,4538.0,343.12499999999994,15.713861048008212,0.0649056881666183,0.5543405413627625
474572645.68644154,2202.0,253.125,40.228184728061095,0.0595690831542015,0.516861617565155
474572645.68644154,2833.0,229.21874999999997,32.79716829582364,0.0897972658276557,0.9036736488342285
474572645.68644154,2962.0,230.62499999999991,31.38816646434855,0.1613474488258361,0.6221795678138733
474573245.68644154,4538.0,343.12499999999994,15.713861048008212,0.4048469662666321,0.7953658699989319
474573845.68644154,4538.0,343.12499999999994,15.713861048008212,0.100831963121891,0.6727277040481567
474580445.68644154,6621.0,82.96875,-4.780191847199163,0.0577181801199913,0.7670539021492004
474581045.68644154,8166.0,108.28125,-19.47122063449069,0.3134521245956421,0.5349593162536621
474582245.68644154,10703.0,126.96428571428572,-48.1412077943603,0.9709347486495972,0.8707852959632874
474584045.68644154,5651.0,234.84374999999997,4.780191847199163,0.1523616015911102,0.7873941659927368
474587645.68644154,1351.0,178.26923076923077,51.25580694880489,0.0780467018485069,0.7566105723381042
474587645.68644154,6019.0,188.43749999999997,1.1937484371410818,0.1070795357227325,0.6898080110549927
474588245.68644154,6019.0,188.43749999999997,1.1937484371410818,0.0732867643237114,0.8302063941955566
474588845.68644154,11275.0,358.0434782608695,-55.87335043525198,0.1318434774875641,0.6015632152557373
474594845.68644154,2822.0,198.28125,32.79716829582364,0.0626651272177696,0.9763216376304626
474594845.68644154,2823.0,201.09375,32.79716829582364,0.1231790855526924,0.6300832033157349
474600845.68644154,9793.0,2.8125000000000004,-37.168899655999454,0.2218573242425918,0.8199410438537598
474601445.68644154,9793.0,2.8125000000000004,-37.168899655999454,0.0705363675951957,0.6485723853111267
474602045.68644154,9523.0,324.84375,-32.79716829582364,0.09695316106081,0.6663931608200073
474606245.68644154,5008.0,224.99999999999997,10.806922874860348,0.0502692237496376,0.5126636028289795
474606245.68644154,5136.0,226.40624999999997,9.594068226860458,0.1844346970319748,0.8626312017440796
474614645.68644154,5850.0,74.53125,2.388015463268772,0.0615424327552318,0.7777402997016907
474614645.68644154,11110.0,84.375,-54.340912303861245,0.0886468440294265,0.5288476347923279
474626045.68644154,11215.0,123.2608695652174,-55.87335043525198,0.0567661672830581,0.6528868675231934
474626645.68644154,11215.0,123.2608695652174,-55.87335043525198,0.1914881914854049,0.6441100239753723
474630845.68644154,3108.0,282.65625,30.000000000000007,0.1583940386772155,0.7709471583366394
474632045.68644154,1922.0,181.45161290322577,43.40685848593699,0.0985540375113487,0.998703122138977
474632045.68644154,4323.0,99.84375,16.957763300004146,0.1767522990703582,0.5538344383239746
474632645.68644154,4195.0,98.4375,18.209956864283,0.0794265195727348,0.6292920708656311
474632645.68644154,4323.0,99.84375,16.957763300004146,0.2763495445251465,0.9553384184837341
474633245.68644154,4323.0,99.84375,16.957763300004146,0.234890341758728,0.7287511229515076
474642845.68644154,328.0,114.23076923076924,70.90666664467562,0.0574955232441425,0.5214187502861023
474651245.68644154,9334.0,151.875,-31.388166464348544,0.1121305897831916,0.7263736128807068
474654845.68644154,3939.0,98.4375,20.742379954487134,0.0717122703790664,0.5603899955749512
474654845.68644154,4067.0,99.84375,19.47122063449069,0.1443335115909576,0.5629861354827881
474655445.68644154,3939.0,98.4375,20.742379954487134,0.0521025136113166,0.9313304424285889
474658445.68644154,11168.0,301.875,-54.340912303861245,0.1863653659820556,0.6167944073677063
474659045.68644154,4539.0,345.9375,15.713861048008212,0.3165651261806488,0.8420155644416809
474659045.68644154,4794.0,343.12499999999994,13.248014905676952,0.91083163022995,0.521530270576477
474659645.68644154,4539.0,345.9375,15.713861048008212,0.2352118343114853,0.7122924327850342
474660845.68644154,11277.0,6.136363636363634,-57.39952353962295,0.1521945595741272,0.7237387299537659
474661445.68644154,10588.0,125.68965517241378,-46.5718474134496,0.334368884563446,0.9697875380516052
474662045.68644154,10347.0,126.29032258064515,-43.40685848593699,0.5121850371360779,0.8958154916763306
474669845.68644154,9916.0,348.74999999999994,-37.168899655999454,0.0679584965109825,0.5907669067382812
474670445.68644154,9916.0,348.74999999999994,-37.168899655999454,0.0696987062692642,0.7945146560668945
474672845.68644154,10910.0,91.73076923076924,-51.25580694880492,0.0509518533945083,0.7718369364738464
474683045.68644154,10772.0,348.75,-48.1412077943603,0.2136604338884353,0.8668010234832764
474683045.68644154,10880.0,348.33333333333337,-49.702390326630706,0.39413982629776,0.693717360496521
474683645.68644154,10772.0,348.75,-48.1412077943603,0.4000596702098846,0.6323500871658325
474705245.68644154,4795.0,345.9375,13.248014905676952,0.0574706234037876,0.5621609091758728
474707045.68644154,10347.0,126.29032258064515,-43.40685848593699,0.5557311773300171,0.5536200404167175
474707045.68644154,10471.0,130.5,-44.99388015045713,0.0555655397474765,0.742670476436615
474709445.68644154,1274.0,268.2,52.80185378173063,0.2560424208641052,0.6645688414573669
474710045.68644154,1274.0,268.2,52.80185378173063,0.2180181443691253,0.5009145736694336
474710645.68644154,993.0,284.3181818181818,57.39952353962295,0.1182157173752784,0.5413697957992554
474711845.68644154,3392.0,0.0,25.94447977237,0.2907492220401764,0.9184721112251282
474715445.68644154,7745.0,2.8125,-15.713861048008212,0.0676808804273605,0.7324643731117249
474718445.68644154,10588.0,125.68965517241378,-46.5718474134496,0.2465344816446304,0.990565836429596
474719045.68644154,10347.0,126.29032258064515,-43.40685848593699,0.5608741641044617,0.999942421913147
474719045.68644154,10588.0,125.68965517241378,-46.5718474134496,0.1312508732080459,0.9999957084655762
474719045.68644154,10703.0,126.96428571428572,-48.1412077943603,0.9998378753662108,0.6221457123756409
474719645.68644154,10703.0,126.96428571428572,-48.1412077943603,0.9540976881980896,0.5556380152702332
474723845.68644154,4061.0,82.96875,19.47122063449069,0.8720651268959045,0.5790736675262451
474723845.68644154,4067.0,99.84375,19.47122063449069,0.0727586597204208,0.8984630703926086
474728045.68644154,10316.0,36.29032258064516,-43.40685848593699,0.086256705224514,0.8761272430419922
474732845.68644154,2980.0,281.24999999999994,31.38816646434855,0.0544614940881729,0.8535782694816589
474735245.68644154,2408.0,112.5,37.16889965599945,0.0527897328138351,0.5089557766914368
474737645.68644154,10409.0,306.2903225806451,-43.40685848593699,0.154249370098114,0.9176443219184875
474744845.68644154,1058.0,181.9565217391304,55.873350435251986,0.8497509360313416,0.5143696069717407
474744845.68644154,2349.0,307.96875,38.68218745348943,0.7546339631080627,0.5347118973731995
474746645.68644154,3805.0,82.96875,22.02431283704216,0.6106758117675781,0.561477541923523
474747845.68644154,389.0,163.92857142857142,69.4225464945822,0.5641198754310608,0.5376330614089966
474747845.68644154,2697.0,205.31249999999991,34.228866327812575,0.0620418787002563,0.5236087441444397
474748445.68644154,389.0,163.92857142857142,69.4225464945822,0.6756826639175415,0.7970399260520935
474751445.68644154,11605.0,7.499999999999999,-63.448283680301046,0.1196557208895683,0.7432445883750916
474752645.68644154,9933.0,37.96875000000001,-38.68218745348943,0.0737618878483772,0.5603747367858887
474760445.68644154,10637.0,277.75862068965523,-46.5718474134496,0.2089117616415023,0.5714502930641174
474761645.68644154,6442.0,299.53125,-2.388015463268772,0.2823833227157593,0.5269039273262024
474765245.68644154,9707.0,122.34375,-35.68533471265205,0.2458065897226333,0.769709050655365
474765245.68644154,10703.0,126.96428571428572,-48.1412077943603,0.98558109998703,0.7321231961250305
474765845.68644154,4643.0,279.84375,14.477512185929925,0.0650181919336319,0.9526314735412598
474765845.68644154,11186.0,9.782608695652174,-55.87335043525198,0.4594838321208954,0.822873055934906
474766445.68644154,4643.0,279.84375,14.477512185929925,0.2885127663612366,0.8118199110031128
474768245.68644154,2908.0,78.75,31.38816646434855,0.0901162326335907,0.6262571811676025
474771245.68644154,10639.0,283.9655172413793,-46.5718474134496,0.1290185749530792,0.7623509764671326
474780245.68644154,779.0,87.75,60.43443884495228,0.0577053166925907,0.5880399346351624
474780845.68644154,3934.0,84.37499999999999,20.74237995448715,0.1892545670270919,0.5365619659423828
474786245.68644154,11973.0,342.69230769230774,-70.90666664467562,0.1071598008275032,0.8016796112060547
474798845.68644154,10589.0,128.79310344827587,-46.5718474134496,0.2421482503414154,0.9967471361160278
474798845.68644154,10590.0,131.89655172413794,-46.5718474134496,0.6743183732032776,0.6421810388565063
474799445.68644154,10590.0,131.89655172413794,-46.5718474134496,0.0730116367340087,0.807214617729187
474800645.68644154,239.0,159.54545454545453,73.86549608859848,0.0818503126502037,0.6185643076896667
474803045.68644154,1330.0,105.57692307692308,51.25580694880489,0.0686496198177337,0.6108013987541199
474803045.68644154,1512.0,1.607142857142857,48.14120779436029,0.0771693810820579,0.5377819538116455
474807845.68644154,4301.0,37.96875000000001,16.957763300004146,0.2143021374940872,0.5265452265739441
474808445.68644154,4301.0,37.96875000000001,16.957763300004146,0.1358389407396316,0.5835675001144409
474813845.68644154,2634.0,28.124999999999996,34.22886632781258,0.1806855350732803,0.6799460053443909
474815645.68644154,4071.0,111.09375,19.47122063449069,0.0538474805653095,0.6755034327507019
474817445.68644154,11654.0,252.50000000000003,-63.448283680301046,0.3410839736461639,0.7735023498535156
474818645.68644154,6946.0,277.03124999999994,-7.180755781458288,0.0771739035844802,0.7133674621582031
474819245.68644154,4538.0,343.12499999999994,15.713861048008212,0.1135234609246254,0.6230065226554871
474819245.68644154,10526.0,295.5,-44.99388015045713,0.1497879028320312,0.9876309037208557
474821645.68644154,11362.0,353.8636363636363,-57.39952353962295,0.0506586879491806,0.5499889254570007
474822245.68644154,11362.0,353.8636363636363,-57.39952353962295,0.2326602935791015,0.925944983959198
474825245.68644154,843.0,14.999999999999998,58.91977535280315,0.4492976367473602,0.594845712184906
474826445.68644154,4067.0,99.84375,19.47122063449069,0.1751085668802261,0.7500436902046204
474830645.68644154,4409.0,341.71874999999994,16.957763300004146,0.2002200633287429,0.7216862440109253
474831245.68644154,4409.0,341.71874999999994,16.957763300004146,0.1478512734174728,0.8384493589401245
474833045.68644154,11646.0,212.5,-63.448283680301046,0.8585330843925476,0.735216498374939
474836045.68644154,1569.0,184.82142857142856,48.14120779436029,0.0689729526638984,0.7001884579658508
474837245.68644154,2135.0,64.6875,40.228184728061095,0.7706749439239502,0.5865464210510254
474838445.68644154,4066.0,97.03125,19.47122063449069,0.2970884442329407,0.7939264178276062
474838445.68644154,4067.0,99.84375,19.47122063449069,0.174153447151184,0.798882007598877
474839045.68644154,1430.0,88.33333333333334,49.702390326630685,0.0621537193655967,0.6514318585395813
474840845.68644154,6315.0,300.9375,-1.1937484371410818,0.2005779892206192,0.9077058434486389
474842045.68644154,4410.0,344.53125,16.957763300004146,0.0921651199460029,0.6116600632667542
474842045.68644154,4539.0,345.9375,15.713861048008212,0.1307535022497177,0.7249987125396729
474846245.68644154,4883.0,234.84374999999997,12.024699180565818,0.0548258535563945,0.6476919054985046
474847445.68644154,6433.0,274.21875,-2.388015463268772,0.0960113108158111,0.6955559849739075
474853445.68644154,4794.0,343.12499999999994,13.248014905676952,0.9297345280647278,0.6913092732429504
474854045.68644154,4410.0,344.53125,16.957763300004146,0.0571421347558498,0.7825159430503845
474854045.68644154,4794.0,343.12499999999994,13.248014905676952,0.7376086711883545,0.7481040954589844
474860645.68644154,4066.0,97.03125,19.47122063449069,0.7610583901405334,0.6203153729438782
474863045.68644154,10125.0,216.56249999999997,-40.22818472806108,0.1019618436694145,0.613344132900238
474864245.68644154,7084.0,303.75,-8.385538647081319,0.0504529140889644,0.9360235929489136
474864845.68644154,8381.0,351.5625,-20.742379954487134,0.0572007857263088,0.5603139996528625
474866045.68644154,10347.0,126.29032258064515,-43.40685848593699,0.6138229966163635,0.8872379660606384
474866045.68644154,10348.0,129.19354838709677,-43.40685848593699,0.6595882773399353,0.9289555549621582
474866645.68644154,10347.0,126.29032258064515,-43.40685848593699,0.6877918839454651,0.9784519672393799
474866645.68644154,10348.0,129.19354838709677,-43.40685848593699,0.7287232875823975,0.9986911416053772
474866645.68644154,10470.0,127.5,-44.99388015045713,0.2681005895137787,0.9917773008346558
474866645.68644154,10589.0,128.79310344827587,-46.5718474134496,0.1694430559873581,0.9906591176986694
474867245.68644154,10347.0,126.29032258064515,-43.40685848593699,0.075564868748188,0.8921862244606018
474867245.68644154,10348.0,129.19354838709677,-43.40685848593699,0.0998553186655044,0.9939164519309998
474871445.68644154,4410.0,344.53125,16.957763300004146,0.3292880356311798,0.9433552026748657
474875045.68644154,9366.0,241.875,-31.388166464348544,0.1163026019930839,0.8100191950798035
474883445.68644154,2382.0,39.375,37.16889965599945,0.1144455522298812,0.5240328311920166
474887045.68644154,4666.0,344.53125,14.477512185929925,0.0900904089212417,0.9479976296424866
474887645.68644154,4410.0,344.53125,16.957763300004146,0.0554729029536247,0.9501825571060181
474887645.68644154,4539.0,345.9375,15.713861048008212,0.2190634906291961,0.6679220795631409
474893645.68644154,4410.0,344.53125,16.957763300004146,0.0695527344942092,0.9871314167976379
474899645.68644154,11094.0,24.375000000000004,-54.340912303861245,0.0934621170163154,0.8893339037895203
474903245.68644154,8987.0,257.34375,-27.27961273597812,0.0711868330836296,0.6193482875823975
474904445.68644154,5031.0,289.6875,10.806922874860348,0.8059993386268616,0.6183443665504456
474907445.68644154,2661.0,104.0625,34.22886632781258,0.1030999794602394,0.5555362701416016
474910445.68644154,9113.0,250.31249999999997,-28.630989836924357,0.0554924122989177,0.5286814570426941
474911045.68644154,4410.0,344.53125,16.957763300004146,0.0747209712862968,0.914529025554657
474911045.68644154,4538.0,343.12499999999994,15.713861048008212,0.0939915776252746,0.607090413570404
474911645.68644154,4538.0,343.12499999999994,15.713861048008212,0.0635044202208519,0.8777416944503784
474913445.68644154,11889.0,138.21428571428572,-69.4225464945822,0.0597978830337524,0.5951420664787292
474914645.68644154,7831.0,244.68749999999997,-15.713861048008212,0.1263728737831115,0.5032224655151367
474916445.68644154,2196.0,236.25,40.228184728061095,0.052692987024784,0.5193185210227966
474917045.68644154,2196.0,236.25,40.228184728061095,0.0633260533213615,0.7476511597633362
474918245.68644154,4066.0,97.03125,19.47122063449069,0.2240558564662933,0.5960934162139893
474921845.68644154,4665.0,341.71874999999994,14.47751218592994,0.0525567531585693,0.8357099890708923
474922445.68644154,4666.0,344.53125,14.477512185929925,0.5552745461463928,0.5441579222679138
474924845.68644154,11182.0,354.375,-54.340912303861245,0.2520574033260345,0.6619501113891602
474940445.68644154,2101.0,330.46875,41.81031489577859,0.7779557108879089,0.5718986392021179
474944045.68644154,4282.0,343.12499999999994,18.209956864283,0.0958821251988411,0.571020781993866
474944045.68644154,4410.0,344.53125,16.957763300004146,0.1739473789930343,0.8337166905403137
474944045.68644154,4666.0,344.53125,14.477512185929925,0.2562568485736847,0.9050692319869995
474944045.68644154,8752.0,316.40625,-24.62431835216408,0.0911437198519706,0.5698325037956238
474944645.68644154,4410.0,344.53125,16.957763300004146,0.0813047960400581,0.5406339764595032
474944645.68644154,4665.0,341.71874999999994,14.47751218592994,0.0773563534021377,0.969616174697876
474945245.68644154,4282.0,343.12499999999994,18.209956864283,0.0848778188228607,0.8458085060119629
474956645.68644154,4666.0,344.53125,14.477512185929925,0.7415013909339905,0.7758123278617859
474960845.68644154,2047.0,178.59374999999997,41.81031489577859,0.0613007247447967,0.6077492833137512
474962645.68644154,802.0,191.25,60.43443884495228,0.1746978610754013,0.6362024545669556
474964445.68644154,4061.0,82.96875,19.47122063449069,0.235231727361679,0.5307860970497131
474967445.68644154,12020.0,333.75,-72.38756092964962,0.5743688941001892,0.7129124402999878
474968045.68644154,9655.0,334.6875,-34.22886632781257,0.1022703126072883,0.7071474194526672
474968045.68644154,12020.0,333.75,-72.38756092964962,0.6450449228286743,0.9308438897132874
474968645.68644154,9654.0,331.875,-34.22886632781257,0.0665869265794754,0.5058874487876892
474973445.68644154,934.0,42.954545454545446,57.39952353962294,0.2524617612361908,0.6649476289749146
474973445.68644154,1115.0,43.124999999999986,54.340912303861245,0.2964580655097961,0.7701928615570068
474974045.68644154,2476.0,303.75,37.16889965599945,0.073960855603218,0.6239365339279175
474975245.68644154,3805.0,82.96875,22.02431283704216,0.0769843310117721,0.808718740940094
474978245.68644154,7453.0,262.96875,-12.024699180565818,0.0838158428668975,0.6359191536903381
474979445.68644154,4410.0,344.53125,16.957763300004146,0.0584103874862194,0.9118680357933044
474979445.68644154,4539.0,345.9375,15.713861048008212,0.1680088937282562,0.9844262599945068
474980045.68644154,4539.0,345.9375,15.713861048008212,0.0918129161000251,0.9990746974945068
474980645.68644154,10679.0,49.82142857142857,-48.1412077943603,0.0517756342887878,0.5341917276382446
474981845.68644154,11669.0,327.50000000000006,-63.448283680301046,0.6838728785514832,0.5756189823150635
474985445.68644154,511.0,177.1875,66.44353569089877,0.0659759119153022,0.8531011343002319
474986045.68644154,968.0,182.04545454545453,57.39952353962294,0.1241025850176811,0.776702880859375
474986645.68644154,4066.0,97.03125,19.47122063449069,0.3628793060779571,0.7413750290870667
474987245.68644154,4195.0,98.4375,18.209956864283,0.0511992499232292,0.6393530964851379
474987245.68644154,4316.0,80.15625,16.957763300004146,0.1274387538433075,0.6463061571121216
474993845.68644154,11655.0,257.49999999999994,-63.448283680301046,0.0666550770401954,0.5113488435745239
474998045.68644154,4067.0,99.84375,19.47122063449069,0.0687982067465782,0.792746901512146
474998645.68644154,4067.0,99.84375,19.47122063449069,0.0600871481001377,0.7251781821250916
475004045.68644154,11522.0,335.25,-60.4344388449523,0.539650022983551,0.9580238461494446
475004045.68644154,11598.0,333.94736842105266,-61.94383702315673,0.0746252760291099,0.8295954465866089
475007645.68644154,349.0,259.6153846153846,70.90666664467562,0.0720713064074516,0.6272287964820862
475008245.68644154,1539.0,88.39285714285714,48.14120779436029,0.2499553114175796,0.6726022362709045
475010045.68644154,7015.0,109.6875,-8.385538647081319,0.2149972319602966,0.585273802280426
475014245.68644154,8508.0,350.15625,-22.02431283704216,0.0558729134500026,0.5273935198783875
475015445.68644154,10221.0,127.96874999999996,-41.81031489577862,0.2143796235322952,0.552754282951355
475015445.68644154,11800.0,317.8125,-66.44353569089876,0.3581938743591308,0.6098002195358276
475016045.68644154,10590.0,131.89655172413794,-46.5718474134496,0.8232587575912476,0.6401351690292358
475016645.68644154,10590.0,131.89655172413794,-46.5718474134496,0.4873432517051697,0.8228824734687805
475017245.68644154,10835.0,198.33333333333331,-49.702390326630706,0.0650019794702529,0.7166333794593811
475017845.68644154,4634.0,254.53125,14.477512185929925,0.0881731361150741,0.6843380928039551
475023845.68644154,7085.0,306.56249999999994,-8.385538647081319,0.052596129477024,0.6725541353225708
475024445.68644154,7085.0,306.56249999999994,-8.385538647081319,0.0673766061663627,0.8150984644889832
475031543.89563626,3154.0,50.625,28.630989836924343,0.0530518852174282,0.5831249952316284
475036343.89563626,4410.0,344.53125,16.957763300004146,0.107219286262989,0.8215336799621582
475036343.89563626,9916.0,348.74999999999994,-37.168899655999454,0.0809929817914962,0.8750885725021362
475036943.89563626,4409.0,341.71874999999994,16.957763300004146,0.2128765285015106,0.6453753709793091
475040543.89563626,1594.0,265.1785714285714,48.14120779436029,0.0551895648241043,0.5434715747833252
475043543.89563626,4195.0,98.4375,18.209956864283,0.3109799921512604,0.755162239074707
475049543.89563626,10470.0,127.5,-44.99388015045713,0.0740032121539115,0.7667115330696106
475050143.89563626,10347.0,126.29032258064515,-43.40685848593699,0.1554874330759048,0.6396453380584717
475050143.89563626,10348.0,129.19354838709677,-43.40685848593699,0.0537978820502758,0.7377858757972717
475050143.89563626,10589.0,128.79310344827587,-46.5718474134496,0.3960608243942261,0.8902158141136169
475054343.89563626,4323.0,99.84375,16.957763300004146,0.6097238063812256,0.6652266383171082
475054943.89563626,3804.0,80.15625,22.02431283704216,0.0943579822778701,0.7558221220970154
475054943.89563626,4066.0,97.03125,19.47122063449069,0.2321824729442596,0.9068078994750977
475054943.89563626,4067.0,99.84375,19.47122063449069,0.0898313373327255,0.9477818608283997
475054943.89563626,4195.0,98.4375,18.209956864283,0.1057576909661293,0.9480870962142944
475054943.89563626,4323.0,99.84375,16.957763300004146,0.3960172235965729,0.7608663439750671
475055543.89563626,4195.0,98.4375,18.209956864283,0.1066552400588989,0.8487686514854431
475056143.89563626,4194.0,95.625,18.209956864283,0.7900176644325256,0.6582602262496948
475056143.89563626,4323.0,99.84375,16.957763300004146,0.4593009352684021,0.7829298377037048
475059143.89563626,9150.0,354.375,-28.630989836924357,0.1048149690032005,0.6280404329299927
475066943.89563626,1771.0,94.5,44.99388015045712,0.0849082320928573,0.8174936175346375
475071143.89563626,4409.0,341.71874999999994,16.957763300004146,0.0640614032745361,0.561536967754364
475077743.89563626,781.0,96.75,60.43443884495228,0.1254862546920776,0.5887829065322876
475078343.89563626,781.0,96.75,60.43443884495228,0.0973816439509391,0.5398340821266174
475082543.89563626,4538.0,343.12499999999994,15.713861048008212,0.0851701349020004,0.5117535591125488
475089743.89563626,4067.0,99.84375,19.47122063449069,0.0628807172179222,0.5452584028244019
475089743.89563626,4451.0,98.4375,15.713861048008212,0.9918935298919678,0.7089087963104248
475092143.89563626,8603.0,255.93749999999991,-23.31795706533424,0.1274414956569671,0.548886239528656
475092143.89563626,10258.0,232.03124999999997,-41.81031489577862,0.0591404885053634,0.7411454319953918
475092743.89563626,6828.0,303.75,-5.979156796301311,0.0902902334928512,0.5366552472114563
475093343.89563626,5048.0,337.49999999999994,10.806922874860348,0.0664808005094528,0.5606768131256104
475099343.89563626,4665.0,341.71874999999994,14.47751218592994,0.0968650504946708,0.9349344968795776
475101143.89563626,2006.0,63.28125,41.8103148957786,0.3302510678768158,0.6990957260131836
475106543.89563626,11442.0,336.4285714285714,-58.91977535280316,0.1286297589540481,0.5577386021614075
475108343.89563626,10589.0,128.79310344827587,-46.5718474134496,0.1629509478807449,0.5160555839538574
475110143.89563626,1436.0,108.33333333333331,49.70239032663069,0.131907433271408,0.9115697741508484
475110743.89563626,1436.0,108.33333333333331,49.70239032663069,0.1780286431312561,0.9702407121658325
475116143.89563626,8121.0,340.3125,-18.209956864283,0.101647600531578,0.6889072060585022
475116743.89563626,4409.0,341.71874999999994,16.957763300004146,0.1664382368326187,0.7024275064468384
475120943.89563626,382.0,118.92857142857144,69.4225464945822,0.1686120927333831,0.587031364440918
475123943.89563626,3027.0,54.84375,30.000000000000007,0.197667583823204,0.6534130573272705
475128143.89563626,9127.0,289.6875,-28.630989836924357,0.5619381070137024,0.647291898727417
475131743.89563626,1160.0,211.87499999999997,54.340912303861245,0.0645482614636421,0.5716874003410339
475132343.89563626,1160.0,211.87499999999997,54.340912303861245,0.0572537556290626,0.6545907258987427
475132343.89563626,2467.0,278.4375,37.16889965599945,0.0798140168190002,0.7176973819732666
475135343.89563626,4451.0,98.4375,15.713861048008212,0.933506190776825,0.9525871276855469
475135943.89563626,4323.0,99.84375,16.957763300004146,0.747971773147583,0.7388452291488647
475138343.89563626,10883.0,358.3333333333333,-49.702390326630706,0.1246955096721649,0.896999180316925
475140743.89563626,10040.0,338.90625,-38.68218745348943,0.2840576469898224,0.6919375061988831
475141343.89563626,10040.0,338.90625,-38.68218745348943,0.2268480807542801,0.8384239673614502
475146143.89563626,3933.0,81.56249999999999,20.742379954487134,0.2469712048768997,0.8612284660339355
475146743.89563626,3933.0,81.56249999999999,20.742379954487134,0.2208518534898758,0.8646300435066223
475149743.89563626,12060.0,298.6363636363636,-73.86549608859849,0.193893164396286,0.6031072735786438
475150343.89563626,12060.0,298.6363636363636,-73.86549608859849,0.1479963064193725,0.6491457223892212
475153943.89563626,10016.0,271.40624999999994,-38.68218745348943,0.2016348838806152,0.7055590152740479
475158143.89563626,3933.0,81.56249999999999,20.742379954487134,0.2465212345123291,0.5101878643035889
475158143.89563626,4061.0,82.96875,19.47122063449069,0.6598195433616638,0.5494029521942139
475158743.89563626,3580.0,170.15625,24.62431835216408,0.096679039299488,0.5824518799781799
475159943.89563626,6926.0,220.78124999999997,-7.180755781458288,0.1276080161333084,0.7211810350418091
475160543.89563626,6926.0,220.78124999999997,-7.180755781458288,0.0620031841099262,0.6407862901687622
475161143.89563626,8727.0,246.09374999999991,-24.62431835216408,0.1441470384597778,0.5642409324645996
475161743.89563626,6582.0,331.875,-3.583321698471977,0.2105880081653595,0.7102674245834351
475165943.89563626,5136.0,226.40624999999997,9.594068226860458,0.0517058931291103,0.9190090298652649
475166543.89563626,1349.0,171.34615384615387,51.25580694880489,0.4389668703079223,0.980676531791687
475167743.89563626,1137.0,125.625,54.340912303861245,0.6550285220146179,0.5652326941490173
475171943.89563626,4630.0,243.28124999999991,14.477512185929925,0.1525723487138748,0.5220023393630981
475171943.89563626,12050.0,216.8181818181818,-73.86549608859849,0.1966801434755325,0.5783514380455017
475174343.89563626,9547.0,30.937499999999996,-34.22886632781257,0.0550054460763931,0.5416477918624878
475182743.89563626,9734.0,198.28124999999997,-35.68533471265205,0.6110034584999084,0.5970360040664673
475187543.89563626,10909.0,88.26923076923076,-51.25580694880492,0.1595270782709121,0.5120440721511841
475188143.89563626,10909.0,88.26923076923076,-51.25580694880492,0.1172112971544265,0.7266797423362732
475189943.89563626,1343.0,150.57692307692307,51.25580694880489,0.0513679385185241,0.7474587559700012
475199543.89563626,9628.0,258.75,-34.22886632781257,0.1330302655696869,0.5084884166717529
475206143.89563626,7838.0,264.375,-15.713861048008212,0.0820108354091644,0.8776214122772217
475206743.89563626,7838.0,264.375,-15.713861048008212,0.4534644484519958,0.9654307961463928
475207943.89563626,11365.0,6.428571428571429,-58.91977535280316,0.1777265816926956,0.559871256351471
475219343.89563626,4665.0,341.71874999999994,14.47751218592994,0.0534517765045166,0.7083241939544678
475232543.89563626,11082.0,340.2,-52.801853781730614,0.5255820751190186,0.5111846327781677
475233143.89563626,11355.0,325.22727272727275,-57.39952353962295,0.0837289541959762,0.9607325196266174
475237343.89563626,3044.0,102.65625,30.000000000000007,0.0633634701371193,0.5441401600837708
475241543.89563626,7871.0,357.18749999999994,-15.713861048008212,0.0555160902440547,0.5341504216194153
475242143.89563626,4410.0,344.53125,16.957763300004146,0.1084295287728309,0.985340416431427
475244543.89563626,7270.0,106.875,-10.806922874860348,0.0571973174810409,0.6589698195457458
475245743.89563626,11421.0,246.42857142857147,-58.91977535280316,0.4906609654426574,0.504779577255249
475249943.89563626,4329.0,116.71875,16.957763300004146,0.0802972167730331,0.5642616152763367
475250543.89563626,1769.0,88.5,44.99388015045713,0.1375712156295776,0.9189794659614563
475269743.89563626,3090.0,232.03124999999997,30.000000000000007,0.0731119513511657,0.7043058276176453
475270943.89563626,3136.0,0.0,28.630989836924343,0.0716903805732727,0.8012917637825012
475274543.89563626,11735.0,315.0,-64.94808409550689,0.1056771129369735,0.5967152118682861
475275143.89563626,11735.0,315.0,-64.94808409550689,0.0856357365846633,0.8276298642158508
475279943.89563626,5777.0,227.81249999999997,3.583321698471977,0.1491343080997467,0.6819619536399841
475280543.89563626,5777.0,227.81249999999997,3.583321698471977,0.1807411462068557,0.5430463552474976
475282343.89563626,1650.0,82.24137931034483,46.57184741344958,0.1644916087388992,0.5695732831954956
475282943.89563626,1650.0,82.24137931034483,46.57184741344958,0.0578337460756301,0.6791446208953857
475288343.89563626,7736.0,338.90625,-14.477512185929925,0.0826531127095222,0.503460705280304
475294343.89563626,4061.0,82.96875,19.47122063449069,0.8982889652252197,0.7039903402328491
475294343.89563626,4195.0,98.4375,18.209956864283,0.108794629573822,0.6141554117202759
475294343.89563626,4322.0,97.03125,16.957763300004146,0.6778151392936707,0.847682535648346
475294943.89563626,4061.0,82.96875,19.47122063449069,0.7322373986244202,0.7309536337852478
475294943.89563626,4194.0,95.625,18.209956864283,0.0779828205704689,0.9225799441337585
475294943.89563626,4195.0,98.4375,18.209956864283,0.0851127132773399,0.9661256074905396
475294943.89563626,4322.0,97.03125,16.957763300004146,0.4501372277736664,0.9746437668800354
475294943.89563626,6361.0,71.71874999999999,-2.388015463268772,0.7305653095245361,0.7019360661506653
475299143.89563626,4792.0,337.49999999999994,13.248014905676952,0.241216778755188,0.9542191028594971
475299143.89563626,6185.0,296.71874999999994,0.0,0.2056014090776443,0.636292040348053
475299743.89563626,4792.0,337.49999999999994,13.248014905676952,0.1086509972810745,0.9424397349357605
475300343.89563626,5048.0,337.49999999999994,10.806922874860348,0.0517704598605632,0.6444966197013855
475309343.89563626,9478.0,198.28125,-32.79716829582364,0.1136761680245399,0.9800816178321838
475310543.89563626,4792.0,337.49999999999994,13.248014905676952,0.078054241836071,0.7066936492919922
475315343.89563626,2457.0,250.31249999999997,37.16889965599945,0.0650231465697288,0.7586474418640137
475317743.89563626,3681.0,92.8125,23.31795706533424,0.1655300259590149,0.5345914959907532
475317743.89563626,3808.0,91.40625,22.02431283704216,0.4269732236862182,0.6818660497665405
475318343.89563626,3552.0,91.40625,24.62431835216408,0.0563535988330841,0.5730375647544861
475321943.89563626,4919.0,336.09375,12.024699180565818,0.6299234628677368,0.6326038837432861
475321943.89563626,7587.0,278.4375,-13.248014905676952,0.8265330791473389,0.7268281579017639
475322543.89563626,4919.0,336.09375,12.024699180565818,0.9175655245780944,0.9335403442382812
475322543.89563626,5048.0,337.49999999999994,10.806922874860348,0.194770872592926,0.9007461071014404
475322543.89563626,7457.0,274.21875,-12.024699180565818,0.0820677876472473,0.5750095248222351
475323143.89563626,10998.0,37.8,-52.80185378173064,0.1245524287223815,0.5146002769470215
475324943.89563626,10312.0,24.677419354838715,-43.40685848593699,0.1471485495567321,0.6073548197746277
475326743.89563626,3502.0,309.375,25.94447977237,0.2500593066215515,0.5429297685623169
475330943.89563626,330.0,128.0769230769231,70.90666664467562,0.0569869838654994,0.6450046300888062
475330943.89563626,383.0,125.35714285714286,69.4225464945822,0.3937029838562011,0.558902382850647
475333343.89563626,5668.0,282.65625,4.780191847199163,0.2114245742559433,0.916435182094574
475335743.89563626,8895.0,357.18749999999994,-25.944479772370016,0.2426899224519729,0.7667970061302185
475340543.89563626,4061.0,82.96875,19.47122063449069,0.1659383624792099,0.7152726650238037
475340543.89563626,4067.0,99.84375,19.47122063449069,0.0975393205881118,0.6967084407806396
475341143.89563626,8163.0,99.84375,-19.47122063449069,0.1357907056808471,0.9988237023353577
475347143.89563626,7382.0,63.28125,-12.024699180565818,0.1298528462648391,0.7288686633110046
475349543.89563626,2333.0,262.96875,38.68218745348943,0.0971613973379135,0.5935346484184265
475350143.89563626,2333.0,262.96875,38.68218745348943,0.0580856651067733,0.5996332764625549
475351943.89563626,3933.0,81.56249999999999,20.742379954487134,0.2158862948417663,0.558311939239502
475356743.89563626,10184.0,23.90625,-41.81031489577862,0.1738420575857162,0.6054153442382812
475358543.89563626,12173.0,331.875,-78.28414760510762,0.0725469514727592,0.5049101114273071
475365143.89563626,5541.0,284.0625,5.979156796301311,0.0552433431148529,0.5215728282928467
475365743.89563626,7835.0,255.93749999999991,-15.713861048008212,0.1112029254436492,0.5732030272483826
475365743.89563626,12104.0,328.5,-75.34073424154306,0.0894184634089469,0.6152183413505554
475366943.89563626,7072.0,270.0,-8.385538647081319,0.0897227078676223,0.7638896703720093
475366943.89563626,11522.0,335.25,-60.4344388449523,0.0555884651839733,0.7111179232597351
475375343.89563626,3806.0,85.78124999999999,22.02431283704216,0.1715918034315109,0.7427969574928284
475378343.89563626,9779.0,324.84375,-35.68533471265205,0.101235955953598,0.9596558213233948
475379543.89563626,7335.0,289.6875,-10.806922874860348,0.0887122601270675,0.562294602394104
475396343.89563626,1304.0,15.576923076923077,51.25580694880489,0.1947605311870575,0.8239060640335083
475396343.89563626,2620.0,350.15625,35.68533471265204,0.0670434609055519,0.8394405245780945
475398743.89563626,1327.0,95.1923076923077,51.25580694880489,0.5470073819160461,0.6692972779273987
475401143.89563626,7085.0,306.56249999999994,-8.385538647081319,0.0675241574645042,0.7914698719978333
475401743.89563626,4792.0,337.49999999999994,13.248014905676952,0.0728235095739364,0.9390311241149902
475401743.89563626,4793.0,340.3125,13.248014905676952,0.142214834690094,0.850767970085144
475401743.89563626,5048.0,337.49999999999994,10.806922874860348,0.1986242830753326,0.9915533661842346
475402343.89563626,4792.0,337.49999999999994,13.248014905676952,0.0657119452953338,0.983354389667511
475402343.89563626,4793.0,340.3125,13.248014905676952,0.1909653395414352,0.981853187084198
475402343.89563626,5048.0,337.49999999999994,10.806922874860348,0.2365131825208664,0.9960013031959534
475402343.89563626,5176.0,338.90625,9.594068226860458,0.9142031073570251,0.6467032432556152
475402343.89563626,5673.0,296.71874999999994,4.780191847199163,0.1155908703804016,0.8380518555641174
475403543.89563626,10573.0,79.13793103448276,-46.5718474134496,0.2574017941951751,0.5795736908912659
475404743.89563626,10349.0,132.09677419354838,-43.40685848593699,0.5309544801712036,0.5662018060684204
475404743.89563626,10470.0,127.5,-44.99388015045713,0.0681409686803817,0.5979841947555542
475404743.89563626,10589.0,128.79310344827587,-46.5718474134496,0.8689911365509033,0.9914279580116272
475408943.89563626,3933.0,81.56249999999999,20.742379954487134,0.1122538745403289,0.7261279225349426
475409543.89563626,4067.0,99.84375,19.47122063449069,0.1087884753942489,0.7285540103912354
475410143.89563626,4067.0,99.84375,19.47122063449069,0.1277286261320114,0.9712751507759094
475410743.89563626,4345.0,161.71875,16.957763300004146,0.084368847310543,0.9714176058769226
475412543.89563626,11252.0,268.04347826086956,-55.87335043525198,0.069529078900814,0.5359230041503906
475413143.89563626,5048.0,337.49999999999994,10.806922874860348,0.1221528574824333,0.9999717473983765
475413143.89563626,11252.0,268.04347826086956,-55.87335043525198,0.4701848924160003,0.9195167422294617
475413743.89563626,4792.0,337.49999999999994,13.248014905676952,0.1611722409725189,0.9997432827949524
475413743.89563626,4920.0,338.90625,12.024699180565818,0.0692713484168052,0.996206521987915
475413743.89563626,5048.0,337.49999999999994,10.806922874860348,0.2075395584106445,0.9990997314453125
475413743.89563626,5049.0,340.3125,10.806922874860348,0.3232209682464599,0.8149818181991577
475413743.89563626,11252.0,268.04347826086956,-55.87335043525198,0.2261107414960861,0.9888584613800049
475414343.89563626,4920.0,338.90625,12.024699180565818,0.2295949310064315,0.9880784153938293
475414343.89563626,5048.0,337.49999999999994,10.806922874860348,0.2196936160326004,0.9470999240875244
475419143.89563626,1651.0,85.3448275862069,46.57184741344958,0.0510771311819553,0.689648449420929
475419143.89563626,4539.0,345.9375,15.713861048008212,0.9693288803100586,0.6498146653175354
475421543.89563626,4851.0,144.84375,12.024699180565818,0.0726522877812385,0.7905267477035522
475425743.89563626,11590.0,296.05263157894734,-61.94383702315673,0.9528989791870116,0.670436441898346
475435343.89563626,10748.0,271.60714285714283,-48.1412077943603,0.1583645343780517,0.52560955286026
475435943.89563626,4792.0,337.49999999999994,13.248014905676952,0.2418716549873352,0.8907434940338135
475435943.89563626,4919.0,336.09375,12.024699180565818,0.515539824962616,0.9317489266395569
475435943.89563626,4920.0,338.90625,12.024699180565818,0.0571464523673057,0.9511150121688843
475435943.89563626,5048.0,337.49999999999994,10.806922874860348,0.3045147955417633,0.8716750144958496
475435943.89563626,5176.0,338.90625,9.594068226860458,0.9470467567443848,0.9669370055198669
475436543.89563626,4792.0,337.49999999999994,13.248014905676952,0.0622189529240131,0.9981721639633179
475436543.89563626,4919.0,336.09375,12.024699180565818,0.1705605685710907,0.999833345413208
475436543.89563626,5048.0,337.49999999999994,10.806922874860348,0.1750554591417312,0.9990034699440002
475436543.89563626,5176.0,338.90625,9.594068226860458,0.7274472713470459,0.9998223185539246
475437143.89563626,4792.0,337.49999999999994,13.248014905676952,0.0569429844617843,0.7389864921569824
475440143.89563626,4232.0,202.49999999999991,18.209956864283,0.1332808285951614,0.7023209929466248
475440743.89563626,0.0,45.0,88.53802883735207,0.40265554189682,0.5884160995483398
475440743.89563626,225.0,44.99999999999999,73.86549608859848,0.0645123943686485,0.5867090821266174
475440743.89563626,4232.0,202.49999999999991,18.209956864283,0.1437994390726089,0.9349600076675415
475446143.89563626,12138.0,305.0,-76.81353334098657,0.296710729598999,0.5801138281822205
475446743.89563626,4919.0,336.09375,12.024699180565818,0.1992136090993881,0.9468845129013062
475446743.89563626,4920.0,338.90625,12.024699180565818,0.3198247849941253,0.7536010146141052
475446743.89563626,5048.0,337.49999999999994,10.806922874860348,0.6534211039543152,0.9936688542366028
475446743.89563626,12061.0,306.8181818181818,-73.86549608859849,0.0909115746617317,0.7190428972244263
475446743.89563626,12138.0,305.0,-76.81353334098657,0.8555559515953064,0.9316427111625671
475447343.89563626,4919.0,336.09375,12.024699180565818,0.2180312871932983,0.9983381032943726
475447343.89563626,4920.0,338.90625,12.024699180565818,0.2862271666526794,0.9845747947692871
475447343.89563626,5048.0,337.49999999999994,10.806922874860348,0.4163322746753692,0.9980762004852295
475447343.89563626,12138.0,305.0,-76.81353334098657,0.665289044380188,0.9550713896751404
475456343.89563626,7803.0,165.9375,-15.713861048008212,0.1923578232526779,0.77580326795578
475456943.89563626,7803.0,165.9375,-15.713861048008212,0.0634630024433136,0.7862945199012756
475459343.89563626,4792.0,337.49999999999994,13.248014905676952,0.4900321662425995,0.8384978175163269
475459943.89563626,5049.0,340.3125,10.806922874860348,0.6195979714393616,0.657207190990448
475459943.89563626,9658.0,343.12499999999994,-34.22886632781257,0.071963794529438,0.5192086696624756
475470143.89563626,8103.0,289.6875,-18.209956864283015,0.0947460830211639,0.6296793222427368
475477943.89563626,4196.0,101.25,18.209956864283,0.1122402027249336,0.7233226299285889
475478543.89563626,4578.0,97.03125,14.477512185929925,0.802406370639801,0.5623064041137695
475481543.89563626,5048.0,337.49999999999994,10.806922874860348,0.2265429943799972,0.575632631778717
475491743.89563626,11572.0,210.78947368421052,-61.94383702315673,0.549121618270874,0.5531564950942993
475492343.89563626,10873.0,325.0,-49.702390326630706,0.2972913086414337,0.6471023559570312
475492343.89563626,10955.0,247.50000000000003,-51.25580694880492,0.5447565913200378,0.5525423288345337
475492343.89563626,11572.0,210.78947368421052,-61.94383702315673,0.5214769244194031,0.9212492108345032
475492943.89563626,10873.0,325.0,-49.702390326630706,0.2902717888355255,0.914483368396759
475500743.89563626,4323.0,99.84375,16.957763300004146,0.1382341831922531,0.508944034576416
475501343.89563626,4066.0,97.03125,19.47122063449069,0.1224923282861709,0.596484899520874
475501343.89563626,4322.0,97.03125,16.957763300004146,0.1007104367017746,0.7423814535140991
475501343.89563626,4323.0,99.84375,16.957763300004146,0.3091767728328705,0.71967613697052
475504343.89563626,5283.0,278.4375,8.385538647081319,0.3058145046234131,0.6053690314292908
475512143.89563626,3048.0,113.90625,30.000000000000007,0.153090626001358,0.6035380363464355
475512143.89563626,4067.0,99.84375,19.47122063449069,0.0555511750280857,0.7060838341712952
475512743.89563626,1883.0,68.22580645161291,43.40685848593699,0.1723709553480148,0.5696455836296082
475512743.89563626,2136.0,67.5,40.228184728061095,0.1765193343162536,0.6368817687034607
475512743.89563626,4322.0,97.03125,16.957763300004146,0.0522199161350727,0.5798207521438599
475521743.89563626,1127.0,88.125,54.340912303861245,0.0744578391313552,0.7291688919067383
475525343.89563626,3694.0,129.375,23.31795706533424,0.1809341609477996,0.60976642370224
475526543.89563626,7064.0,247.49999999999997,-8.385538647081319,0.2853097915649414,0.7283804416656494
475526543.89563626,7336.0,292.5,-10.806922874860348,0.142045721411705,0.571219801902771
475527143.89563626,7336.0,292.5,-10.806922874860348,0.085154078900814,0.8453258275985718
475540343.89563626,6591.0,357.18749999999994,-3.583321698471977,0.3087936043739319,0.8084884881973267
475542143.89563626,11263.0,311.0869565217391,-55.87335043525198,0.1027764305472374,0.7542335987091064
475542743.89563626,11263.0,311.0869565217391,-55.87335043525198,0.1244792342185974,0.9670639634132385
475551743.89563626,11854.0,279.0,-67.93492864899142,0.6439668536186218,0.5078944563865662
475558343.89563626,3934.0,84.37499999999999,20.74237995448715,0.0524326786398887,0.7432072162628174
475560743.89563626,7323.0,255.93749999999991,-10.806922874860348,0.0555623620748519,0.7830726504325867
475560743.89563626,7450.0,254.53125,-12.024699180565818,0.0565439984202384,0.7635616064071655
475561343.89563626,6809.0,250.31249999999997,-5.979156796301311,0.0501741170883178,0.5789482593536377
475563143.89563626,9804.0,33.75,-37.168899655999454,0.086058460175991,0.8995088338851929
475563743.89563626,9804.0,33.75,-37.168899655999454,0.0537041947245597,0.9600348472595215
475567943.89563626,833.0,330.75000000000006,60.43443884495228,0.0618403144180774,0.7644619941711426
475569143.89563626,4067.0,99.84375,19.47122063449069,0.0711161643266677,0.6237037181854248
475569143.89563626,4322.0,97.03125,16.957763300004146,0.1105643436312675,0.8246886730194092
475569743.89563626,3933.0,81.56249999999999,20.742379954487134,0.0969017595052719,0.6896181106567383
475569743.89563626,4322.0,97.03125,16.957763300004146,0.1528631597757339,0.911875307559967
475570343.89563626,776.0,74.25,60.43443884495228,0.3513530492782593,0.5963802337646484
475576343.89563626,10589.0,128.79310344827587,-46.5718474134496,0.0651279687881469,0.7434245347976685
475576343.89563626,10590.0,131.89655172413794,-46.5718474134496,0.0782877057790756,0.5559577941894531
475579943.89563626,3678.0,84.37499999999999,23.31795706533424,0.1285780221223831,0.8544453978538513
475581143.89563626,4066.0,97.03125,19.47122063449069,0.1730262637138366,0.5053069591522217
475581143.89563626,4067.0,99.84375,19.47122063449069,0.115032359957695,0.6135232448577881
475586543.89563626,10544.0,349.5,-44.99388015045713,0.1357750445604324,0.5752118825912476
475587143.89563626,10544.0,349.5,-44.99388015045713,0.1850076615810394,0.8466364145278931
475588943.89563626,3090.0,232.03124999999997,30.000000000000007,0.0686297267675399,0.8533375263214111
475590143.89563626,3752.0,292.5,23.31795706533424,0.1472357362508773,0.5237945914268494
475596143.89563626,5034.0,298.125,10.806922874860348,0.1897370517253875,0.5607820749282837
475604543.89563626,4455.0,109.6875,15.713861048008212,0.1255464702844619,0.5413020253181458
475606943.89563626,11334.0,239.31818181818176,-57.39952353962295,0.4901725351810455,0.547339141368866
475607543.89563626,9893.0,284.0625,-37.168899655999454,0.0630658566951751,0.5607010722160339
475608143.89563626,7335.0,289.6875,-10.806922874860348,0.8910419940948486,0.5796006321907043
475610543.89563626,9608.0,202.49999999999991,-34.22886632781257,0.1094270423054695,0.7034171223640442
475611143.89563626,8718.0,220.78124999999991,-24.62431835216408,0.1057806760072708,0.5900948643684387
475611743.89563626,11573.0,215.52631578947367,-61.94383702315673,0.193147674202919,0.580880343914032
475612943.89563626,2362.0,344.53125,38.68218745348943,0.1894065886735916,0.572062611579895
475612943.89563626,5136.0,226.40624999999997,9.594068226860458,0.2946372926235199,0.794732928276062
475613543.89563626,2240.0,1.40625,38.68218745348943,0.1322932690382003,0.8753036260604858
475613543.89563626,2362.0,344.53125,38.68218745348943,0.1340524852275848,0.6391860246658325
475615943.89563626,4322.0,97.03125,16.957763300004146,0.1171498149633407,0.7989690899848938
475617143.89563626,4734.0,174.37499999999997,13.248014905676952,0.064993180334568,0.7011845111846924
475621943.89563626,10589.0,128.79310344827587,-46.5718474134496,0.1785076856613159,0.957299530506134
475622543.89563626,10589.0,128.79310344827587,-46.5718474134496,0.0879966020584106,0.9006918668746948
475622543.89563626,10703.0,126.96428571428572,-48.1412077943603,0.8568046689033508,0.9527300596237183
475625543.89563626,1439.0,118.33333333333334,49.70239032663069,0.0541973337531089,0.567682147026062
475629743.89563626,8094.0,264.375,-18.209956864283,0.1062932461500167,0.5087559223175049
475641569.9247461,7999.0,358.59374999999994,-16.957763300004146,0.0981202498078346,0.5565270185470581
475641569.9247461,9762.0,277.03124999999994,-35.68533471265205,0.4143186211585998,0.6752300262451172
475642169.9247461,7999.0,358.59374999999994,-16.957763300004146,0.1283501237630844,0.8444554209709167
475645769.9247461,5136.0,226.40624999999997,9.594068226860458,0.0650691017508506,0.5906918048858643
475647569.9247461,4920.0,338.90625,12.024699180565818,0.8301709294319153,0.8557819128036499
475648169.9247461,4920.0,338.90625,12.024699180565818,0.2060430198907852,0.739926278591156
475648169.9247461,5048.0,337.49999999999994,10.806922874860348,0.0500483363866806,0.7648963928222656
475648769.9247461,3933.0,81.56249999999999,20.742379954487134,0.2331613153219223,0.7674839496612549
475649369.9247461,3933.0,81.56249999999999,20.742379954487134,0.3631736934185028,0.8039582371711731
475649369.9247461,4061.0,82.96875,19.47122063449069,0.6330993175506592,0.633487343788147
475649969.9247461,3934.0,84.37499999999999,20.74237995448715,0.0685533881187439,0.7683383822441101
475649969.9247461,4322.0,97.03125,16.957763300004146,0.0568267665803432,0.6794449090957642
475652369.9247461,9132.0,303.75,-28.630989836924357,0.0535894334316253,0.6037274599075317
475652369.9247461,9388.0,303.75,-31.388166464348544,0.3552193939685821,0.7341843247413635
475657769.9247461,2165.0,149.0625,40.228184728061095,0.0509620793163776,0.6180199980735779
475658369.9247461,2165.0,149.0625,40.228184728061095,0.0501496568322181,0.8929603695869446
475660769.9247461,4066.0,97.03125,19.47122063449069,0.1526372879743576,0.8615724444389343
475660769.9247461,4067.0,99.84375,19.47122063449069,0.1066786497831344,0.968854546546936
475660769.9247461,4322.0,97.03125,16.957763300004146,0.1134205237030983,0.8913386464118958
475660769.9247461,4323.0,99.84375,16.957763300004146,0.8084789514541626,0.9697011113166809
475661369.9247461,4323.0,99.84375,16.957763300004146,0.1823852956295013,0.7973684072494507
475662569.9247461,279.0,116.25,72.38756092964962,0.0519553944468498,0.6924018859863281
475665569.9247461,4920.0,338.90625,12.024699180565818,0.0679783597588539,0.9094545841217041
475667369.9247461,10588.0,125.68965517241378,-46.5718474134496,0.7429148554801941,0.7092989683151245
475667969.9247461,9242.0,254.53125,-30.000000000000018,0.1125000789761543,0.5177874565124512
475667969.9247461,10588.0,125.68965517241378,-46.5718474134496,0.9620090126991272,0.8332447409629822
475668569.9247461,9499.0,257.34375,-32.79716829582364,0.2179782390594482,0.9043080806732178
475668569.9247461,11575.0,224.99999999999997,-61.94383702315673,0.9214303493499756,0.82445228099823
475672769.9247461,2909.0,81.56249999999999,31.38816646434855,0.0569845326244831,0.6596164703369141
475672769.9247461,3677.0,81.56249999999999,23.31795706533424,0.1027928814291954,0.7748555541038513
475672769.9247461,3933.0,81.56249999999999,20.742379954487134,0.1688759624958038,0.6865844130516052
475676969.9247461,8366.0,309.375,-20.74237995448715,0.3202963173389435,0.8188579082489014
475677569.9247461,11667.0,317.5,-63.448283680301046,0.0528889223933219,0.5017324686050415
475679969.9247461,10922.0,133.26923076923077,-51.25580694880492,0.1766656935214996,0.5556098222732544
475684169.9247461,4444.0,78.75,15.713861048008212,0.2012196779251098,0.7248985171318054
475692569.9247461,740.0,267.6315789473684,61.9438370231567,0.0616747736930847,0.5564255118370056
475695569.9247461,3933.0,81.56249999999999,20.742379954487134,0.3265739977359772,0.7779417634010315
475696169.9247461,6525.0,171.56249999999997,-3.583321698471977,0.0818869471549987,0.5296204686164856
475697369.9247461,5136.0,226.40624999999997,9.594068226860458,0.1258948594331741,0.6387613415718079
475709969.9247461,5175.0,336.09375,9.594068226860458,0.0640265494585037,0.5119962096214294
475710569.9247461,4919.0,336.09375,12.024699180565818,0.106962002813816,0.5148098468780518
475727969.9247461,330.0,128.0769230769231,70.90666664467562,0.2571115791797638,0.5433798432350159
475732769.9247461,5287.0,289.6875,8.385538647081319,0.2334378063678741,0.5781440138816833
475733369.9247461,7602.0,320.625,-13.248014905676952,0.0868895649909973,0.544109582901001
475736369.9247461,10471.0,130.5,-44.99388015045713,0.2052229046821594,0.5796921253204346
475737569.9247461,2318.0,220.78124999999997,38.68218745348943,0.1015940159559249,0.9313275814056396
475737569.9247461,5136.0,226.40624999999997,9.594068226860458,0.0710276886820793,0.547463595867157
475746569.9247461,11070.0,296.99999999999994,-52.80185378173064,0.0949922651052475,0.5411810278892517
475747769.9247461,10588.0,125.68965517241378,-46.5718474134496,0.2370276004076004,0.5538653135299683
475747769.9247461,10589.0,128.79310344827587,-46.5718474134496,0.122182972729206,0.996901273727417
475747769.9247461,10590.0,131.89655172413794,-46.5718474134496,0.8215706944465637,0.7958529591560364
475752569.9247461,4067.0,99.84375,19.47122063449069,0.0742574781179428,0.9660507440567017
475753169.9247461,4066.0,97.03125,19.47122063449069,0.3222458064556122,0.6919243931770325
475755569.9247461,8484.0,282.65625,-22.02431283704216,0.1671929508447647,0.7491623759269714
475763969.9247461,3933.0,81.56249999999999,20.742379954487134,0.0719406753778457,0.8083716034889221
475765769.9247461,5632.0,181.40624999999997,4.780191847199163,0.2667153477668762,0.8212581276893616
475774169.9247461,2247.0,21.093749999999996,38.68218745348943,0.0664894133806228,0.5154777765274048
475774769.9247461,4067.0,99.84375,19.47122063449069,0.1313620656728744,0.5730277895927429
475775969.9247461,4597.0,150.46875,14.477512185929925,0.0562673285603523,0.8643903732299805
475779569.9247461,4920.0,338.90625,12.024699180565818,0.6461803913116455,0.5074799656867981
475780169.9247461,4920.0,338.90625,12.024699180565818,0.2978115081787109,0.8511982560157776
475781969.9247461,11433.0,297.85714285714283,-58.91977535280316,0.6972588300704956,0.5927794575691223
475795169.9247461,2221.0,306.56249999999994,40.228184728061095,0.1197900548577308,0.6089128851890564
475796369.9247461,1421.0,58.333333333333336,49.702390326630685,0.4870653748512268,0.5854035019874573
475801769.9247461,11426.0,267.85714285714283,-58.91977535280316,0.1160415709018707,0.5346313118934631
475801769.9247461,11507.0,267.75,-60.4344388449523,0.0854709222912788,0.5316044092178345
475808969.9247461,1773.0,100.5,44.99388015045713,0.0977714359760284,0.6877169609069824
475810769.9247461,4323.0,99.84375,16.957763300004146,0.1422492116689682,0.7751035094261169
475811369.9247461,4323.0,99.84375,16.957763300004146,0.1220992729067802,0.9592613577842712
475813169.9247461,2602.0,299.53125,35.68533471265206,0.7434635162353516,0.569378674030304
475813769.9247461,8741.0,285.46875,-24.62431835216408,0.4232169091701507,0.7036929130554199
475813769.9247461,9511.0,291.09375,-32.79716829582364,0.1685596853494644,0.6470527648925781
475821569.9247461,4061.0,82.96875,19.47122063449069,0.3327748477458954,0.8280441164970398
475831769.9247461,1326.0,91.73076923076924,51.25580694880489,0.05877535790205,0.8856939077377319
475831769.9247461,8149.0,60.46875,-19.47122063449069,0.0801144838333129,0.5208696722984314
475834769.9247461,8999.0,291.09375,-27.27961273597809,0.0732908174395561,0.7644834518432617
475835369.9247461,8872.0,292.5,-25.944479772370016,0.0836689099669456,0.7393224239349365
475835369.9247461,8999.0,291.09375,-27.27961273597809,0.1304550170898437,0.5126529932022095
475835969.9247461,11909.0,266.78571428571433,-69.4225464945822,0.4545458853244781,0.6537958979606628
475836569.9247461,4410.0,344.53125,16.957763300004146,0.0589825920760631,0.5333241820335388
475836569.9247461,11909.0,266.78571428571433,-69.4225464945822,0.8895576000213623,0.916740357875824
475840169.9247461,10631.0,259.13793103448273,-46.5718474134496,0.3976010680198669,0.7332895398139954
475843169.9247461,3678.0,84.37499999999999,23.31795706533424,0.072065956890583,0.6450953483581543
475843769.9247461,4061.0,82.96875,19.47122063449069,0.9542757868766784,0.6302374601364136
475844369.9247461,3556.0,102.65625,24.62431835216408,0.0508289523422718,0.8939599394798279
475846169.9247461,1431.0,91.66666666666669,49.702390326630685,0.3697693347930908,0.5513923168182373
475853369.9247461,884.0,190.7142857142857,58.91977535280315,0.0642523914575576,0.7615824937820435
475855169.9247461,6366.0,85.78124999999999,-2.388015463268772,0.1507381945848465,0.6188064217567444
475855769.9247461,700.0,78.15789473684211,61.9438370231567,0.0956874191761016,0.5056207180023193
475855769.9247461,4322.0,97.03125,16.957763300004146,0.0894949287176132,0.6770257353782654
475858769.9247461,7964.0,260.15625,-16.957763300004146,0.0785372033715248,0.6756728291511536
475859369.9247461,7085.0,306.56249999999994,-8.385538647081319,0.0583029948174953,0.7959092259407043
475859969.9247461,10589.0,128.79310344827587,-46.5718474134496,0.0507722087204456,0.6858490109443665
475861769.9247461,8808.0,112.5,-25.944479772370016,0.0576389394700527,0.7651337385177612
475861769.9247461,11659.0,277.5,-63.448283680301046,0.0868704244494438,0.6434516310691833
475862969.9247461,9734.0,198.28124999999997,-35.68533471265205,0.2456505894660949,0.5020086169242859
475868369.9247461,5636.0,192.65624999999997,4.780191847199163,0.065206155180931,0.5111760497093201
475870769.9247461,7843.0,278.4375,-15.713861048008226,0.0843647792935371,0.5520856380462646
475879769.9247461,1377.0,268.2692307692308,51.25580694880489,0.1829617172479629,0.6575337648391724
475880369.9247461,1377.0,268.2692307692308,51.25580694880489,0.072460226714611,0.7991244792938232
475885169.9247461,10470.0,127.5,-44.99388015045713,0.0642517581582069,0.7793330550193787
475904369.9247461,10630.0,256.0344827586207,-46.5718474134496,0.3340393006801605,0.6553776860237122
475904969.9247461,4920.0,338.90625,12.024699180565818,0.110655553638935,0.9390669465065002
475904969.9247461,5048.0,337.49999999999994,10.806922874860348,0.1914989352226257,0.9944571256637573
475904969.9247461,5049.0,340.3125,10.806922874860348,0.1056359261274337,0.9909551739692688
475905569.9247461,5049.0,340.3125,10.806922874860348,0.096485860645771,0.9628105163574219
475909169.9247461,1058.0,181.9565217391304,55.873350435251986,0.2265348881483078,0.5721303820610046
475915769.9247461,5048.0,337.49999999999994,10.806922874860348,0.0638328939676284,0.9210605025291443
475916369.9247461,4919.0,336.09375,12.024699180565818,0.1270537972450256,0.6176918745040894
475916369.9247461,4920.0,338.90625,12.024699180565818,0.1060132086277008,0.5247109532356262
475916369.9247461,5048.0,337.49999999999994,10.806922874860348,0.3283396065235138,0.9483667016029358
475916969.9247461,4792.0,337.49999999999994,13.248014905676952,0.131440669298172,0.5472724437713623
475923569.9247461,929.0,22.499999999999996,57.39952353962294,0.2149223983287811,0.7094101309776306
475924169.9247461,3677.0,81.56249999999999,23.31795706533424,0.3588318228721618,0.6667397618293762
475927769.9247461,8624.0,315.0,-23.31795706533424,0.109354667365551,0.7252886295318604
475927769.9247461,11346.0,288.40909090909093,-57.39952353962295,0.1815558820962906,0.7771250605583191
475928369.9247461,11346.0,288.40909090909093,-57.39952353962295,0.4096813797950744,0.748075008392334
475928969.9247461,11257.0,287.60869565217394,-55.87335043525201,0.1220938265323638,0.6134690642356873
475934369.9247461,4064.0,91.40625,19.47122063449069,0.1688431054353714,0.5743269324302673
475938569.9247461,3236.0,281.24999999999994,28.630989836924343,0.0805446729063987,0.6275578141212463
475939169.9247461,10164.0,326.24999999999994,-40.22818472806108,0.0708914026618003,0.8221726417541504
475939769.9247461,9899.0,300.9375,-37.168899655999454,0.0884723886847496,0.5782450437545776
475942169.9247461,10588.0,125.68965517241378,-46.5718474134496,0.1364805698394775,0.7588416934013367
475945169.9247461,2902.0,61.87499999999999,31.38816646434855,0.092235617339611,0.6909972429275513
475945169.9247461,4410.0,344.53125,16.957763300004146,0.0522795245051384,0.7025219798088074
475946369.9247461,859.0,83.57142857142857,58.91977535280315,0.0500659085810184,0.5803453922271729
475946369.9247461,3939.0,98.4375,20.742379954487134,0.1940168738365173,0.5586410760879517
475946369.9247461,4323.0,99.84375,16.957763300004146,0.5706153512001038,0.5874612331390381
475946369.9247461,4958.0,84.37499999999999,10.806922874860348,0.112138457596302,0.5759440660476685
475946969.9247461,4322.0,97.03125,16.957763300004146,0.1215334460139274,0.8384255766868591
475946969.9247461,4323.0,99.84375,16.957763300004146,0.3311878144741058,0.9603903293609619
475946969.9247461,4564.0,57.656249999999986,14.477512185929925,0.1435857862234115,0.9744145274162292
475946969.9247461,4842.0,119.53125,12.024699180565818,0.0514338985085487,0.5968828797340393
475947569.9247461,4323.0,99.84375,16.957763300004146,0.1638552546501159,0.6117472648620605
475950569.9247461,5920.0,271.40624999999994,2.388015463268772,0.062348585575819,0.771196186542511
475952369.9247461,11790.0,261.5625,-66.44353569089876,0.5229203104972839,0.8231464624404907
475952969.9247461,11656.0,262.5,-63.448283680301046,0.0751394927501678,0.6566287875175476
475958969.9247461,3933.0,81.56249999999999,20.742379954487134,0.1343579590320587,0.6916177868843079
475965569.9247461,7309.0,216.56249999999997,-10.806922874860348,0.0634036287665367,0.7458630204200745
475965569.9247461,7437.0,217.96874999999991,-12.024699180565818,0.1049511358141899,0.7868368029594421
475967969.9247461,1030.0,72.3913043478261,55.873350435251986,0.1546448469161987,0.5061430335044861
475970969.9247461,2142.0,84.37499999999999,40.228184728061095,0.0610911026597023,0.6443038582801819
475971569.9247461,496.0,92.8125,66.44353569089877,0.140872985124588,0.665987491607666
475972769.9247461,5667.0,279.84375,4.780191847199163,0.0658587217330932,0.8404126763343811
475972769.9247461,9118.0,264.375,-28.630989836924357,0.1495509445667266,0.8317301273345947
475972769.9247461,10150.0,286.87499999999994,-40.22818472806108,0.0630615800619125,0.6151505708694458
475973369.9247461,5540.0,281.24999999999994,5.979156796301311,0.0574880354106426,0.7591731548309326
475973369.9247461,5796.0,281.24999999999994,3.583321698471977,0.1187218949198722,0.6627194881439209
475973969.9247461,6831.0,312.18749999999994,-5.979156796301311,0.0507938377559185,0.618668794631958
475987169.9247461,11554.0,125.52631578947368,-61.94383702315673,0.0539461560547351,0.6260017156600952
475991369.9247461,4946.0,50.62499999999999,10.806922874860348,0.0570111125707626,0.7756582498550415
475991969.9247461,4946.0,50.62499999999999,10.806922874860348,0.0628678351640701,0.8368953466415405
475995569.9247461,6803.0,233.43750000000003,-5.979156796301311,0.2577701210975647,0.8463418483734131
475998569.9247461,10347.0,126.29032258064515,-43.40685848593699,0.7610048055648804,0.9989516735076904
476003369.9247461,768.0,38.25,60.43443884495228,0.1128030866384506,0.5467044711112976
476003369.9247461,4061.0,82.96875,19.47122063449069,0.7102724313735962,0.8271633982658386
476003969.9247461,4061.0,82.96875,19.47122063449069,0.3487495481967926,0.6423158049583435
476006369.9247461,5918.0,265.78124999999994,2.388015463268772,0.0946335271000862,0.6235110759735107
476006969.9247461,5918.0,265.78124999999994,2.388015463268772,0.1091321110725402,0.7864795327186584
476006969.9247461,9118.0,264.375,-28.630989836924357,0.2147966027259826,0.7702813148498535
476008769.9247461,11248.0,252.3913043478261,-55.87335043525198,0.0881836041808128,0.5808877348899841
476014769.9247461,5336.0,68.90625,7.180755781458288,0.0626580119132995,0.8900571465492249
476018969.9247461,10869.0,311.6666666666667,-49.702390326630706,0.1316163837909698,0.5057196617126465
476026769.9247461,5347.0,99.84375,7.180755781458288,0.0607795789837837,0.6772655248641968
476031569.9247461,11156.0,256.875,-54.340912303861245,0.1191819757223129,0.7159023880958557
476039369.9247461,3804.0,80.15625,22.02431283704216,0.1117736399173736,0.5802058577537537
476039369.9247461,3933.0,81.56249999999999,20.742379954487134,0.0501752644777298,0.5152161121368408
476039369.9247461,4061.0,82.96875,19.47122063449069,0.4915580451488495,0.5930488109588623
476047169.9247461,4410.0,344.53125,16.957763300004146,0.1498104482889175,0.8899455666542053
476047769.9247461,700.0,78.15789473684211,61.9438370231567,0.0590398721396923,0.700873613357544
476047769.9247461,4410.0,344.53125,16.957763300004146,0.1766263246536255,0.9758898019790649
476047769.9247461,4538.0,343.12499999999994,15.713861048008212,0.2435463219881057,0.9487377405166626
476047769.9247461,4539.0,345.9375,15.713861048008212,0.2736040651798248,0.9991804957389832
476048369.9247461,936.0,51.13636363636364,57.39952353962294,0.074695311486721,0.6062226295471191
476048369.9247461,1024.0,48.91304347826088,55.873350435251986,0.2218528389930725,0.8015619516372681
476051369.9247461,5104.0,136.40625,9.594068226860458,0.1069214269518852,0.7760343551635742
476057969.9247461,6684.0,260.15625,-4.780191847199163,0.0876807570457458,0.7826265096664429
476058569.9247461,4537.0,340.3125,15.713861048008212,0.1012153252959251,0.9592655301094055
476059169.9247461,4410.0,344.53125,16.957763300004146,0.0594866722822189,0.8077617883682251
476059169.9247461,4537.0,340.3125,15.713861048008212,0.0805049091577529,0.9979922771453857
476059169.9247461,4538.0,343.12499999999994,15.713861048008212,0.1174546554684639,0.6129016876220703
476063969.9247461,6431.0,268.59375,-2.388015463268772,0.1476970911026001,0.7041085362434387
476064569.9247461,2476.0,303.75,37.16889965599945,0.6772423386573792,0.5056388974189758
476069369.9247461,946.0,92.04545454545456,57.39952353962294,0.1045097187161445,0.5362401008605957
476069969.9247461,946.0,92.04545454545456,57.39952353962294,0.1466212123632431,0.8796932697296143
476069969.9247461,947.0,96.13636363636364,57.39952353962294,0.2094645947217941,0.5267519950866699
476083769.9247461,4067.0,99.84375,19.47122063449069,0.0591411106288433,0.6268163919448853
476083769.9247461,4322.0,97.03125,16.957763300004146,0.1469341814517974,0.5242189764976501
476084369.9247461,4451.0,98.4375,15.713861048008212,0.9978229999542236,0.523655116558075
476089769.9247461,12150.0,73.125,-78.28414760510762,0.0594986826181411,0.6937605142593384
476092169.9247461,5407.0,268.59375,7.180755781458288,0.8611778616905212,0.6352192759513855
476096369.9247461,4066.0,97.03125,19.47122063449069,0.2744423151016235,0.9313958883285522
476096369.9247461,4067.0,99.84375,19.47122063449069,0.1149365454912185,0.769608199596405
476098769.9247461,5922.0,277.03124999999994,2.388015463268772,0.2023586481809616,0.6096898317337036
476105969.9247461,3805.0,82.96875,22.02431283704216,0.0526901707053184,0.8722106218338013
476105969.9247461,4430.0,39.375,15.713861048008212,0.0729866921901702,0.7869372367858887
476106569.9247461,3805.0,82.96875,22.02431283704216,0.0816634893417358,0.9205900430679321
476107169.9247461,3678.0,84.37499999999999,23.31795706533424,0.0729132294654846,0.7824254035949707
476107169.9247461,3805.0,82.96875,22.02431283704216,0.0501761808991432,0.8330451250076294
476107169.9247461,3806.0,85.78124999999999,22.02431283704216,0.1396728456020355,0.583025336265564
476113769.9247461,9509.0,285.46875,-32.79716829582364,0.0743987113237381,0.6121969819068909
476114369.9247461,9509.0,285.46875,-32.79716829582364,0.1463764309883117,0.7642204761505127
476114969.9247461,9509.0,285.46875,-32.79716829582364,0.0790301635861396,0.6085382699966431
476115569.9247461,8480.0,271.40624999999994,-22.02431283704216,0.1998959332704544,0.682420551776886
476117369.9247461,4300.0,35.15624999999999,16.957763300004146,0.077257327735424,0.6041541695594788
476119169.9247461,3163.0,75.9375,28.630989836924343,0.05771379545331,0.5540651082992554
476121569.9247461,10641.0,290.1724137931035,-46.5718474134496,0.0710312947630882,0.529908299446106
476125169.9247461,10589.0,128.79310344827587,-46.5718474134496,0.2082788199186325,0.5719995498657227
476130569.9247461,4067.0,99.84375,19.47122063449069,0.0585608519613742,0.5535640716552734
476130569.9247461,4322.0,97.03125,16.957763300004146,0.119881197810173,0.6791303157806396
476147969.9247461,10221.0,127.96874999999996,-41.81031489577862,0.2782648205757141,0.6091850399971008
476148569.9247461,10221.0,127.96874999999996,-41.81031489577862,0.1029591187834739,0.9058520793914795
476149169.9247461,6436.0,282.65625,-2.388015463268772,0.7236089706420898,0.5962134599685669
476150369.9247461,4792.0,337.49999999999994,13.248014905676952,0.0780033096671104,0.5015904903411865
476155769.9247461,6050.0,275.625,1.1937484371410818,0.3040782213211059,0.8091713190078735
476161769.9247461,4283.0,345.9375,18.209956864283,0.0660971626639366,0.6535988450050354
476167169.9247461,7831.0,244.68749999999997,-15.713861048008212,0.0595437474548816,0.5875456929206848
476167169.9247461,7832.0,247.49999999999997,-15.713861048008212,0.1287514120340347,0.540535569190979
476167169.9247461,8973.0,217.96874999999997,-27.27961273597809,0.1511522531509399,0.6787406206130981
476168969.9247461,9650.0,320.625,-34.22886632781257,0.0962066203355789,0.5581918954849243
476170769.9247461,9344.0,180.0,-31.388166464348544,0.1141474843025207,0.5203754901885986
476173169.9247461,944.0,83.86363636363636,57.39952353962294,0.1045185327529907,0.5052116513252258
476173769.9247461,5072.0,46.40625,9.594068226860458,0.1004199162125587,0.6328166723251343
476180369.9247461,11343.0,276.1363636363636,-57.39952353962295,0.278562992811203,0.8318458199501038
476180369.9247461,11428.0,276.42857142857144,-58.91977535280316,0.0835695937275886,0.513596773147583
476182169.9247461,10222.0,130.78124999999997,-41.81031489577862,0.0510365292429924,0.6982271671295166
476182169.9247461,10347.0,126.29032258064515,-43.40685848593699,0.805067777633667,0.8724144101142883
476182169.9247461,10470.0,127.5,-44.99388015045713,0.1219144687056541,0.5738850831985474
476182769.9247461,10470.0,127.5,-44.99388015045713,0.0506921336054801,0.6144151091575623
476182769.9247461,10589.0,128.79310344827587,-46.5718474134496,0.6515853404998779,0.9801729321479797
476185769.9247461,3173.0,104.0625,28.630989836924343,0.0508222617208957,0.5642643570899963
476189369.9247461,614.0,12.5,63.44828368030106,0.0620121583342552,0.529735803604126
476189969.9247461,7841.0,272.8125,-15.713861048008212,0.2553122341632843,0.8001070022583008
476196569.9247461,3249.0,317.81249999999994,28.630989836924343,0.4706532955169678,0.8229826092720032
476197769.9247461,3805.0,82.96875,22.02431283704216,0.1918022185564041,0.569323718547821
476201369.9247461,8356.0,281.24999999999994,-20.742379954487134,0.1419081687927246,0.7486749887466431
476201369.9247461,8483.0,279.84375,-22.02431283704216,0.2804046273231506,0.5249915719032288
476201969.9247461,5554.0,320.625,5.979156796301311,0.0530214309692382,0.9106969237327576
476203169.9247461,11557.0,139.73684210526315,-61.94383702315673,0.0593468509614467,0.6200781464576721
476206169.9247461,9628.0,258.75,-34.22886632781257,0.0795993953943252,0.8721792697906494
476210369.9247461,4067.0,99.84375,19.47122063449069,0.0639186725020408,0.7596574425697327
476216969.9247461,9623.0,244.68749999999997,-34.2288663278126,0.1285537481307983,0.5789656043052673
476216969.9247461,11338.0,255.68181818181816,-57.39952353962295,0.2811136245727539,0.5984965562820435
476224769.9247461,10386.0,239.51612903225805,-43.40685848593699,0.1132550090551376,0.5414453744888306
476231369.9247461,4665.0,341.71874999999994,14.47751218592994,0.0879349336028099,0.5837652683258057
476234969.9247461,3981.0,216.56249999999997,20.742379954487134,0.062277901917696,0.6799401640892029
